Layer,M,N,K,
panel_0,1,64,4,
panel_1,1,128,4,
panel_2,1,64,8,
panel_3,1,128,8,
panel_4,1,64,16,
panel_5,1,128,16,
panel_6,1,64,32,
panel_7,1,128,32,
panel_8,1,64,64,
panel_9,1,128,64,
panel_10,1,128,128,
panel_11,2,64,4,
panel_12,2,128,4,
panel_13,2,64,8,
panel_14,2,128,8,
panel_15,2,64,16,
panel_16,2,128,16,
panel_17,2,64,32,
panel_18,2,128,32,
panel_19,2,64,64,
panel_20,2,128,64,
panel_21,2,128,128,
panel_22,3,64,4,
panel_23,3,128,4,
panel_24,3,64,8,
panel_25,3,128,8,
panel_26,3,64,16,
panel_27,3,128,16,
panel_28,3,64,32,
panel_29,3,128,32,
panel_30,3,64,64,
panel_31,3,128,64,
panel_32,3,128,128,
panel_33,4,64,4,
panel_34,4,128,4,
panel_35,4,64,8,
panel_36,4,128,8,
panel_37,4,64,16,
panel_38,4,128,16,
panel_39,4,64,32,
panel_40,4,128,32,
panel_41,4,64,64,
panel_42,4,128,64,
panel_43,4,128,128,
panel_44,5,64,4,
panel_45,5,128,4,
panel_46,5,64,8,
panel_47,5,128,8,
panel_48,5,64,16,
panel_49,5,128,16,
panel_50,5,64,32,
panel_51,5,128,32,
panel_52,5,64,64,
panel_53,5,128,64,
panel_54,5,128,128,
panel_55,6,64,4,
panel_56,6,128,4,
panel_57,6,64,8,
panel_58,6,128,8,
panel_59,6,64,16,
panel_60,6,128,16,
panel_61,6,64,32,
panel_62,6,128,32,
panel_63,6,64,64,
panel_64,6,128,64,
panel_65,6,128,128,
panel_66,7,64,4,
panel_67,7,128,4,
panel_68,7,64,8,
panel_69,7,128,8,
panel_70,7,64,16,
panel_71,7,128,16,
panel_72,7,64,32,
panel_73,7,128,32,
panel_74,7,64,64,
panel_75,7,128,64,
panel_76,7,128,128,
panel_77,8,64,4,
panel_78,8,128,4,
panel_79,8,64,8,
panel_80,8,128,8,
panel_81,8,64,16,
panel_82,8,128,16,
panel_83,8,64,32,
panel_84,8,128,32,
panel_85,8,64,64,
panel_86,8,128,64,
panel_87,8,128,128,
panel_88,9,64,4,
panel_89,9,128,4,
panel_90,9,64,8,
panel_91,9,128,8,
panel_92,9,64,16,
panel_93,9,128,16,
panel_94,9,64,32,
panel_95,9,128,32,
panel_96,9,64,64,
panel_97,9,128,64,
panel_98,9,128,128,
panel_99,10,64,4,
panel_100,10,128,4,
panel_101,10,64,8,
panel_102,10,128,8,
panel_103,10,64,16,
panel_104,10,128,16,
panel_105,10,64,32,
panel_106,10,128,32,
panel_107,10,64,64,
panel_108,10,128,64,
panel_109,10,128,128,
panel_110,11,64,4,
panel_111,11,128,4,
panel_112,11,64,8,
panel_113,11,128,8,
panel_114,11,64,16,
panel_115,11,128,16,
panel_116,11,64,32,
panel_117,11,128,32,
panel_118,11,64,64,
panel_119,11,128,64,
panel_120,11,128,128,
panel_121,12,64,4,
panel_122,12,128,4,
panel_123,12,64,8,
panel_124,12,128,8,
panel_125,12,64,16,
panel_126,12,128,16,
panel_127,12,64,32,
panel_128,12,128,32,
panel_129,12,64,64,
panel_130,12,128,64,
panel_131,12,128,128,
panel_132,13,64,4,
panel_133,13,128,4,
panel_134,13,64,8,
panel_135,13,128,8,
panel_136,13,64,16,
panel_137,13,128,16,
panel_138,13,64,32,
panel_139,13,128,32,
panel_140,13,64,64,
panel_141,13,128,64,
panel_142,13,128,128,
panel_143,14,64,4,
panel_144,14,128,4,
panel_145,14,64,8,
panel_146,14,128,8,
panel_147,14,64,16,
panel_148,14,128,16,
panel_149,14,64,32,
panel_150,14,128,32,
panel_151,14,64,64,
panel_152,14,128,64,
panel_153,14,128,128,
panel_154,15,64,4,
panel_155,15,128,4,
panel_156,15,64,8,
panel_157,15,128,8,
panel_158,15,64,16,
panel_159,15,128,16,
panel_160,15,64,32,
panel_161,15,128,32,
panel_162,15,64,64,
panel_163,15,128,64,
panel_164,15,128,128,
panel_165,16,64,4,
panel_166,16,128,4,
panel_167,16,64,8,
panel_168,16,128,8,
panel_169,16,64,16,
panel_170,16,128,16,
panel_171,16,64,32,
panel_172,16,128,32,
panel_173,16,64,64,
panel_174,16,128,64,
panel_175,16,128,128,
panel_176,17,64,4,
panel_177,17,128,4,
panel_178,17,64,8,
panel_179,17,128,8,
panel_180,17,64,16,
panel_181,17,128,16,
panel_182,17,64,32,
panel_183,17,128,32,
panel_184,17,64,64,
panel_185,17,128,64,
panel_186,17,128,128,
panel_187,18,64,4,
panel_188,18,128,4,
panel_189,18,64,8,
panel_190,18,128,8,
panel_191,18,64,16,
panel_192,18,128,16,
panel_193,18,64,32,
panel_194,18,128,32,
panel_195,18,64,64,
panel_196,18,128,64,
panel_197,18,128,128,
panel_198,19,64,4,
panel_199,19,128,4,
panel_200,19,64,8,
panel_201,19,128,8,
panel_202,19,64,16,
panel_203,19,128,16,
panel_204,19,64,32,
panel_205,19,128,32,
panel_206,19,64,64,
panel_207,19,128,64,
panel_208,19,128,128,
panel_209,20,64,4,
panel_210,20,128,4,
panel_211,20,64,8,
panel_212,20,128,8,
panel_213,20,64,16,
panel_214,20,128,16,
panel_215,20,64,32,
panel_216,20,128,32,
panel_217,20,64,64,
panel_218,20,128,64,
panel_219,20,128,128,
panel_220,21,64,4,
panel_221,21,128,4,
panel_222,21,64,8,
panel_223,21,128,8,
panel_224,21,64,16,
panel_225,21,128,16,
panel_226,21,64,32,
panel_227,21,128,32,
panel_228,21,64,64,
panel_229,21,128,64,
panel_230,21,128,128,
panel_231,22,64,4,
panel_232,22,128,4,
panel_233,22,64,8,
panel_234,22,128,8,
panel_235,22,64,16,
panel_236,22,128,16,
panel_237,22,64,32,
panel_238,22,128,32,
panel_239,22,64,64,
panel_240,22,128,64,
panel_241,22,128,128,
panel_242,23,64,4,
panel_243,23,128,4,
panel_244,23,64,8,
panel_245,23,128,8,
panel_246,23,64,16,
panel_247,23,128,16,
panel_248,23,64,32,
panel_249,23,128,32,
panel_250,23,64,64,
panel_251,23,128,64,
panel_252,23,128,128,
panel_253,24,64,4,
panel_254,24,128,4,
panel_255,24,64,8,
panel_256,24,128,8,
panel_257,24,64,16,
panel_258,24,128,16,
panel_259,24,64,32,
panel_260,24,128,32,
panel_261,24,64,64,
panel_262,24,128,64,
panel_263,24,128,128,
panel_264,25,64,4,
panel_265,25,128,4,
panel_266,25,64,8,
panel_267,25,128,8,
panel_268,25,64,16,
panel_269,25,128,16,
panel_270,25,64,32,
panel_271,25,128,32,
panel_272,25,64,64,
panel_273,25,128,64,
panel_274,25,128,128,
panel_275,26,64,4,
panel_276,26,128,4,
panel_277,26,64,8,
panel_278,26,128,8,
panel_279,26,64,16,
panel_280,26,128,16,
panel_281,26,64,32,
panel_282,26,128,32,
panel_283,26,64,64,
panel_284,26,128,64,
panel_285,26,128,128,
panel_286,27,64,4,
panel_287,27,128,4,
panel_288,27,64,8,
panel_289,27,128,8,
panel_290,27,64,16,
panel_291,27,128,16,
panel_292,27,64,32,
panel_293,27,128,32,
panel_294,27,64,64,
panel_295,27,128,64,
panel_296,27,128,128,
panel_297,28,64,4,
panel_298,28,128,4,
panel_299,28,64,8,
panel_300,28,128,8,
panel_301,28,64,16,
panel_302,28,128,16,
panel_303,28,64,32,
panel_304,28,128,32,
panel_305,28,64,64,
panel_306,28,128,64,
panel_307,28,128,128,
panel_308,29,64,4,
panel_309,29,128,4,
panel_310,29,64,8,
panel_311,29,128,8,
panel_312,29,64,16,
panel_313,29,128,16,
panel_314,29,64,32,
panel_315,29,128,32,
panel_316,29,64,64,
panel_317,29,128,64,
panel_318,29,128,128,
panel_319,30,64,4,
panel_320,30,128,4,
panel_321,30,64,8,
panel_322,30,128,8,
panel_323,30,64,16,
panel_324,30,128,16,
panel_325,30,64,32,
panel_326,30,128,32,
panel_327,30,64,64,
panel_328,30,128,64,
panel_329,30,128,128,
panel_330,31,64,4,
panel_331,31,128,4,
panel_332,31,64,8,
panel_333,31,128,8,
panel_334,31,64,16,
panel_335,31,128,16,
panel_336,31,64,32,
panel_337,31,128,32,
panel_338,31,64,64,
panel_339,31,128,64,
panel_340,31,128,128,
panel_341,32,64,4,
panel_342,32,128,4,
panel_343,32,64,8,
panel_344,32,128,8,
panel_345,32,64,16,
panel_346,32,128,16,
panel_347,32,64,32,
panel_348,32,128,32,
panel_349,32,64,64,
panel_350,32,128,64,
panel_351,32,128,128,
panel_352,33,64,4,
panel_353,33,128,4,
panel_354,33,64,8,
panel_355,33,128,8,
panel_356,33,64,16,
panel_357,33,128,16,
panel_358,33,64,32,
panel_359,33,128,32,
panel_360,33,64,64,
panel_361,33,128,64,
panel_362,33,128,128,
panel_363,34,64,4,
panel_364,34,128,4,
panel_365,34,64,8,
panel_366,34,128,8,
panel_367,34,64,16,
panel_368,34,128,16,
panel_369,34,64,32,
panel_370,34,128,32,
panel_371,34,64,64,
panel_372,34,128,64,
panel_373,34,128,128,
panel_374,35,64,4,
panel_375,35,128,4,
panel_376,35,64,8,
panel_377,35,128,8,
panel_378,35,64,16,
panel_379,35,128,16,
panel_380,35,64,32,
panel_381,35,128,32,
panel_382,35,64,64,
panel_383,35,128,64,
panel_384,35,128,128,
panel_385,36,64,4,
panel_386,36,128,4,
panel_387,36,64,8,
panel_388,36,128,8,
panel_389,36,64,16,
panel_390,36,128,16,
panel_391,36,64,32,
panel_392,36,128,32,
panel_393,36,64,64,
panel_394,36,128,64,
panel_395,36,128,128,
panel_396,37,64,4,
panel_397,37,128,4,
panel_398,37,64,8,
panel_399,37,128,8,
panel_400,37,64,16,
panel_401,37,128,16,
panel_402,37,64,32,
panel_403,37,128,32,
panel_404,37,64,64,
panel_405,37,128,64,
panel_406,37,128,128,
panel_407,38,64,4,
panel_408,38,128,4,
panel_409,38,64,8,
panel_410,38,128,8,
panel_411,38,64,16,
panel_412,38,128,16,
panel_413,38,64,32,
panel_414,38,128,32,
panel_415,38,64,64,
panel_416,38,128,64,
panel_417,38,128,128,
panel_418,39,64,4,
panel_419,39,128,4,
panel_420,39,64,8,
panel_421,39,128,8,
panel_422,39,64,16,
panel_423,39,128,16,
panel_424,39,64,32,
panel_425,39,128,32,
panel_426,39,64,64,
panel_427,39,128,64,
panel_428,39,128,128,
panel_429,40,64,4,
panel_430,40,128,4,
panel_431,40,64,8,
panel_432,40,128,8,
panel_433,40,64,16,
panel_434,40,128,16,
panel_435,40,64,32,
panel_436,40,128,32,
panel_437,40,64,64,
panel_438,40,128,64,
panel_439,40,128,128,
panel_440,41,64,4,
panel_441,41,128,4,
panel_442,41,64,8,
panel_443,41,128,8,
panel_444,41,64,16,
panel_445,41,128,16,
panel_446,41,64,32,
panel_447,41,128,32,
panel_448,41,64,64,
panel_449,41,128,64,
panel_450,41,128,128,
panel_451,42,64,4,
panel_452,42,128,4,
panel_453,42,64,8,
panel_454,42,128,8,
panel_455,42,64,16,
panel_456,42,128,16,
panel_457,42,64,32,
panel_458,42,128,32,
panel_459,42,64,64,
panel_460,42,128,64,
panel_461,42,128,128,
panel_462,43,64,4,
panel_463,43,128,4,
panel_464,43,64,8,
panel_465,43,128,8,
panel_466,43,64,16,
panel_467,43,128,16,
panel_468,43,64,32,
panel_469,43,128,32,
panel_470,43,64,64,
panel_471,43,128,64,
panel_472,43,128,128,
panel_473,44,64,4,
panel_474,44,128,4,
panel_475,44,64,8,
panel_476,44,128,8,
panel_477,44,64,16,
panel_478,44,128,16,
panel_479,44,64,32,
panel_480,44,128,32,
panel_481,44,64,64,
panel_482,44,128,64,
panel_483,44,128,128,
panel_484,45,64,4,
panel_485,45,128,4,
panel_486,45,64,8,
panel_487,45,128,8,
panel_488,45,64,16,
panel_489,45,128,16,
panel_490,45,64,32,
panel_491,45,128,32,
panel_492,45,64,64,
panel_493,45,128,64,
panel_494,45,128,128,
panel_495,46,64,4,
panel_496,46,128,4,
panel_497,46,64,8,
panel_498,46,128,8,
panel_499,46,64,16,
panel_500,46,128,16,
panel_501,46,64,32,
panel_502,46,128,32,
panel_503,46,64,64,
panel_504,46,128,64,
panel_505,46,128,128,
panel_506,47,64,4,
panel_507,47,128,4,
panel_508,47,64,8,
panel_509,47,128,8,
panel_510,47,64,16,
panel_511,47,128,16,
panel_512,47,64,32,
panel_513,47,128,32,
panel_514,47,64,64,
panel_515,47,128,64,
panel_516,47,128,128,
panel_517,48,64,4,
panel_518,48,128,4,
panel_519,48,64,8,
panel_520,48,128,8,
panel_521,48,64,16,
panel_522,48,128,16,
panel_523,48,64,32,
panel_524,48,128,32,
panel_525,48,64,64,
panel_526,48,128,64,
panel_527,48,128,128,
panel_528,49,64,4,
panel_529,49,128,4,
panel_530,49,64,8,
panel_531,49,128,8,
panel_532,49,64,16,
panel_533,49,128,16,
panel_534,49,64,32,
panel_535,49,128,32,
panel_536,49,64,64,
panel_537,49,128,64,
panel_538,49,128,128,
panel_539,50,64,4,
panel_540,50,128,4,
panel_541,50,64,8,
panel_542,50,128,8,
panel_543,50,64,16,
panel_544,50,128,16,
panel_545,50,64,32,
panel_546,50,128,32,
panel_547,50,64,64,
panel_548,50,128,64,
panel_549,50,128,128,
panel_550,51,64,4,
panel_551,51,128,4,
panel_552,51,64,8,
panel_553,51,128,8,
panel_554,51,64,16,
panel_555,51,128,16,
panel_556,51,64,32,
panel_557,51,128,32,
panel_558,51,64,64,
panel_559,51,128,64,
panel_560,51,128,128,
panel_561,52,64,4,
panel_562,52,128,4,
panel_563,52,64,8,
panel_564,52,128,8,
panel_565,52,64,16,
panel_566,52,128,16,
panel_567,52,64,32,
panel_568,52,128,32,
panel_569,52,64,64,
panel_570,52,128,64,
panel_571,52,128,128,
panel_572,53,64,4,
panel_573,53,128,4,
panel_574,53,64,8,
panel_575,53,128,8,
panel_576,53,64,16,
panel_577,53,128,16,
panel_578,53,64,32,
panel_579,53,128,32,
panel_580,53,64,64,
panel_581,53,128,64,
panel_582,53,128,128,
panel_583,54,64,4,
panel_584,54,128,4,
panel_585,54,64,8,
panel_586,54,128,8,
panel_587,54,64,16,
panel_588,54,128,16,
panel_589,54,64,32,
panel_590,54,128,32,
panel_591,54,64,64,
panel_592,54,128,64,
panel_593,54,128,128,
panel_594,55,64,4,
panel_595,55,128,4,
panel_596,55,64,8,
panel_597,55,128,8,
panel_598,55,64,16,
panel_599,55,128,16,
panel_600,55,64,32,
panel_601,55,128,32,
panel_602,55,64,64,
panel_603,55,128,64,
panel_604,55,128,128,
panel_605,56,64,4,
panel_606,56,128,4,
panel_607,56,64,8,
panel_608,56,128,8,
panel_609,56,64,16,
panel_610,56,128,16,
panel_611,56,64,32,
panel_612,56,128,32,
panel_613,56,64,64,
panel_614,56,128,64,
panel_615,56,128,128,
panel_616,57,64,4,
panel_617,57,128,4,
panel_618,57,64,8,
panel_619,57,128,8,
panel_620,57,64,16,
panel_621,57,128,16,
panel_622,57,64,32,
panel_623,57,128,32,
panel_624,57,64,64,
panel_625,57,128,64,
panel_626,57,128,128,
panel_627,58,64,4,
panel_628,58,128,4,
panel_629,58,64,8,
panel_630,58,128,8,
panel_631,58,64,16,
panel_632,58,128,16,
panel_633,58,64,32,
panel_634,58,128,32,
panel_635,58,64,64,
panel_636,58,128,64,
panel_637,58,128,128,
panel_638,59,64,4,
panel_639,59,128,4,
panel_640,59,64,8,
panel_641,59,128,8,
panel_642,59,64,16,
panel_643,59,128,16,
panel_644,59,64,32,
panel_645,59,128,32,
panel_646,59,64,64,
panel_647,59,128,64,
panel_648,59,128,128,
panel_649,60,64,4,
panel_650,60,128,4,
panel_651,60,64,8,
panel_652,60,128,8,
panel_653,60,64,16,
panel_654,60,128,16,
panel_655,60,64,32,
panel_656,60,128,32,
panel_657,60,64,64,
panel_658,60,128,64,
panel_659,60,128,128,
panel_660,61,64,4,
panel_661,61,128,4,
panel_662,61,64,8,
panel_663,61,128,8,
panel_664,61,64,16,
panel_665,61,128,16,
panel_666,61,64,32,
panel_667,61,128,32,
panel_668,61,64,64,
panel_669,61,128,64,
panel_670,61,128,128,
panel_671,62,64,4,
panel_672,62,128,4,
panel_673,62,64,8,
panel_674,62,128,8,
panel_675,62,64,16,
panel_676,62,128,16,
panel_677,62,64,32,
panel_678,62,128,32,
panel_679,62,64,64,
panel_680,62,128,64,
panel_681,62,128,128,
panel_682,63,64,4,
panel_683,63,128,4,
panel_684,63,64,8,
panel_685,63,128,8,
panel_686,63,64,16,
panel_687,63,128,16,
panel_688,63,64,32,
panel_689,63,128,32,
panel_690,63,64,64,
panel_691,63,128,64,
panel_692,63,128,128,
panel_693,64,64,4,
panel_694,64,128,4,
panel_695,64,64,8,
panel_696,64,128,8,
panel_697,64,64,16,
panel_698,64,128,16,
panel_699,64,64,32,
panel_700,64,128,32,
panel_701,64,64,64,
panel_702,64,128,64,
panel_703,64,128,128,
panel_704,65,64,4,
panel_705,65,128,4,
panel_706,65,64,8,
panel_707,65,128,8,
panel_708,65,64,16,
panel_709,65,128,16,
panel_710,65,64,32,
panel_711,65,128,32,
panel_712,65,64,64,
panel_713,65,128,64,
panel_714,65,128,128,
panel_715,66,64,4,
panel_716,66,128,4,
panel_717,66,64,8,
panel_718,66,128,8,
panel_719,66,64,16,
panel_720,66,128,16,
panel_721,66,64,32,
panel_722,66,128,32,
panel_723,66,64,64,
panel_724,66,128,64,
panel_725,66,128,128,
panel_726,67,64,4,
panel_727,67,128,4,
panel_728,67,64,8,
panel_729,67,128,8,
panel_730,67,64,16,
panel_731,67,128,16,
panel_732,67,64,32,
panel_733,67,128,32,
panel_734,67,64,64,
panel_735,67,128,64,
panel_736,67,128,128,
panel_737,68,64,4,
panel_738,68,128,4,
panel_739,68,64,8,
panel_740,68,128,8,
panel_741,68,64,16,
panel_742,68,128,16,
panel_743,68,64,32,
panel_744,68,128,32,
panel_745,68,64,64,
panel_746,68,128,64,
panel_747,68,128,128,
panel_748,69,64,4,
panel_749,69,128,4,
panel_750,69,64,8,
panel_751,69,128,8,
panel_752,69,64,16,
panel_753,69,128,16,
panel_754,69,64,32,
panel_755,69,128,32,
panel_756,69,64,64,
panel_757,69,128,64,
panel_758,69,128,128,
panel_759,70,64,4,
panel_760,70,128,4,
panel_761,70,64,8,
panel_762,70,128,8,
panel_763,70,64,16,
panel_764,70,128,16,
panel_765,70,64,32,
panel_766,70,128,32,
panel_767,70,64,64,
panel_768,70,128,64,
panel_769,70,128,128,
panel_770,71,64,4,
panel_771,71,128,4,
panel_772,71,64,8,
panel_773,71,128,8,
panel_774,71,64,16,
panel_775,71,128,16,
panel_776,71,64,32,
panel_777,71,128,32,
panel_778,71,64,64,
panel_779,71,128,64,
panel_780,71,128,128,
panel_781,72,64,4,
panel_782,72,128,4,
panel_783,72,64,8,
panel_784,72,128,8,
panel_785,72,64,16,
panel_786,72,128,16,
panel_787,72,64,32,
panel_788,72,128,32,
panel_789,72,64,64,
panel_790,72,128,64,
panel_791,72,128,128,
panel_792,73,64,4,
panel_793,73,128,4,
panel_794,73,64,8,
panel_795,73,128,8,
panel_796,73,64,16,
panel_797,73,128,16,
panel_798,73,64,32,
panel_799,73,128,32,
panel_800,73,64,64,
panel_801,73,128,64,
panel_802,73,128,128,
panel_803,74,64,4,
panel_804,74,128,4,
panel_805,74,64,8,
panel_806,74,128,8,
panel_807,74,64,16,
panel_808,74,128,16,
panel_809,74,64,32,
panel_810,74,128,32,
panel_811,74,64,64,
panel_812,74,128,64,
panel_813,74,128,128,
panel_814,75,64,4,
panel_815,75,128,4,
panel_816,75,64,8,
panel_817,75,128,8,
panel_818,75,64,16,
panel_819,75,128,16,
panel_820,75,64,32,
panel_821,75,128,32,
panel_822,75,64,64,
panel_823,75,128,64,
panel_824,75,128,128,
panel_825,76,64,4,
panel_826,76,128,4,
panel_827,76,64,8,
panel_828,76,128,8,
panel_829,76,64,16,
panel_830,76,128,16,
panel_831,76,64,32,
panel_832,76,128,32,
panel_833,76,64,64,
panel_834,76,128,64,
panel_835,76,128,128,
panel_836,77,64,4,
panel_837,77,128,4,
panel_838,77,64,8,
panel_839,77,128,8,
panel_840,77,64,16,
panel_841,77,128,16,
panel_842,77,64,32,
panel_843,77,128,32,
panel_844,77,64,64,
panel_845,77,128,64,
panel_846,77,128,128,
panel_847,78,64,4,
panel_848,78,128,4,
panel_849,78,64,8,
panel_850,78,128,8,
panel_851,78,64,16,
panel_852,78,128,16,
panel_853,78,64,32,
panel_854,78,128,32,
panel_855,78,64,64,
panel_856,78,128,64,
panel_857,78,128,128,
panel_858,79,64,4,
panel_859,79,128,4,
panel_860,79,64,8,
panel_861,79,128,8,
panel_862,79,64,16,
panel_863,79,128,16,
panel_864,79,64,32,
panel_865,79,128,32,
panel_866,79,64,64,
panel_867,79,128,64,
panel_868,79,128,128,
panel_869,80,64,4,
panel_870,80,128,4,
panel_871,80,64,8,
panel_872,80,128,8,
panel_873,80,64,16,
panel_874,80,128,16,
panel_875,80,64,32,
panel_876,80,128,32,
panel_877,80,64,64,
panel_878,80,128,64,
panel_879,80,128,128,
panel_880,81,64,4,
panel_881,81,128,4,
panel_882,81,64,8,
panel_883,81,128,8,
panel_884,81,64,16,
panel_885,81,128,16,
panel_886,81,64,32,
panel_887,81,128,32,
panel_888,81,64,64,
panel_889,81,128,64,
panel_890,81,128,128,
panel_891,82,64,4,
panel_892,82,128,4,
panel_893,82,64,8,
panel_894,82,128,8,
panel_895,82,64,16,
panel_896,82,128,16,
panel_897,82,64,32,
panel_898,82,128,32,
panel_899,82,64,64,
panel_900,82,128,64,
panel_901,82,128,128,
panel_902,83,64,4,
panel_903,83,128,4,
panel_904,83,64,8,
panel_905,83,128,8,
panel_906,83,64,16,
panel_907,83,128,16,
panel_908,83,64,32,
panel_909,83,128,32,
panel_910,83,64,64,
panel_911,83,128,64,
panel_912,83,128,128,
panel_913,84,64,4,
panel_914,84,128,4,
panel_915,84,64,8,
panel_916,84,128,8,
panel_917,84,64,16,
panel_918,84,128,16,
panel_919,84,64,32,
panel_920,84,128,32,
panel_921,84,64,64,
panel_922,84,128,64,
panel_923,84,128,128,
panel_924,85,64,4,
panel_925,85,128,4,
panel_926,85,64,8,
panel_927,85,128,8,
panel_928,85,64,16,
panel_929,85,128,16,
panel_930,85,64,32,
panel_931,85,128,32,
panel_932,85,64,64,
panel_933,85,128,64,
panel_934,85,128,128,
panel_935,86,64,4,
panel_936,86,128,4,
panel_937,86,64,8,
panel_938,86,128,8,
panel_939,86,64,16,
panel_940,86,128,16,
panel_941,86,64,32,
panel_942,86,128,32,
panel_943,86,64,64,
panel_944,86,128,64,
panel_945,86,128,128,
panel_946,87,64,4,
panel_947,87,128,4,
panel_948,87,64,8,
panel_949,87,128,8,
panel_950,87,64,16,
panel_951,87,128,16,
panel_952,87,64,32,
panel_953,87,128,32,
panel_954,87,64,64,
panel_955,87,128,64,
panel_956,87,128,128,
panel_957,88,64,4,
panel_958,88,128,4,
panel_959,88,64,8,
panel_960,88,128,8,
panel_961,88,64,16,
panel_962,88,128,16,
panel_963,88,64,32,
panel_964,88,128,32,
panel_965,88,64,64,
panel_966,88,128,64,
panel_967,88,128,128,
panel_968,89,64,4,
panel_969,89,128,4,
panel_970,89,64,8,
panel_971,89,128,8,
panel_972,89,64,16,
panel_973,89,128,16,
panel_974,89,64,32,
panel_975,89,128,32,
panel_976,89,64,64,
panel_977,89,128,64,
panel_978,89,128,128,
panel_979,90,64,4,
panel_980,90,128,4,
panel_981,90,64,8,
panel_982,90,128,8,
panel_983,90,64,16,
panel_984,90,128,16,
panel_985,90,64,32,
panel_986,90,128,32,
panel_987,90,64,64,
panel_988,90,128,64,
panel_989,90,128,128,
panel_990,91,64,4,
panel_991,91,128,4,
panel_992,91,64,8,
panel_993,91,128,8,
panel_994,91,64,16,
panel_995,91,128,16,
panel_996,91,64,32,
panel_997,91,128,32,
panel_998,91,64,64,
panel_999,91,128,64,
panel_1000,91,128,128,
panel_1001,92,64,4,
panel_1002,92,128,4,
panel_1003,92,64,8,
panel_1004,92,128,8,
panel_1005,92,64,16,
panel_1006,92,128,16,
panel_1007,92,64,32,
panel_1008,92,128,32,
panel_1009,92,64,64,
panel_1010,92,128,64,
panel_1011,92,128,128,
panel_1012,93,64,4,
panel_1013,93,128,4,
panel_1014,93,64,8,
panel_1015,93,128,8,
panel_1016,93,64,16,
panel_1017,93,128,16,
panel_1018,93,64,32,
panel_1019,93,128,32,
panel_1020,93,64,64,
panel_1021,93,128,64,
panel_1022,93,128,128,
panel_1023,94,64,4,
panel_1024,94,128,4,
panel_1025,94,64,8,
panel_1026,94,128,8,
panel_1027,94,64,16,
panel_1028,94,128,16,
panel_1029,94,64,32,
panel_1030,94,128,32,
panel_1031,94,64,64,
panel_1032,94,128,64,
panel_1033,94,128,128,
panel_1034,95,64,4,
panel_1035,95,128,4,
panel_1036,95,64,8,
panel_1037,95,128,8,
panel_1038,95,64,16,
panel_1039,95,128,16,
panel_1040,95,64,32,
panel_1041,95,128,32,
panel_1042,95,64,64,
panel_1043,95,128,64,
panel_1044,95,128,128,
panel_1045,96,64,4,
panel_1046,96,128,4,
panel_1047,96,64,8,
panel_1048,96,128,8,
panel_1049,96,64,16,
panel_1050,96,128,16,
panel_1051,96,64,32,
panel_1052,96,128,32,
panel_1053,96,64,64,
panel_1054,96,128,64,
panel_1055,96,128,128,
panel_1056,97,64,4,
panel_1057,97,128,4,
panel_1058,97,64,8,
panel_1059,97,128,8,
panel_1060,97,64,16,
panel_1061,97,128,16,
panel_1062,97,64,32,
panel_1063,97,128,32,
panel_1064,97,64,64,
panel_1065,97,128,64,
panel_1066,97,128,128,
panel_1067,98,64,4,
panel_1068,98,128,4,
panel_1069,98,64,8,
panel_1070,98,128,8,
panel_1071,98,64,16,
panel_1072,98,128,16,
panel_1073,98,64,32,
panel_1074,98,128,32,
panel_1075,98,64,64,
panel_1076,98,128,64,
panel_1077,98,128,128,
panel_1078,99,64,4,
panel_1079,99,128,4,
panel_1080,99,64,8,
panel_1081,99,128,8,
panel_1082,99,64,16,
panel_1083,99,128,16,
panel_1084,99,64,32,
panel_1085,99,128,32,
panel_1086,99,64,64,
panel_1087,99,128,64,
panel_1088,99,128,128,
panel_1089,100,64,4,
panel_1090,100,128,4,
panel_1091,100,64,8,
panel_1092,100,128,8,
panel_1093,100,64,16,
panel_1094,100,128,16,
panel_1095,100,64,32,
panel_1096,100,128,32,
panel_1097,100,64,64,
panel_1098,100,128,64,
panel_1099,100,128,128,
panel_1100,101,64,4,
panel_1101,101,128,4,
panel_1102,101,64,8,
panel_1103,101,128,8,
panel_1104,101,64,16,
panel_1105,101,128,16,
panel_1106,101,64,32,
panel_1107,101,128,32,
panel_1108,101,64,64,
panel_1109,101,128,64,
panel_1110,101,128,128,
panel_1111,102,64,4,
panel_1112,102,128,4,
panel_1113,102,64,8,
panel_1114,102,128,8,
panel_1115,102,64,16,
panel_1116,102,128,16,
panel_1117,102,64,32,
panel_1118,102,128,32,
panel_1119,102,64,64,
panel_1120,102,128,64,
panel_1121,102,128,128,
panel_1122,103,64,4,
panel_1123,103,128,4,
panel_1124,103,64,8,
panel_1125,103,128,8,
panel_1126,103,64,16,
panel_1127,103,128,16,
panel_1128,103,64,32,
panel_1129,103,128,32,
panel_1130,103,64,64,
panel_1131,103,128,64,
panel_1132,103,128,128,
panel_1133,104,64,4,
panel_1134,104,128,4,
panel_1135,104,64,8,
panel_1136,104,128,8,
panel_1137,104,64,16,
panel_1138,104,128,16,
panel_1139,104,64,32,
panel_1140,104,128,32,
panel_1141,104,64,64,
panel_1142,104,128,64,
panel_1143,104,128,128,
panel_1144,105,64,4,
panel_1145,105,128,4,
panel_1146,105,64,8,
panel_1147,105,128,8,
panel_1148,105,64,16,
panel_1149,105,128,16,
panel_1150,105,64,32,
panel_1151,105,128,32,
panel_1152,105,64,64,
panel_1153,105,128,64,
panel_1154,105,128,128,
panel_1155,106,64,4,
panel_1156,106,128,4,
panel_1157,106,64,8,
panel_1158,106,128,8,
panel_1159,106,64,16,
panel_1160,106,128,16,
panel_1161,106,64,32,
panel_1162,106,128,32,
panel_1163,106,64,64,
panel_1164,106,128,64,
panel_1165,106,128,128,
panel_1166,107,64,4,
panel_1167,107,128,4,
panel_1168,107,64,8,
panel_1169,107,128,8,
panel_1170,107,64,16,
panel_1171,107,128,16,
panel_1172,107,64,32,
panel_1173,107,128,32,
panel_1174,107,64,64,
panel_1175,107,128,64,
panel_1176,107,128,128,
panel_1177,108,64,4,
panel_1178,108,128,4,
panel_1179,108,64,8,
panel_1180,108,128,8,
panel_1181,108,64,16,
panel_1182,108,128,16,
panel_1183,108,64,32,
panel_1184,108,128,32,
panel_1185,108,64,64,
panel_1186,108,128,64,
panel_1187,108,128,128,
panel_1188,109,64,4,
panel_1189,109,128,4,
panel_1190,109,64,8,
panel_1191,109,128,8,
panel_1192,109,64,16,
panel_1193,109,128,16,
panel_1194,109,64,32,
panel_1195,109,128,32,
panel_1196,109,64,64,
panel_1197,109,128,64,
panel_1198,109,128,128,
panel_1199,110,64,4,
panel_1200,110,128,4,
panel_1201,110,64,8,
panel_1202,110,128,8,
panel_1203,110,64,16,
panel_1204,110,128,16,
panel_1205,110,64,32,
panel_1206,110,128,32,
panel_1207,110,64,64,
panel_1208,110,128,64,
panel_1209,110,128,128,
panel_1210,111,64,4,
panel_1211,111,128,4,
panel_1212,111,64,8,
panel_1213,111,128,8,
panel_1214,111,64,16,
panel_1215,111,128,16,
panel_1216,111,64,32,
panel_1217,111,128,32,
panel_1218,111,64,64,
panel_1219,111,128,64,
panel_1220,111,128,128,
panel_1221,112,64,4,
panel_1222,112,128,4,
panel_1223,112,64,8,
panel_1224,112,128,8,
panel_1225,112,64,16,
panel_1226,112,128,16,
panel_1227,112,64,32,
panel_1228,112,128,32,
panel_1229,112,64,64,
panel_1230,112,128,64,
panel_1231,112,128,128,
panel_1232,113,64,4,
panel_1233,113,128,4,
panel_1234,113,64,8,
panel_1235,113,128,8,
panel_1236,113,64,16,
panel_1237,113,128,16,
panel_1238,113,64,32,
panel_1239,113,128,32,
panel_1240,113,64,64,
panel_1241,113,128,64,
panel_1242,113,128,128,
panel_1243,114,64,4,
panel_1244,114,128,4,
panel_1245,114,64,8,
panel_1246,114,128,8,
panel_1247,114,64,16,
panel_1248,114,128,16,
panel_1249,114,64,32,
panel_1250,114,128,32,
panel_1251,114,64,64,
panel_1252,114,128,64,
panel_1253,114,128,128,
panel_1254,115,64,4,
panel_1255,115,128,4,
panel_1256,115,64,8,
panel_1257,115,128,8,
panel_1258,115,64,16,
panel_1259,115,128,16,
panel_1260,115,64,32,
panel_1261,115,128,32,
panel_1262,115,64,64,
panel_1263,115,128,64,
panel_1264,115,128,128,
panel_1265,116,64,4,
panel_1266,116,128,4,
panel_1267,116,64,8,
panel_1268,116,128,8,
panel_1269,116,64,16,
panel_1270,116,128,16,
panel_1271,116,64,32,
panel_1272,116,128,32,
panel_1273,116,64,64,
panel_1274,116,128,64,
panel_1275,116,128,128,
panel_1276,117,64,4,
panel_1277,117,128,4,
panel_1278,117,64,8,
panel_1279,117,128,8,
panel_1280,117,64,16,
panel_1281,117,128,16,
panel_1282,117,64,32,
panel_1283,117,128,32,
panel_1284,117,64,64,
panel_1285,117,128,64,
panel_1286,117,128,128,
panel_1287,118,64,4,
panel_1288,118,128,4,
panel_1289,118,64,8,
panel_1290,118,128,8,
panel_1291,118,64,16,
panel_1292,118,128,16,
panel_1293,118,64,32,
panel_1294,118,128,32,
panel_1295,118,64,64,
panel_1296,118,128,64,
panel_1297,118,128,128,
panel_1298,119,64,4,
panel_1299,119,128,4,
panel_1300,119,64,8,
panel_1301,119,128,8,
panel_1302,119,64,16,
panel_1303,119,128,16,
panel_1304,119,64,32,
panel_1305,119,128,32,
panel_1306,119,64,64,
panel_1307,119,128,64,
panel_1308,119,128,128,
panel_1309,120,64,4,
panel_1310,120,128,4,
panel_1311,120,64,8,
panel_1312,120,128,8,
panel_1313,120,64,16,
panel_1314,120,128,16,
panel_1315,120,64,32,
panel_1316,120,128,32,
panel_1317,120,64,64,
panel_1318,120,128,64,
panel_1319,120,128,128,
panel_1320,121,64,4,
panel_1321,121,128,4,
panel_1322,121,64,8,
panel_1323,121,128,8,
panel_1324,121,64,16,
panel_1325,121,128,16,
panel_1326,121,64,32,
panel_1327,121,128,32,
panel_1328,121,64,64,
panel_1329,121,128,64,
panel_1330,121,128,128,
panel_1331,122,64,4,
panel_1332,122,128,4,
panel_1333,122,64,8,
panel_1334,122,128,8,
panel_1335,122,64,16,
panel_1336,122,128,16,
panel_1337,122,64,32,
panel_1338,122,128,32,
panel_1339,122,64,64,
panel_1340,122,128,64,
panel_1341,122,128,128,
panel_1342,123,64,4,
panel_1343,123,128,4,
panel_1344,123,64,8,
panel_1345,123,128,8,
panel_1346,123,64,16,
panel_1347,123,128,16,
panel_1348,123,64,32,
panel_1349,123,128,32,
panel_1350,123,64,64,
panel_1351,123,128,64,
panel_1352,123,128,128,
panel_1353,124,64,4,
panel_1354,124,128,4,
panel_1355,124,64,8,
panel_1356,124,128,8,
panel_1357,124,64,16,
panel_1358,124,128,16,
panel_1359,124,64,32,
panel_1360,124,128,32,
panel_1361,124,64,64,
panel_1362,124,128,64,
panel_1363,124,128,128,
panel_1364,125,64,4,
panel_1365,125,128,4,
panel_1366,125,64,8,
panel_1367,125,128,8,
panel_1368,125,64,16,
panel_1369,125,128,16,
panel_1370,125,64,32,
panel_1371,125,128,32,
panel_1372,125,64,64,
panel_1373,125,128,64,
panel_1374,125,128,128,
panel_1375,126,64,4,
panel_1376,126,128,4,
panel_1377,126,64,8,
panel_1378,126,128,8,
panel_1379,126,64,16,
panel_1380,126,128,16,
panel_1381,126,64,32,
panel_1382,126,128,32,
panel_1383,126,64,64,
panel_1384,126,128,64,
panel_1385,126,128,128,
panel_1386,127,64,4,
panel_1387,127,128,4,
panel_1388,127,64,8,
panel_1389,127,128,8,
panel_1390,127,64,16,
panel_1391,127,128,16,
panel_1392,127,64,32,
panel_1393,127,128,32,
panel_1394,127,64,64,
panel_1395,127,128,64,
panel_1396,127,128,128,
panel_1397,128,64,4,
panel_1398,128,128,4,
panel_1399,128,64,8,
panel_1400,128,128,8,
panel_1401,128,64,16,
panel_1402,128,128,16,
panel_1403,128,64,32,
panel_1404,128,128,32,
panel_1405,128,64,64,
panel_1406,128,128,64,
panel_1407,128,128,128,
