config_id,source_config_id,control_type,dataset,pair_start_layer,pair_end_layer,format,deployable,slice_width,feature_cache_bytes,edge_order,value_bytes,support_index_bytes,row_pointer_stream_bytes,selector_stream_bytes,descriptor_bytes,reserved_capacity_bytes,feature_cache_accesses,feature_cache_hits,feature_cache_misses,feature_read_bytes,feature_writeback_bytes,topology_bytes,output_write_bytes,total_traffic_bytes,exact_layout_pass,exact_decode_pass,traffic_ratio_to_independent_best,support_decode_cycles,anchor_variants,selected_xorflow_tile_slices,traffic_ratio_to_beicsr,traffic_reduction_vs_beicsr
reddit_deepres8_w128_s7_native__real_trained,reddit_deepres8_w128_s7_native,real_trained,Reddit,4,5,DENSE,True,128,524288,O0,59639040,0,0,0,0,59639040,458463568,21460696,437002872,27968183808,0,918790864,119278080,29006252752,True,True,1.01120409336781,,,,1.01120409336781,-0.01120409336780992
reddit_deepres8_w128_s7_native__real_trained,reddit_deepres8_w128_s7_native,real_trained,Reddit,4,5,CSR32,True,128,524288,O0,27308597,109234388,1863808,0,0,300059008,1586071035,253069038,1333001997,85312127808,0,918790864,304925312,86535843984,True,True,3.016777120706342,,,,3.016777120706342,-2.016777120706342
reddit_deepres8_w128_s7_native__real_trained,reddit_deepres8_w128_s7_native,real_trained,Reddit,4,5,CSR_PACKED,True,128,524288,O0,27308597,24098561,1863808,0,0,121141888,921094392,306747812,614346580,39318181120,0,918790864,126277888,40363249872,True,True,1.4071270715718311,,,,1.4071270715718311,-0.40712707157183115
reddit_deepres8_w128_s7_native__real_trained,reddit_deepres8_w128_s7_native,real_trained,Reddit,4,5,BEICSR,True,128,524288,O0,27308597,7454880,0,0,1863720,89458560,453580012,21556050,432023962,27649533568,0,918790864,116540416,28684864848,True,True,1.0,,,,1.0,0.0
reddit_deepres8_w128_s7_native__real_trained,reddit_deepres8_w128_s7_native,real_trained,Reddit,4,5,INDEPENDENT_BEST,True,128,524288,O0,27308597,7454880,1863808,116608,0,91438976,1130461047,477555259,652905788,41785970432,0,918790864,117787520,42822548816,True,True,1.4928621432562101,,,,1.4928621432562101,-0.49286214325621014
reddit_deepres8_w128_s7_native__real_trained,reddit_deepres8_w128_s7_native,real_trained,Reddit,4,5,X0_CAUSAL_INDEPENDENT,True,128,524288,O0,27308597,6163655,0,1821,1863720,95680768,289587729,22548747,267038982,17090494848,0,918790864,98081920,18113589840,True,True,,25003.0,"{""A0_INDEPENDENT_ROWS"": 1821}",1821.0,0.6314685439859389,0.3685314560140611
reddit_deepres8_w128_s7_native__real_trained,reddit_deepres8_w128_s7_native,real_trained,Reddit,4,5,X1_CAUSAL_AUTO,True,128,524288,O0,27308597,5660701,0,1821,1863720,95177088,289587729,22548747,267038982,17090494848,0,918790864,97074560,18112078800,True,True,,23048.0,"{""A0_INDEPENDENT_ROWS"": 1, ""A2_CAUSAL_COHORT"": 1820}",1821.0,0.6314158667288555,0.3685841332711445
reddit_deepres8_w128_s7_native__real_trained,reddit_deepres8_w128_s7_native,real_trained,Reddit,4,5,X2_CAUSAL_FORCE,True,128,524288,O0,27308597,5660701,0,1821,1863720,95177088,289587729,22548747,267038982,17090494848,0,918790864,97074560,18112078800,True,True,,23048.0,"{""A0_INDEPENDENT_ROWS"": 1, ""A2_CAUSAL_COHORT"": 1820}",1821.0,0.6314158667288555,0.3685841332711445
reddit_deepres8_w128_s7_native__real_trained,reddit_deepres8_w128_s7_native,real_trained,Reddit,4,5,O0_OFFLINE_MAJORITY,False,128,524288,O0,27308597,5582912,0,1821,1863720,95099520,289587729,22548747,267038982,17090494848,0,918790864,96919424,18111846096,True,True,,22746.0,"{""A0_INDEPENDENT_ROWS"": 1, ""A2_CAUSAL_COHORT"": 1820}",1821.0,0.6314077542973962,0.36859224570260385
reddit_deepres8_w128_s7_native__real_trained,reddit_deepres8_w128_s7_native,real_trained,Reddit,4,5,O1_FREE_SUPPORT,False,128,524288,O0,27308597,0,0,0,1863720,89458560,289587729,22548747,267038982,17090494848,0,918790864,85637504,18094923216,True,True,,0.0,{},232965.0,0.6308177957917636,0.36918220420823644
reddit_deepres8_w128_s7_native__density_matched_independent,reddit_deepres8_w128_s7_native,density_matched_independent,Reddit,4,5,DENSE,True,128,524288,O0,59639040,0,0,0,0,59639040,458463568,21460696,437002872,27968183808,0,918790864,119278080,29006252752,True,True,1.0030843808918244,,,,1.0030843808918244,-0.00308438089182439
reddit_deepres8_w128_s7_native__density_matched_independent,reddit_deepres8_w128_s7_native,density_matched_independent,Reddit,4,5,CSR32,True,128,524288,O0,27307569,109230276,1863808,0,0,300059008,1615098418,252594092,1362504326,87200276864,0,918790864,304623872,88423691600,True,True,3.05783807040156,,,,3.05783807040156,-2.05783807040156
reddit_deepres8_w128_s7_native__density_matched_independent,reddit_deepres8_w128_s7_native,density_matched_independent,Reddit,4,5,CSR_PACKED,True,128,524288,O0,27307569,24098359,1863808,0,0,121141888,926553214,304654581,621898633,39801512512,0,918790864,125503744,40845807120,True,True,1.4125158288213235,,,,1.4125158288213235,-0.41251582882132354
reddit_deepres8_w128_s7_native__density_matched_independent,reddit_deepres8_w128_s7_native,density_matched_independent,Reddit,4,5,BEICSR,True,128,524288,O0,27307569,7454880,0,0,1863720,89458560,457011438,21396381,435615057,27879363648,0,918790864,118907008,28917061520,True,True,1.0,,,,1.0,0.0
reddit_deepres8_w128_s7_native__density_matched_independent,reddit_deepres8_w128_s7_native,density_matched_independent,Reddit,4,5,INDEPENDENT_BEST,True,128,524288,O0,27307569,7454880,1863808,116608,0,91438976,1137738984,476628147,661110837,42311093568,0,918790864,121007872,43350892304,True,True,1.4991458338191481,,,,1.4991458338191481,-0.4991458338191481
reddit_deepres8_w128_s7_native__density_matched_independent,reddit_deepres8_w128_s7_native,density_matched_independent,Reddit,4,5,X0_CAUSAL_INDEPENDENT,True,128,524288,O0,27307569,7981328,0,1821,1863720,97495872,314333029,23251718,291081311,18629203904,0,918790864,97742976,19653775056,True,True,,32761.0,"{""A0_INDEPENDENT_ROWS"": 1821}",1821.0,0.6796601737146355,0.3203398262853645
reddit_deepres8_w128_s7_native__density_matched_independent,reddit_deepres8_w128_s7_native,density_matched_independent,Reddit,4,5,X1_CAUSAL_AUTO,True,128,524288,O0,27307569,7646448,0,1821,1863720,97146432,314333029,23251718,291081311,18629203904,0,918790864,97044096,19652726736,True,True,,30941.0,"{""A0_INDEPENDENT_ROWS"": 1, ""A2_CAUSAL_COHORT"": 1820}",1821.0,0.6796239210684503,0.32037607893154973
reddit_deepres8_w128_s7_native__density_matched_independent,reddit_deepres8_w128_s7_native,density_matched_independent,Reddit,4,5,X2_CAUSAL_FORCE,True,128,524288,O0,27307569,7646448,0,1821,1863720,97146432,314333029,23251718,291081311,18629203904,0,918790864,97044096,19652726736,True,True,,30941.0,"{""A0_INDEPENDENT_ROWS"": 1, ""A2_CAUSAL_COHORT"": 1820}",1821.0,0.6796239210684503,0.32037607893154973
reddit_deepres8_w128_s7_native__density_matched_independent,reddit_deepres8_w128_s7_native,density_matched_independent,Reddit,4,5,O0_OFFLINE_MAJORITY,False,128,524288,O0,27307569,8386968,0,228,1863720,89458816,457011438,21396381,435615057,27879363648,0,918790864,118907520,28917062288,True,True,,0.0,{},0.0,1.0000000265587152,-2.6558715227054108e-08
reddit_deepres8_w128_s7_native__density_matched_independent,reddit_deepres8_w128_s7_native,density_matched_independent,Reddit,4,5,O1_FREE_SUPPORT,False,128,524288,O0,27307569,0,0,0,1863720,89458560,314333029,23251718,291081311,18629203904,0,918790864,81668352,19629663120,True,True,,0.0,{},232965.0,0.6788263429333397,0.32117365706666035
reddit_deepres8_w128_s7_native__node_permuted_within_rcm_tile,reddit_deepres8_w128_s7_native,node_permuted_within_rcm_tile,Reddit,4,5,DENSE,True,128,524288,O0,59639040,0,0,0,0,59639040,458463568,21460696,437002872,27968183808,0,918790864,119278080,29006252752,True,True,1.0088531422299092,,,,1.0088531422299092,-0.008853142229909183
reddit_deepres8_w128_s7_native__node_permuted_within_rcm_tile,reddit_deepres8_w128_s7_native,node_permuted_within_rcm_tile,Reddit,4,5,CSR32,True,128,524288,O0,27308597,109234388,1863808,0,0,300059008,1610278571,252621827,1357656744,86890031616,0,918790864,304925312,88113747792,True,True,3.0646437543534004,,,,3.0646437543534004,-2.0646437543534004
reddit_deepres8_w128_s7_native__node_permuted_within_rcm_tile,reddit_deepres8_w128_s7_native,node_permuted_within_rcm_tile,Reddit,4,5,CSR_PACKED,True,128,524288,O0,27308597,24098561,1863808,0,0,121141888,925521222,304816345,620704877,39725112128,0,918790864,126277888,40770180880,True,True,1.4180089183437785,,,,1.4180089183437785,-0.4180089183437785
reddit_deepres8_w128_s7_native__node_permuted_within_rcm_tile,reddit_deepres8_w128_s7_native,node_permuted_within_rcm_tile,Reddit,4,5,BEICSR,True,128,524288,O0,27308597,7454880,0,0,1863720,89458560,454585292,21516878,433068414,27716378496,0,918790864,116540416,28751709776,True,True,1.0,,,,1.0,0.0
reddit_deepres8_w128_s7_native__node_permuted_within_rcm_tile,reddit_deepres8_w128_s7_native,node_permuted_within_rcm_tile,Reddit,4,5,INDEPENDENT_BEST,True,128,524288,O0,27308597,7454880,1863808,116608,0,91438976,1133403919,477201941,656201978,41996926592,0,918790864,117787520,43033504976,True,True,1.4967285532327363,,,,1.4967285532327363,-0.49672855323273635
reddit_deepres8_w128_s7_native__node_permuted_within_rcm_tile,reddit_deepres8_w128_s7_native,node_permuted_within_rcm_tile,Reddit,4,5,X0_CAUSAL_INDEPENDENT,True,128,524288,O0,27308597,7977618,0,1821,1863720,97492160,314636297,22865887,291770410,18673306240,0,918790864,101704704,19701835408,True,True,,32742.0,"{""A0_INDEPENDENT_ROWS"": 1821}",1821.0,0.6852404800094974,0.31475951999050256
reddit_deepres8_w128_s7_native__node_permuted_within_rcm_tile,reddit_deepres8_w128_s7_native,node_permuted_within_rcm_tile,Reddit,4,5,X1_CAUSAL_AUTO,True,128,524288,O0,27308597,7504024,0,1821,1863720,97013568,314636297,22865887,291770410,18673306240,0,918790864,100747520,19700399632,True,True,,30413.0,"{""A0_INDEPENDENT_ROWS"": 1, ""A2_CAUSAL_COHORT"": 1820}",1821.0,0.6851905429444956,0.31480945705550445
reddit_deepres8_w128_s7_native__node_permuted_within_rcm_tile,reddit_deepres8_w128_s7_native,node_permuted_within_rcm_tile,Reddit,4,5,X2_CAUSAL_FORCE,True,128,524288,O0,27308597,7504024,0,1821,1863720,97013568,314636297,22865887,291770410,18673306240,0,918790864,100747520,19700399632,True,True,,30413.0,"{""A0_INDEPENDENT_ROWS"": 1, ""A2_CAUSAL_COHORT"": 1820}",1821.0,0.6851905429444956,0.31480945705550445
reddit_deepres8_w128_s7_native__node_permuted_within_rcm_tile,reddit_deepres8_w128_s7_native,node_permuted_within_rcm_tile,Reddit,4,5,O0_OFFLINE_MAJORITY,False,128,524288,O0,27308597,8307550,0,294,1863720,89727104,448523925,21658395,426865530,27319393920,0,918790864,115585280,28354038608,True,True,,1077.0,"{""A2_CAUSAL_COHORT"": 75}",75.0,0.9861687819229468,0.013831218077053231
reddit_deepres8_w128_s7_native__node_permuted_within_rcm_tile,reddit_deepres8_w128_s7_native,node_permuted_within_rcm_tile,Reddit,4,5,O1_FREE_SUPPORT,False,128,524288,O0,27308597,0,0,0,1863720,89458560,314636297,22865887,291770410,18673306240,0,918790864,85637504,19677734608,True,True,,0.0,{},232965.0,0.684402241164303,0.31559775883569696
reddit_deepres8_w128_s7_native__temporally_shuffled,reddit_deepres8_w128_s7_native,temporally_shuffled,Reddit,4,5,DENSE,True,128,524288,O0,59639040,0,0,0,0,59639040,458463568,21460696,437002872,27968183808,0,918790864,119278080,29006252752,True,True,1.0346594751587748,,,,1.0346594751587748,-0.034659475158774766
reddit_deepres8_w128_s7_native__temporally_shuffled,reddit_deepres8_w128_s7_native,temporally_shuffled,Reddit,4,5,CSR32,True,128,524288,O0,27035860,108143440,1863808,0,0,300059008,1575966882,253297314,1322669568,84650852352,0,918790864,301439488,85871082704,True,True,3.0630405837482853,,,,3.0630405837482853,-2.0630405837482853
reddit_deepres8_w128_s7_native__temporally_shuffled,reddit_deepres8_w128_s7_native,temporally_shuffled,Reddit,4,5,CSR_PACKED,True,128,524288,O0,27035860,23860362,1863808,0,0,121141888,932177114,303550792,628626322,40232084608,0,918790864,127830912,41278706384,True,True,1.472420620742118,,,,1.472420620742118,-0.472420620742118
reddit_deepres8_w128_s7_native__temporally_shuffled,reddit_deepres8_w128_s7_native,temporally_shuffled,Reddit,4,5,BEICSR,True,128,524288,O0,27035860,7454880,0,0,1863720,89458560,443561067,21681003,421880064,27000324096,0,918790864,115473664,28034588624,True,True,1.0,,,,1.0,0.0
reddit_deepres8_w128_s7_native__temporally_shuffled,reddit_deepres8_w128_s7_native,temporally_shuffled,Reddit,4,5,INDEPENDENT_BEST,True,128,524288,O0,27035860,7454880,1863808,116608,0,91438976,1092624895,482696651,609928244,39035407616,0,918790864,113264128,40067462608,True,True,1.429215286351619,,,,1.429215286351619,-0.429215286351619
reddit_deepres8_w128_s7_native__temporally_shuffled,reddit_deepres8_w128_s7_native,temporally_shuffled,Reddit,4,5,X0_CAUSAL_INDEPENDENT,True,128,524288,O0,27035860,7976465,0,1821,1863720,97491008,325099723,22807405,302292318,19346708352,0,918790864,103849344,20377381008,True,True,,32725.0,"{""A0_INDEPENDENT_ROWS"": 1821}",1821.0,0.7268657044089893,0.27313429559101066
reddit_deepres8_w128_s7_native__temporally_shuffled,reddit_deepres8_w128_s7_native,temporally_shuffled,Reddit,4,5,X1_CAUSAL_AUTO,True,128,524288,O0,27035860,7568733,0,1821,1863720,97073280,325099723,22807405,302292318,19346708352,0,918790864,103013888,20376127824,True,True,,30648.0,"{""A0_INDEPENDENT_ROWS"": 1, ""A2_CAUSAL_COHORT"": 1820}",1821.0,0.7268210030574979,0.27317899694250214
reddit_deepres8_w128_s7_native__temporally_shuffled,reddit_deepres8_w128_s7_native,temporally_shuffled,Reddit,4,5,X2_CAUSAL_FORCE,True,128,524288,O0,27035860,7568733,0,1821,1863720,97073280,325099723,22807405,302292318,19346708352,0,918790864,103013888,20376127824,True,True,,30648.0,"{""A0_INDEPENDENT_ROWS"": 1, ""A2_CAUSAL_COHORT"": 1820}",1821.0,0.7268210030574979,0.27317899694250214
reddit_deepres8_w128_s7_native__temporally_shuffled,reddit_deepres8_w128_s7_native,temporally_shuffled,Reddit,4,5,O0_OFFLINE_MAJORITY,False,128,524288,O0,27035860,8229907,0,390,1863720,90160512,438698314,21841427,416856887,26678840768,0,918790864,113850368,27712183952,True,True,,2804.0,"{""A2_CAUSAL_COHORT"": 185}",185.0,0.9884997537747354,0.011500246225264577
reddit_deepres8_w128_s7_native__temporally_shuffled,reddit_deepres8_w128_s7_native,temporally_shuffled,Reddit,4,5,O1_FREE_SUPPORT,False,128,524288,O0,27035860,0,0,0,1863720,89458560,325099723,22807405,302292318,19346708352,0,918790864,87784448,20353283664,True,True,,0.0,{},232965.0,0.7260061467988103,0.27399385320118974
