run_id,variant,queue_config,total_cycles,memory_cycles,decode_cycles,aggregation_cycles,combination_cycles,encode_cycles,writeback_cycles,fill_cycles,drain_cycles,barrier_cycles,producer_stall_cycles,decoder_stall_cycles,memory_stall_cycles,speedup_vs_selected_baseline
flickr_deepres8_w128_s7,BEICSR_OPT,iq4_dq4_aq4_cq4_wq4_m8,6408693,30685488,1428000,14736481,714240,0,5993899,4125,6404568,6408693,0,28261,6479246,1.0
flickr_deepres8_w128_s7,XORFLOW_ONLINE,iq4_dq4_aq4_cq4_wq4_m8,6053604,29199375,313441,14736481,714240,848940,5915896,3998,6049606,6053604,3456733,4630,6123118,1.0586574543032548
ogbn_arxiv_deepres8_w128_s7,BEICSR_OPT,iq4_dq4_aq4_cq4_wq4_m8,17628391,76535935,2709488,36098474,1354752,0,11372264,1767,17626624,17628391,0,97160,16982691,1.0
ogbn_arxiv_deepres8_w128_s7,XORFLOW_ONLINE,iq4_dq4_aq4_cq4_wq4_m8,15985820,69681387,419084,36098474,1354752,2593800,10843856,1845,15983975,15985820,10503700,10848,15303369,1.102751751239536
ogbn_arxiv_deepres8_w128_s17,BEICSR_OPT,iq4_dq4_aq4_cq4_wq4_m8,17686294,76528857,2709488,36421014,1354752,0,11371597,1766,17684528,17686294,0,95941,16957441,1.0
ogbn_arxiv_deepres8_w128_s17,XORFLOW_ONLINE,iq4_dq4_aq4_cq4_wq4_m8,16059130,69775949,406944,36421014,1354752,2651656,10869337,1843,16057287,16059130,10726204,11102,15296823,1.1013232970901912
ogbn_arxiv_deepres8_w128_s27,BEICSR_OPT,iq4_dq4_aq4_cq4_wq4_m8,17641104,76536632,2709488,35592526,1354752,0,11372213,1741,17639363,17641104,0,92702,16973278,1.0
ogbn_arxiv_deepres8_w128_s27,XORFLOW_ONLINE,iq4_dq4_aq4_cq4_wq4_m8,15697817,68384891,407906,35592526,1354752,2674360,10697449,1817,15696000,15697817,10815884,10585,14990525,1.1237934548478938
reddit_deepres8_w128_s7_native,BEICSR_OPT,iq4_dq4_aq4_cq4_wq4_m8,885385652,3553417207,3727440,1626484635,1863936,0,15254060,1990,885383662,885385652,0,133529,884845327,1.0
reddit_deepres8_w128_s7_native,XORFLOW_ONLINE,iq4_dq4_aq4_cq4_wq4_m8,695839191,2779684904,626483,1626484635,1863936,3354852,13355552,2051,695837140,695839191,13611044,17208,691881246,1.2723998065236886
reddit_deepres8_w128_s17_native,BEICSR_OPT,iq4_dq4_aq4_cq4_wq4_m8,903852939,3627783788,3727440,1809318297,1863936,0,15644617,2069,903850870,903852939,0,134138,903538070,1.0
reddit_deepres8_w128_s17_native,XORFLOW_ONLINE,iq4_dq4_aq4_cq4_wq4_m8,815910487,3267261990,570274,1809318297,1863936,3096212,14904947,2141,815908346,815910487,12583194,15818,813574961,1.1077844364071767
reddit_deepres8_w128_s27_native,BEICSR_OPT,iq4_dq4_aq4_cq4_wq4_m8,904043194,3627900198,3727440,1851765917,1863936,0,15645243,2125,904041069,904043194,0,131810,903492847,1.0
reddit_deepres8_w128_s27_native,XORFLOW_ONLINE,iq4_dq4_aq4_cq4_wq4_m8,837095335,3355234317,568934,1851765917,1863936,3077316,15259817,2199,837093136,837095335,12507328,15433,835423433,1.0799763852464903
yelp_deepres8_w128_s7_balanced_fallback,BEICSR_OPT,iq4_dq4_aq4_cq4_wq4_m8,111524900,480147349,11469552,225469976,5734912,0,48139020,2650,111522250,111524900,0,255019,110578959,1.0
yelp_deepres8_w128_s7_balanced_fallback,XORFLOW_ONLINE,iq4_dq4_aq4_cq4_wq4_m8,106749837,459920670,1679931,225469976,5734912,8179804,46745620,2714,106747123,106749837,33351852,27078,105523070,1.0447313376225578
ogbn_arxiv_deepres16_w128_s7,BEICSR_OPT,iq4_dq4_aq4_cq4_wq4_m8,35267988,152993919,5418976,69044452,2709504,0,22737728,1776,35266212,35267988,0,190401,33936986,1.0
ogbn_arxiv_deepres16_w128_s7,XORFLOW_ONLINE,iq4_dq4_aq4_cq4_wq4_m8,28973104,126003001,879078,69044452,2709504,4625792,19917527,1856,28971248,28973104,18768284,21809,27512712,1.2172664689292525
chameleon_gcnii16,BEICSR_OPT,iq4_dq4_aq4_cq4_wq4_m8,179891,344818,36432,541939,36864,0,173865,531,179360,179891,0,1048,56837,1.0
chameleon_gcnii16,XORFLOW_ONLINE,iq4_dq4_aq4_cq4_wq4_m8,183881,347842,5615,541939,36864,27056,174686,560,183321,183881,93095,75,53287,0.97830118391786
