config_id,model_valid,window_start,window_end,W,representation,grouping_method,total_nnz,regular_slots,anchor_slots,anchor_true_nnz,anchor_holes,sparse_additions,support_metadata_bits,value_bytes,total_transfer_bytes,byte_ratio_to_dense,byte_ratio_to_independent,byte_ratio_to_phase0,byte_ratio_to_delta_v1,metadata_ratio_to_full_bitmap,analytical_proxy_speedup_rho1_10,analytical_proxy_speedup_rho1_25,analytical_proxy_speedup_rho1_50,replay_amplification,independently_decodable,exact_decode_pass
cora_gcnii16,True,4,7,4,R0_INDEPENDENT,window_cost_cluster,518755,0,0,0,0,518755,704080,2075020,3088000,1.1135985967503692,1.0,1.2889007613196206,1.4128429621387368,1.015625,0.6611731673075749,0.6611731673075749,0.6611731673075749,1.0,True,True
cora_gcnii16,True,4,7,4,R1_DELTA_V1,window_cost_cluster,518755,436720,436720,423492,13228,95263,205568,2075020,2185664,0.7881970088626292,0.7077927461139897,0.9122746093228262,1.0,0.2965288035450517,1.272665489673343,1.2401335752487765,1.1894586124687192,1.0,False,True
cora_gcnii16,True,4,7,4,R2_CHAIN_GAP,window_cost_cluster,518755,0,0,0,0,518755,310965,2075020,2137664,0.7708871861152142,0.6922487046632124,0.8922398824629357,0.9780387104330767,0.4485624192208272,1.2046231946890429,1.0611435509800011,0.8853838132342433,1.4738153811522197,False,True
cora_gcnii16,True,4,7,4,R3_MOSAIC_ANCHOR,window_cost_cluster,518755,487780,487780,487780,0,30975,502172,2075020,2161984,0.7796574963072378,0.7001243523316062,0.9023908107386136,0.9891657638136512,0.7243756923929099,1.3087571349416036,1.297377213162077,1.278844176100072,1.0,True,True
cora_gcnii16,True,8,11,4,R0_INDEPENDENT,window_cost_cluster,539920,0,0,0,0,539920,704080,2159680,3155712,1.138016986706056,1.0,1.2798297297998806,1.393905128060157,1.015625,0.6355164175930154,0.6355164175930154,0.6355164175930154,1.0,True,True
cora_gcnii16,True,8,11,4,R1_DELTA_V1,window_cost_cluster,539920,465520,465520,453061,12459,86859,177064,2159680,2263936,0.8164235598227474,0.7174089397258051,0.9181612894852961,1.0,0.25541220457902514,1.2295295814231155,1.2017596967725748,1.1581630053351666,1.0,False,True
cora_gcnii16,True,8,11,4,R2_CHAIN_GAP,window_cost_cluster,539920,0,0,0,0,539920,289232,2159680,2218176,0.7999215288035451,0.7029082501825261,0.8996028759052094,0.9797874144852151,0.4172128877400295,1.1584407250949147,1.0203526537340672,0.851237721021611,1.4219484704320406,False,True
cora_gcnii16,True,8,11,4,R3_MOSAIC_ANCHOR,window_cost_cluster,539920,514352,514352,514352,0,25568,470982,2159680,2240256,0.807884047267356,0.7099050863957167,0.908557634905391,0.9895403403629784,0.6793845781019202,1.2608250302635253,1.252091490991056,1.2378013941263855,1.0,True,True
cora_gcnii16,True,12,15,4,R0_INDEPENDENT,window_cost_cluster,565480,0,0,0,0,565480,704080,2261920,3228416,1.1642355982274741,1.0,1.2647678266974225,1.3669349375389535,1.015625,0.6070674856081025,0.6070674856081025,0.6070674856081025,1.0,True,True
cora_gcnii16,True,12,15,4,R1_DELTA_V1,window_cost_cluster,565480,501616,501616,489641,11975,75839,143992,2261920,2361792,0.8517125184638109,0.7315637142177465,0.9252582489218735,1.0,0.2077063330871492,1.1804207435216296,1.1579903443454789,1.1224425196863144,1.0,False,True
cora_gcnii16,True,12,15,4,R2_CHAIN_GAP,window_cost_cluster,565480,0,0,0,0,565480,255062,2261920,2315776,0.8351181683899557,0.7173102846721117,0.9072309698124561,0.9805164891743219,0.3679231674667651,1.1074001539901663,0.97525730266897,0.8134746763106573,1.3676204217013903,False,True
cora_gcnii16,True,12,15,4,R3_MOSAIC_ANCHOR,window_cost_cluster,565480,547192,547192,547192,0,18288,430292,2261920,2338624,0.8433576440177253,0.7243874395369122,0.916181927590011,0.9901904994173916,0.6206898541358936,1.2076801186273676,1.201936280289055,1.1924836758705628,1.0,True,True
pubmed_gcnii16,True,4,7,4,R0_INDEPENDENT,window_cost_cluster,3180362,0,0,0,0,3180362,5126420,12721448,20305984,1.0057342648475935,1.0,1.3838085144429761,1.5179529133715117,1.015625,0.7836809725462188,0.7836809725462188,0.7836809725462188,1.0,True,True
pubmed_gcnii16,True,4,7,4,R1_DELTA_V1,window_cost_cluster,3180362,2677360,2677360,2619439,57921,560923,1595504,12721448,13377216,0.6625595932444084,0.6587819629917959,0.9116280895495048,1.0,0.3160946137850586,1.5206651825609414,1.48307196203845,1.4243836447168046,1.0,False,True
pubmed_gcnii16,True,4,7,4,R2_CHAIN_GAP,window_cost_cluster,3180362,0,0,0,0,3180362,2132908,12721448,13154752,0.6515411827357103,0.6478263747277649,0.8964676532290072,0.9833699328769155,0.42256285819343714,1.4292029289255006,1.259124379377813,1.0507261853463978,1.4570037713769182,False,True
pubmed_gcnii16,True,4,7,4,R3_MOSAIC_ANCHOR,window_cost_cluster,3180362,2983928,2983928,2983928,0,196434,3231392,12721448,13290048,0.6582422528782269,0.6544892382462234,0.9056877804964214,0.9934838459661561,0.6401899376172846,1.5528557422798561,1.538905868254856,1.5162048259724188,1.0,True,True
pubmed_gcnii16,True,8,11,4,R0_INDEPENDENT,window_cost_cluster,3381808,0,0,0,0,3381808,5126420,13527232,20952832,1.0377719734239488,1.0,1.3532008465048608,1.47923839473708,1.015625,0.7375454011321625,0.7375454011321625,0.7375454011321625,1.0,True,True
pubmed_gcnii16,True,8,11,4,R1_DELTA_V1,window_cost_cluster,3381808,2887960,2887960,2829236,58724,552572,1405056,13527232,14164608,0.7015582999442106,0.6760235561474458,0.91479564843595,1.0,0.27836384845564743,1.434883592412317,1.401852842933832,1.350056114681505,1.0,False,True
pubmed_gcnii16,True,8,11,4,R2_CHAIN_GAP,window_cost_cluster,3381808,0,0,0,0,3381808,1906387,13527232,13930112,0.6899439569914287,0.6648319425269099,0.8996511474108855,0.9834449354334409,0.37768546019932037,1.346093986180724,1.1856929966493213,0.9892311611954924,1.3867614498000669,False,True
pubmed_gcnii16,True,8,11,4,R3_MOSAIC_ANCHOR,window_cost_cluster,3381808,3221980,3221980,3221980,0,159828,3119404,13527232,14086080,0.6976688897905361,0.6722757095556343,0.9097240592553403,0.9944560414238078,0.618003341025511,1.464530807462737,1.4544138520434773,1.4378593365034755,1.0,True,True
pubmed_gcnii16,True,12,15,4,R0_INDEPENDENT,window_cost_cluster,3584176,0,0,0,0,3584176,5126420,14336704,21688064,1.0741872495815794,1.0,1.3314369457682924,1.4485842281649681,1.015625,0.6963626583493057,0.6963626583493057,0.6963626583493057,1.0,True,True
pubmed_gcnii16,True,12,15,4,R1_DELTA_V1,window_cost_cluster,3584176,3129340,3129340,3068688,60652,515488,1216664,14336704,14971904,0.7415428310594918,0.6903292059632432,0.9191298095623509,1.0,0.24104040929147436,1.358553204055846,1.330855949741491,1.2871210427013784,1.0,False,True
pubmed_gcnii16,True,12,15,4,R2_CHAIN_GAP,window_cost_cluster,3584176,0,0,0,0,3584176,1730522,14336704,14720896,0.7291106659228077,0.6787556510345967,0.9037203509364723,0.9832347308665618,0.34284381815184867,1.2715410308901054,1.1198714962083394,0.934160284152067,1.3072275301903125,False,True
pubmed_gcnii16,True,12,15,4,R3_MOSAIC_ANCHOR,window_cost_cluster,3584176,3484540,3484540,3484540,0,99636,2805793,14336704,14854144,0.7357103007556931,0.6848994912593397,0.9119004868005924,0.99213460091649,0.55587203460212,1.3874598451679483,1.3817832608708744,1.3724248097046223,1.0,True,True
cora_deepres28_w128,True,4,7,4,R0_INDEPENDENT,window_cost_cluster,672712,0,0,0,0,672712,1397328,2690848,3658176,0.6596081056129985,1.0,1.1139933736113818,1.2597580058625173,1.0078125,0.9840308120340125,0.9840308120340125,0.9840308120340125,1.0,True,True
cora_deepres28_w128,True,4,7,4,R1_DELTA_V1,window_cost_cluster,672712,452832,452832,428966,23866,243746,674408,2690848,2903872,0.5235990583456426,0.7938032505817106,0.8842915610992009,1.0,0.48641178914327915,1.8392908945104691,1.7517344191966044,1.622969665459976,1.0,False,True
cora_deepres28_w128,True,4,7,4,R2_CHAIN_GAP,window_cost_cluster,672712,0,0,0,0,672712,883804,2690848,2825856,0.5095319423929099,0.7724767753109747,0.860534008965114,0.9731338020408613,0.6374371076440177,1.784871500565407,1.5741476541476542,1.315331838205534,1.6751225384813828,False,True
cora_deepres28_w128,True,4,7,4,R3_MOSAIC_ANCHOR,window_cost_cluster,672712,540600,540600,540600,0,132112,1214890,2690848,2864896,0.516571270310192,0.7831487604751658,0.8724225297213019,0.986577920789897,0.8762304399002954,1.9086567829875807,1.856466539629624,1.7755489600145695,1.0,True,True
cora_deepres28_w128,True,8,11,4,R0_INDEPENDENT,window_cost_cluster,657294,0,0,0,0,657294,1397328,2629176,3624896,0.6536073670605613,1.0,1.135277610743636,1.2869575096568961,1.0078125,0.9836623461750854,0.9836623461750854,0.9836623461750854,1.0,True,True
cora_deepres28_w128,True,8,11,4,R1_DELTA_V1,window_cost_cluster,657294,462720,462720,441484,21236,215810,557360,2629176,2816640,0.507870199409158,0.7770264305513869,0.8821407095610343,1.0,0.4019917836041359,1.8546147117744984,1.773614511229554,1.6532703510307567,1.0,False,True
cora_deepres28_w128,True,8,11,4,R2_CHAIN_GAP,window_cost_cluster,657294,0,0,0,0,657294,700979,2629176,2739584,0.49397618168389956,0.7557689930966295,0.8580076167568651,0.9726425812315382,0.505575926652511,1.791049412487922,1.578950971719512,1.3186838319821366,1.519009841949616,False,True
cora_deepres28_w128,True,8,11,4,R3_MOSAIC_ANCHOR,window_cost_cluster,657294,579572,579572,579572,0,77722,958753,2629176,2773440,0.5000807791728212,0.7651088472607214,0.8686109440769694,0.9846625766871165,0.6914935203563516,1.9330834683239635,1.9005024537176587,1.848574674886379,1.0,True,True
cora_deepres28_w128,True,12,15,4,R0_INDEPENDENT,window_cost_cluster,635067,0,0,0,0,635067,1397328,2540268,3535680,0.6375207717872969,1.0,1.142062720939367,1.2982938522278624,1.0078125,0.983100200624164,0.983100200624164,0.983100200624164,1.0,True,True
cora_deepres28_w128,True,12,15,4,R1_DELTA_V1,window_cost_cluster,635067,445616,445616,424905,20711,210162,531680,2540268,2723328,0.49104505169867063,0.7702416508281292,0.8796642755256031,1.0,0.38347027326440175,1.853933617495317,1.7723793356790463,1.6513110936896669,1.0,False,True
cora_deepres28_w128,True,12,15,4,R2_CHAIN_GAP,window_cost_cluster,635067,0,0,0,0,635067,656866,2540268,2646528,0.4771971935007385,0.7485202280749389,0.8548570483534202,0.9717992103778906,0.4737597512001477,1.7918544682372282,1.579576612420567,1.3191201877315033,1.4682050829240667,False,True
cora_deepres28_w128,True,12,15,4,R3_MOSAIC_ANCHOR,window_cost_cluster,635067,564548,564548,564548,0,70519,905244,2540268,2676480,0.48259785819793205,0.7569915829486832,0.8645318669505716,0.9827975183305132,0.6529005492983752,1.9354012920716803,1.9047007779581888,1.8556419076616046,1.0,True,True
cora_deepres28_w128,True,16,19,4,R0_INDEPENDENT,window_cost_cluster,598793,0,0,0,0,598793,1397328,2395172,3455232,0.6230151403249631,1.0,1.1764398248022487,1.3475102957693748,1.0078125,0.9820947663643371,0.9820947663643371,0.9820947663643371,1.0,True,True
cora_deepres28_w128,True,16,19,4,R1_DELTA_V1,window_cost_cluster,598793,412336,412336,393851,18485,204942,504096,2395172,2564160,0.4623453655834564,0.74210935763503,0.8730470026802641,1.0,0.36357551698670604,1.8548555469440682,1.770554139953178,1.6458812631764121,1.0,False,True
cora_deepres28_w128,True,16,19,4,R2_CHAIN_GAP,window_cost_cluster,598793,0,0,0,0,598793,623080,2395172,2497600,0.450343888478582,0.7228458175890938,0.8503846070035519,0.9740421814551354,0.44939184822747413,1.7916982778340722,1.5794552358807996,1.3190355376074359,1.4646915323874943,False,True
cora_deepres28_w128,True,16,19,4,R3_MOSAIC_ANCHOR,window_cost_cluster,598793,544664,544664,544664,0,54129,799418,2395172,2517376,0.4539097119645495,0.728569311698896,0.8571179534113442,0.9817546486958693,0.5765743283788775,1.941936143995535,1.9167011101263771,1.8760692631062812,1.0,True,True
cora_deepres28_w128,True,20,23,4,R0_INDEPENDENT,window_cost_cluster,573566,0,0,0,0,573566,1397328,2294264,3368832,0.6074362998522895,1.0,1.1919297133282007,1.3719245204336947,1.0078125,0.9813219546163019,0.9813219546163019,0.9813219546163019,1.0,True,True
cora_deepres28_w128,True,20,23,4,R1_DELTA_V1,window_cost_cluster,573566,389040,389040,371835,17205,201731,486768,2294264,2455552,0.4427621861152142,0.7289030738249933,0.8688012318282686,1.0,0.3510778249630724,1.854549857804566,1.768056044163948,1.6405352935498057,1.0,False,True
cora_deepres28_w128,True,20,23,4,R2_CHAIN_GAP,window_cost_cluster,573566,0,0,0,0,573566,586616,2294264,2391552,0.43122230428360414,0.7099053915422319,0.8461573298310765,0.9739366138448707,0.4230924575332349,1.7921456498366004,1.579802884770979,1.3192779883038246,1.4320236747719122,False,True
cora_deepres28_w128,True,20,23,4,R3_MOSAIC_ANCHOR,window_cost_cluster,573566,526176,526176,526176,0,47390,752950,2294264,2410688,0.4346727289512555,0.7155856985447775,0.852927856528237,0.9817295663052544,0.543059626569424,1.9440608741335774,1.9209197919884926,1.8835517695467845,1.0,True,True
cora_deepres28_w128,True,24,27,4,R0_INDEPENDENT,window_cost_cluster,547924,0,0,0,0,547924,1397328,2191696,3235264,0.5833525664697193,1.0,1.2029078621739957,1.379102441685991,1.0078125,0.9804649265175605,0.9804649265175605,0.9804649265175605,1.0,True,True
cora_deepres28_w128,True,24,27,4,R1_DELTA_V1,window_cost_cluster,547924,380240,380240,363630,16610,184294,442600,2191696,2345920,0.4229943685376662,0.7251092955628968,0.8722396725680563,1.0,0.31922198116691286,1.8577492280625496,1.7745850967614998,1.6513757596854717,1.0,False,True
cora_deepres28_w128,True,24,27,4,R2_CHAIN_GAP,window_cost_cluster,547924,0,0,0,0,547924,543478,2191696,2284352,0.41189300221565733,0.7060790093173231,0.849347991623834,0.9737552857727458,0.39197949362998524,1.7929203852564852,1.5804048762829952,1.3196977761934927,1.360463533022496,False,True
cora_deepres28_w128,True,24,27,4,R3_MOSAIC_ANCHOR,window_cost_cluster,547924,508000,508000,508000,0,39924,688072,2191696,2301824,0.41504338995568685,0.7114794959545805,0.8558442794593566,0.9812031100804801,0.49626684822747413,1.9475911567097068,1.9270808237654684,1.8938403630594602,1.0,True,True
chameleon_gcnii16,True,4,7,4,R0_INDEPENDENT,window_cost_cluster,334342,0,0,0,0,334342,592020,1337368,2174912,0.9327788757136584,1.0,1.3602449665772725,1.516556586933238,1.015625,0.8598346449143355,0.8598346449143355,0.8598346449143355,1.0,True,True
chameleon_gcnii16,True,4,7,4,R1_DELTA_V1,window_cost_cluster,334342,238680,238680,229627,9053,104715,270104,1337368,1434112,0.6150636802810716,0.6593885177883059,0.8969299123403914,1.0,0.4633701141853316,1.6278479421928997,1.559444053186943,1.4573765511965169,1.0,False,True
chameleon_gcnii16,True,4,7,4,R2_CHAIN_GAP,window_cost_cluster,334342,0,0,0,0,334342,369037,1337368,1403200,0.6018061045234958,0.6451755289409411,0.8775967658007445,0.9784451981435202,0.6330921305445762,1.5604942078988453,1.3757837309665337,1.149093202964832,1.6826226096570263,False,True
chameleon_gcnii16,True,4,7,4,R3_MOSAIC_ANCHOR,window_cost_cluster,334342,276128,276128,276128,0,58214,540947,1337368,1423104,0.6103425559947299,0.6543271635817909,0.8900452307569147,0.9923241699393074,0.9280080012077294,1.6720727997879616,1.6312143467791247,1.5673806540432695,1.0,True,True
chameleon_gcnii16,True,8,11,4,R0_INDEPENDENT,window_cost_cluster,412429,0,0,0,0,412429,592020,1649716,2470208,1.0594257795344753,1.0,1.3000875774723795,1.4119992683372966,1.015625,0.6988439160829101,0.6988439160829101,0.6988439160829101,1.0,True,True
chameleon_gcnii16,True,8,11,4,R1_DELTA_V1,window_cost_cluster,412429,336680,336680,325210,11470,87219,206368,1649716,1749440,0.7503019323671497,0.7082156644298779,0.9207423874966316,1.0,0.3540294246815986,1.337426829069632,1.2984510348245686,1.2383057504936446,1.0,False,True
chameleon_gcnii16,True,8,11,4,R2_CHAIN_GAP,window_cost_cluster,412429,0,0,0,0,412429,343260,1649716,1712000,0.7342446201141853,0.6930590460398477,0.9010374562112639,0.9785988659228095,0.5888710474308301,1.2698614639944283,1.1190472648074175,0.9341426184781433,1.631780574491639,False,True
chameleon_gcnii16,True,8,11,4,R3_MOSAIC_ANCHOR,window_cost_cluster,412429,360944,360944,360944,0,51485,540403,1649716,1736320,0.7446750109793588,0.7029043708060212,0.9138372406359472,0.9925004572891897,0.9270747557092666,1.3682689723405979,1.3439071526596607,1.305176376547612,1.0,True,True
chameleon_gcnii16,True,12,15,4,R0_INDEPENDENT,window_cost_cluster,475521,0,0,0,0,475521,592020,1902084,2673920,1.1467940272288097,1.0,1.2628842607985975,1.3492652995317294,1.015625,0.6070147340447134,0.6070147340447134,0.6070147340447134,1.0,True,True
chameleon_gcnii16,True,12,15,4,R1_DELTA_V1,window_cost_cluster,475521,430616,430616,421034,9582,54487,120016,1902084,1981760,0.8499396135265701,0.7411440880804212,0.9359792038206934,1.0,0.20589042599912166,1.1837514420898743,1.1644249434304683,1.133579335793358,1.0,False,True
chameleon_gcnii16,True,12,15,4,R2_CHAIN_GAP,window_cost_cluster,475521,0,0,0,0,475521,239708,1902084,1952000,0.8371761089152393,0.730014360938248,0.9219236465858598,0.9849830453738091,0.41122502195871763,1.1064746893193507,0.9745292651600421,0.8129562673677091,1.556226742536753,False,True
chameleon_gcnii16,True,12,15,4,R3_MOSAIC_ANCHOR,window_cost_cluster,475521,446948,446948,446948,0,28573,427266,1902084,1976192,0.8475516029863855,0.7390617520344662,0.9333494544025632,0.9971903762312289,0.7329854249011858,1.2017433888465914,1.191217785134607,1.1740789490910593,1.0,True,True
cora_resgcn16,False,4,7,4,R0_INDEPENDENT,window_cost_cluster,263948,0,0,0,0,263948,704080,1055792,2089280,0.7534388847858198,1.0,1.630945243804956,1.8064855293010902,1.015625,0.9795842626990636,0.9795842626990636,0.9795842626990636,1.0,True,True
cora_resgcn16,False,4,7,4,R1_DELTA_V1,window_cost_cluster,263948,133872,133872,128694,5178,135254,403424,1055792,1156544,0.4170744091580502,0.5535610353806096,0.9028277378097522,1.0,0.5819331610044313,1.826911696407127,1.7070560901037533,1.6703455258827997,1.0,False,True
cora_resgcn16,False,4,7,4,R2_CHAIN_GAP,window_cost_cluster,263948,0,0,0,0,263948,657213,1055792,1163520,0.4195901033973412,0.5568999846837188,0.908273381294964,1.0060317635991367,0.9480200447747416,1.7560721169295415,1.5517042715547142,1.2996250532385012,1.755575437491346,False,True
cora_resgcn16,False,4,7,4,R3_MOSAIC_ANCHOR,window_cost_cluster,263948,134340,134340,134340,0,129608,717980,1055792,1168960,0.4215518833087149,0.5595037524888957,0.9125199840127898,1.0107354324608488,1.0356755446824224,1.8321592015765222,1.7163498271932478,1.5527677360716061,1.0,True,True
cora_resgcn16,False,8,11,4,R0_INDEPENDENT,window_cost_cluster,237929,0,0,0,0,237929,704080,951716,2055744,0.7413450886262924,1.0,1.7551499918037266,1.9528818093385214,1.015625,0.9774021279217845,0.9774021279217845,0.9774021279217845,1.0,True,True
cora_resgcn16,False,8,11,4,R1_DELTA_V1,window_cost_cluster,237929,106352,106352,102021,4331,135908,430096,951716,1052672,0.37961595273264404,0.5120637589116155,0.8987487022567073,1.0,0.6204071270310192,1.8122966746619398,1.6817266166710254,1.6431447296634691,1.0,False,True
cora_resgcn16,False,8,11,4,R2_CHAIN_GAP,window_cost_cluster,237929,0,0,0,0,237929,675181,951716,1064064,0.3837241506646972,0.517605304940693,0.9084749467242227,1.0108219844357977,0.9739386193685377,1.7477308528717064,1.5451879091931209,1.2950508037290087,1.7257520575964074,False,True
cora_resgcn16,False,8,11,4,R3_MOSAIC_ANCHOR,window_cost_cluster,237929,110132,110132,110132,0,127797,737167,951716,1066752,0.38469350073855246,0.5189128607453068,0.9107699032839736,1.013375486381323,1.0633525087703102,1.814674803615331,1.6910541947371553,1.5186319298284807,1.0,True,True
cora_resgcn16,False,12,15,4,R0_INDEPENDENT,window_cost_cluster,209621,0,0,0,0,209621,704080,838484,2003520,0.7225120014771049,1.0,1.926698670605613,2.144618757278893,1.015625,0.9744284638484209,0.9744284638484209,0.9744284638484209,1.0,True,True
cora_resgcn16,False,12,15,4,R1_DELTA_V1,window_cost_cluster,209621,75552,75552,72308,3244,137313,423808,838484,934208,0.3368953101920236,0.46628334131927807,0.8983874938453964,1.0,0.6113367799113737,1.7976376639397507,1.6517604832648944,1.638701053010108,1.0,False,True
cora_resgcn16,False,12,15,4,R2_CHAIN_GAP,window_cost_cluster,209621,0,0,0,0,209621,680259,838484,952256,0.3434038035450517,0.47529148698291007,0.9157434761201378,1.0193190381585258,0.9812635593611522,1.7380565151726834,1.5376210888252149,1.2897313277641307,1.758231791126615,False,True
cora_resgcn16,False,12,15,4,R3_MOSAIC_ANCHOR,window_cost_cluster,209621,84760,84760,84760,0,124861,685615,838484,947392,0.34164974150664695,0.4728637597827823,0.9110659773510585,1.0141124888675754,0.9889895102474151,1.8007122237298239,1.6666398329551768,1.4826542935906029,1.0,True,True
pubmed_deepres28_w128,False,4,7,4,R0_INDEPENDENT,window_cost_cluster,4933304,0,0,0,0,4933304,10173972,19733216,26904128,0.6662667368260892,1.0,1.207497579989602,1.2944395176686496,1.0078125,0.9841436557716329,0.9841436557716329,0.9841436557716329,1.0,True,True
pubmed_deepres28_w128,False,4,7,4,R1_DELTA_V1,window_cost_cluster,4933304,3963704,3963704,3846159,117545,1087145,2680288,19733216,20784384,0.5147144596033879,0.7725351291816631,0.9328342989438126,1.0,0.26550375310645635,1.8968980437834229,1.8392357072710344,1.7549812266288916,1.0,False,True
pubmed_deepres28_w128,False,4,7,4,R2_CHAIN_GAP,window_cost_cluster,4933304,0,0,0,0,4933304,5465973,19733216,20592448,0.5099612643911345,0.76540105667056,0.9242199236511853,0.9907653746197145,0.5414479137609677,1.7900101022481618,1.5781431840763553,1.3181203527631662,1.5548261947140976,False,True
pubmed_deepres28_w128,False,4,7,4,R3_MOSAIC_ANCHOR,window_cost_cluster,4933304,4129000,4129000,4129000,0,804304,7574278,19733216,20849472,0.5163263300704976,0.7749543861819271,0.9357555459170044,1.0031315818645383,0.7502922208627073,1.9225346182020346,1.8783775062448491,1.8091237218785783,1.0,True,True
pubmed_deepres28_w128,False,8,11,4,R0_INDEPENDENT,window_cost_cluster,4561573,0,0,0,0,4561573,10173972,18246292,25447616,0.6301969746918903,1.0,1.2249846730192766,1.3291226404687808,1.0078125,0.982873623091289,0.982873623091289,0.982873623091289,1.0,True,True
pubmed_deepres28_w128,False,8,11,4,R1_DELTA_V1,window_cost_cluster,4561573,3766820,3766820,3674840,91980,886733,2315376,18246292,19146176,0.47414509053101384,0.752376018248625,0.9216490907018371,1.0,0.229356329563321,1.9092453101969626,1.8575395060597872,1.7773178865197865,1.0,False,True
pubmed_deepres28_w128,False,8,11,4,R2_CHAIN_GAP,window_cost_cluster,4561573,0,0,0,0,4561573,4584839,18246292,18988288,0.4702350763300705,0.7461715863678546,0.9140487567431013,0.9917535491160219,0.45416461286580107,1.7925887201779598,1.580147170608867,1.319518076262238,1.5048982090756076,False,True
pubmed_deepres28_w128,False,8,11,4,R3_MOSAIC_ANCHOR,window_cost_cluster,4561573,4128044,4128044,4128044,0,433529,5507985,18246292,19104064,0.4731022087538672,0.750721167751038,0.9196219242061549,0.9978005007370663,0.545609535077598,1.9448236170416007,1.9182319159519625,1.875492365400423,1.0,True,True
pubmed_deepres28_w128,False,12,15,4,R0_INDEPENDENT,window_cost_cluster,4286383,0,0,0,0,4286383,10173972,17145532,24924352,0.6172386138864939,1.0,1.274184418975203,1.3875031619750675,1.0078125,0.9817941107924141,0.9817941107924141,0.9817941107924141,1.0,True,True
pubmed_deepres28_w128,False,12,15,4,R1_DELTA_V1,window_cost_cluster,4286383,3607784,3607784,3526667,81117,759716,2028248,17145532,17963456,0.44485564487498097,0.7207190782733288,0.9183290199940453,1.0,0.20091402723538063,1.9156318665087464,1.8680627510148458,1.7938222031575313,1.0,False,True
pubmed_deepres28_w128,False,12,15,4,R2_CHAIN_GAP,window_cost_cluster,4286383,0,0,0,0,4286383,4056339,17145532,17822912,0.4413751458132576,0.7150802556471679,0.9111441200624262,0.9921761157763851,0.4018125023773901,1.7940653510902584,1.5812944344820503,1.3203179969429946,1.390330048844537,False,True
pubmed_deepres28_w128,False,12,15,4,R3_MOSAIC_ANCHOR,window_cost_cluster,4286383,4009980,4009980,4009980,0,276403,4512442,17145532,17872704,0.44260821879596285,0.7170779806030664,0.91368959007463,0.9949479654694509,0.4469931166632855,1.9552301873703553,1.9369145766967544,1.9071393763619717,1.0,True,True
pubmed_deepres28_w128,False,16,19,4,R0_INDEPENDENT,window_cost_cluster,4213753,0,0,0,0,4213753,10173972,16855012,24471488,0.6060236724653852,1.0,1.2714796858269655,1.3877256972798373,1.0078125,0.9814861162467718,0.9814861162467718,0.9814861162467718,1.0,True,True
pubmed_deepres28_w128,False,16,19,4,R1_DELTA_V1,window_cost_cluster,4213753,3538476,3538476,3462046,76430,751707,1890856,16855012,17634240,0.43670278186336664,0.7206035039634696,0.9162327168252828,1.0,0.18730426155094587,1.9175654719868742,1.8695988196522815,1.794773661153576,1.0,False,True
pubmed_deepres28_w128,False,16,19,4,R2_CHAIN_GAP,window_cost_cluster,4213753,0,0,0,0,4213753,3901943,16855012,17518592,0.4338388192929959,0.7158776777284651,0.9102239247687264,0.9934418494928049,0.38651835582872646,1.7945769127434628,1.5816918385087684,1.3205950390948349,1.3684115836648563,False,True
pubmed_deepres28_w128,False,16,19,4,R3_MOSAIC_ANCHOR,window_cost_cluster,4213753,3973784,3973784,3973784,0,239969,4274634,16855012,17558336,0.4348230587817619,0.7175017718579271,0.9122889274622081,0.9956956466510607,0.4234363509281331,1.9578171605206118,1.9415813100094925,1.915111806431476,1.0,True,True
pubmed_deepres28_w128,False,20,23,4,R0_INDEPENDENT,window_cost_cluster,4056025,0,0,0,0,4056025,10173972,16224100,23909056,0.5920953365116397,1.0,1.2898446644178283,1.4071514128805285,1.0078125,0.9807799982082014,0.9807799982082014,0.9807799982082014,1.0,True,True
pubmed_deepres28_w128,False,20,23,4,R1_DELTA_V1,window_cost_cluster,4056025,3403592,3403592,3330723,72869,725302,1860200,16224100,16991104,0.42077585332454226,0.7106555775351399,0.9166353049224704,1.0,0.18426754196885936,1.9175201020439663,1.869443713717385,1.794458757897992,1.0,False,True
pubmed_deepres28_w128,False,20,23,4,R2_CHAIN_GAP,window_cost_cluster,4056025,0,0,0,0,4056025,3943177,16224100,16887488,0.41820985697621343,0.7063218221580978,0.9110454336725006,0.9939017499981166,0.3906029100839377,1.793415583363299,1.580789627028413,1.3199660475323158,1.3597921168641427,False,True
pubmed_deepres28_w128,False,20,23,4,R3_MOSAIC_ANCHOR,window_cost_cluster,4056025,3815840,3815840,3815840,0,240185,4183851,16224100,16916032,0.4189167342902064,0.7075156794145281,0.9125853240847838,0.9955816879232803,0.4144435758165542,1.9568721261180873,1.940011516355862,1.9125470161963112,1.0,True,True
pubmed_deepres28_w128,False,24,27,4,R0_INDEPENDENT,window_cost_cluster,3922633,0,0,0,0,3922633,10173972,15690532,23526464,0.5826206446213927,1.0,1.324215865330927,1.4367888871951815,1.0078125,0.9801393887111011,0.9801393887111011,0.9801393887111011,1.0,True,True
pubmed_deepres28_w128,False,24,27,4,R1_DELTA_V1,window_cost_cluster,3922633,3381920,3381920,3320040,61880,602593,1536720,15690532,16374336,0.4055019145914693,0.6959964744383176,0.9216495736656112,1.0,0.15222428614900846,1.9281597208286516,1.886256120732648,1.8203227210222048,1.0,False,True
pubmed_deepres28_w128,False,24,27,4,R2_CHAIN_GAP,window_cost_cluster,3922633,0,0,0,0,3922633,3630815,15690532,16315456,0.4040437820155196,0.6934937608983653,0.9183354406896278,0.9964041289979636,0.3596609802137749,1.7945866989652342,1.5816994406225817,1.3206003385301839,1.316791959931861,False,True
pubmed_deepres28_w128,False,24,27,4,R3_MOSAIC_ANCHOR,window_cost_cluster,3922633,3737996,3737996,3737996,0,184637,3698381,15690532,16324672,0.40427201146219,0.693885489974184,0.9188541745467382,0.9969669609808911,0.36635392760688745,1.9618635165950145,1.9483694631443145,1.9262872079100566,1.0,True,True
