task_id,stage,status,depends_on,estimated_minutes,started_utc,finished_utc,wall_seconds,log,command,reason
arxiv_slice64,sensitivity,SUCCEEDED,,90,2026-07-29T12:24:53Z,2026-07-29T12:26:09Z,75.8,artifacts_hpca_xorflow/complete_suite/paper_suite_sensitivity_20260729_v1/arxiv_slice64.log,PYTHONPATH=src python -m mosaic_validation.hpca_format_matrix --configs ogbn_arxiv_deepres8_w128_s17 --slice-width 64 --max-pairs 1 --output results_hpca_xorflow/complete_suite/sensitivity/arxiv_slice64.csv,
arxiv_slice96,sensitivity,SUCCEEDED,,90,2026-07-29T12:26:09Z,2026-07-29T12:27:25Z,76.0,artifacts_hpca_xorflow/complete_suite/paper_suite_sensitivity_20260729_v1/arxiv_slice96.log,PYTHONPATH=src python -m mosaic_validation.hpca_format_matrix --configs ogbn_arxiv_deepres8_w128_s17 --slice-width 96 --max-pairs 1 --output results_hpca_xorflow/complete_suite/sensitivity/arxiv_slice96.csv,
arxiv_slice256,sensitivity,SUCCEEDED,,90,2026-07-29T12:27:25Z,2026-07-29T12:28:21Z,56.5,artifacts_hpca_xorflow/complete_suite/paper_suite_sensitivity_20260729_v1/arxiv_slice256.log,PYTHONPATH=src python -m mosaic_validation.hpca_format_matrix --configs ogbn_arxiv_deepres8_w128_s17 --slice-width 256 --max-pairs 1 --output results_hpca_xorflow/complete_suite/sensitivity/arxiv_slice256.csv,
arxiv_cache256,sensitivity,SUCCEEDED,,90,2026-07-29T12:28:21Z,2026-07-29T12:29:18Z,56.3,artifacts_hpca_xorflow/complete_suite/paper_suite_sensitivity_20260729_v1/arxiv_cache256.log,PYTHONPATH=src python -m mosaic_validation.hpca_format_matrix --configs ogbn_arxiv_deepres8_w128_s17 --feature-cache-bytes 262144 --max-pairs 1 --output results_hpca_xorflow/complete_suite/sensitivity/arxiv_cache256.csv,
arxiv_cache1m,sensitivity,SUCCEEDED,,90,2026-07-29T12:29:18Z,2026-07-29T12:30:15Z,57.5,artifacts_hpca_xorflow/complete_suite/paper_suite_sensitivity_20260729_v1/arxiv_cache1m.log,PYTHONPATH=src python -m mosaic_validation.hpca_format_matrix --configs ogbn_arxiv_deepres8_w128_s17 --feature-cache-bytes 1048576 --max-pairs 1 --output results_hpca_xorflow/complete_suite/sensitivity/arxiv_cache1m.csv,
arxiv_source_tiled,sensitivity,SUCCEEDED,,90,2026-07-29T12:30:15Z,2026-07-29T12:31:12Z,56.8,artifacts_hpca_xorflow/complete_suite/paper_suite_sensitivity_20260729_v1/arxiv_source_tiled.log,PYTHONPATH=src python -m mosaic_validation.hpca_format_matrix --configs ogbn_arxiv_deepres8_w128_s17 --edge-order O1 --max-pairs 1 --output results_hpca_xorflow/complete_suite/sensitivity/arxiv_source_tiled.csv,
reddit_slice96,sensitivity,SUCCEEDED,,150,2026-07-29T12:31:12Z,2026-07-29T12:37:55Z,403.1,artifacts_hpca_xorflow/complete_suite/paper_suite_sensitivity_20260729_v1/reddit_slice96.log,PYTHONPATH=src python -m mosaic_validation.hpca_format_matrix --configs reddit_deepres8_w128_s7_native --slice-width 96 --max-pairs 1 --output results_hpca_xorflow/complete_suite/sensitivity/reddit_slice96.csv,
reddit_cache256,sensitivity,SUCCEEDED,,150,2026-07-29T12:37:55Z,2026-07-29T12:42:53Z,297.8,artifacts_hpca_xorflow/complete_suite/paper_suite_sensitivity_20260729_v1/reddit_cache256.log,PYTHONPATH=src python -m mosaic_validation.hpca_format_matrix --configs reddit_deepres8_w128_s7_native --feature-cache-bytes 262144 --max-pairs 1 --output results_hpca_xorflow/complete_suite/sensitivity/reddit_cache256.csv,
reddit_cache1m,sensitivity,SUCCEEDED,,150,2026-07-29T12:42:53Z,2026-07-29T12:47:44Z,291.3,artifacts_hpca_xorflow/complete_suite/paper_suite_sensitivity_20260729_v1/reddit_cache1m.log,PYTHONPATH=src python -m mosaic_validation.hpca_format_matrix --configs reddit_deepres8_w128_s7_native --feature-cache-bytes 1048576 --max-pairs 1 --output results_hpca_xorflow/complete_suite/sensitivity/reddit_cache1m.csv,
reddit_source_tiled,sensitivity,SUCCEEDED,,150,2026-07-29T12:47:44Z,2026-07-29T12:52:23Z,278.8,artifacts_hpca_xorflow/complete_suite/paper_suite_sensitivity_20260729_v1/reddit_source_tiled.log,PYTHONPATH=src python -m mosaic_validation.hpca_format_matrix --configs reddit_deepres8_w128_s7_native --edge-order O1 --max-pairs 1 --output results_hpca_xorflow/complete_suite/sensitivity/reddit_source_tiled.csv,
canonical_evidence_refresh_sensitivity,report,SUCCEEDED,"arxiv_slice64,arxiv_slice96,arxiv_slice256,arxiv_cache256,arxiv_cache1m,arxiv_source_tiled,reddit_slice96,reddit_cache256,reddit_cache1m,reddit_source_tiled",10,2026-07-29T12:52:23Z,2026-07-29T12:52:24Z,0.5,artifacts_hpca_xorflow/complete_suite/paper_suite_sensitivity_20260729_v1/canonical_evidence_refresh_sensitivity.log,PYTHONPATH=src:. python scripts/build_hpca_paper_evidence.py,
