stage,item_id,category,status,validity,metric,floor,value,started_utc,finished_utc,wall_seconds,artifact,sha256,log,command,reason
quality,ogbn_arxiv_deepres8_w128_s17,hard_principal,SUCCEEDED,HARD_VALID,accuracy,0.68,0.682777,2026-07-28T19:12:28Z,2026-07-28T19:12:28Z,,artifacts_hpca_xorflow/workloads/ogbn_arxiv_deepres8_w128_s17/record.json,,,,meets predeclared floor
quality,ogbn_arxiv_deepres8_w128_s27,hard_principal,SUCCEEDED,HARD_VALID,accuracy,0.68,0.686583,2026-07-28T19:12:28Z,2026-07-28T19:12:28Z,,artifacts_hpca_xorflow/workloads/ogbn_arxiv_deepres8_w128_s27/record.json,,,,meets predeclared floor
quality,reddit_deepres8_w128_s7_native,hard_principal,SUCCEEDED,HARD_VALID,accuracy,0.9,0.953360,2026-07-28T19:12:28Z,2026-07-28T19:12:28Z,,artifacts_hpca_xorflow/workloads/reddit_deepres8_w128_s7_native/record.json,,,,meets predeclared floor
quality,yelp_deepres8_w128_s7_balanced_fallback,supplementary,SUCCEEDED,BORDERLINE,micro_f1,0.45,0.433952,2026-07-28T19:12:28Z,2026-07-28T19:12:28Z,,artifacts_hpca_xorflow/workloads/yelp_deepres8_w128_s7_balanced_fallback/record.json,,,,within 0.020 of floor; report-only
quality,flickr_deepres8_w128_s7,transfer,SUCCEEDED,HARD_VALID,accuracy,0.45,0.472281,2026-07-28T19:12:28Z,2026-07-28T19:12:28Z,,artifacts_hpca_xorflow/workloads/flickr_deepres8_w128_s7/record.json,,,,meets predeclared floor
smoke,environment_and_regression,admission,SUCCEEDED,N/A,,,,2026-07-28T19:12:28Z,2026-07-28T19:12:31Z,3.1,artifacts_hpca_xorflow/overnight_smoke.json,154224d5e718f74d009123337847b534cb71a4490efd7a2d71e42105b330967f,artifacts_hpca_xorflow/logs/overnight_pytest.log,pytest targeted HPCA tests,all admission checks passed
quality,ogbn_arxiv_deepres8_w128_s17,hard_principal,SUCCEEDED,HARD_VALID,accuracy,0.68,0.682777,2026-07-28T19:15:39Z,2026-07-28T19:15:39Z,,artifacts_hpca_xorflow/workloads/ogbn_arxiv_deepres8_w128_s17/record.json,,,,meets predeclared floor
quality,ogbn_arxiv_deepres8_w128_s27,hard_principal,SUCCEEDED,HARD_VALID,accuracy,0.68,0.686583,2026-07-28T19:15:39Z,2026-07-28T19:15:39Z,,artifacts_hpca_xorflow/workloads/ogbn_arxiv_deepres8_w128_s27/record.json,,,,meets predeclared floor
quality,reddit_deepres8_w128_s7_native,hard_principal,SUCCEEDED,HARD_VALID,accuracy,0.9,0.953360,2026-07-28T19:15:39Z,2026-07-28T19:15:39Z,,artifacts_hpca_xorflow/workloads/reddit_deepres8_w128_s7_native/record.json,,,,meets predeclared floor
quality,yelp_deepres8_w128_s7_balanced_fallback,supplementary,SUCCEEDED,BORDERLINE,micro_f1,0.45,0.433952,2026-07-28T19:15:39Z,2026-07-28T19:15:39Z,,artifacts_hpca_xorflow/workloads/yelp_deepres8_w128_s7_balanced_fallback/record.json,,,,within 0.020 of floor; report-only
quality,flickr_deepres8_w128_s7,transfer,SUCCEEDED,HARD_VALID,accuracy,0.45,0.472281,2026-07-28T19:15:39Z,2026-07-28T19:15:39Z,,artifacts_hpca_xorflow/workloads/flickr_deepres8_w128_s7/record.json,,,,meets predeclared floor
smoke,environment_and_regression,admission,SUCCEEDED,N/A,,,,2026-07-28T19:15:39Z,2026-07-28T19:15:42Z,3.1,artifacts_hpca_xorflow/overnight_smoke.json,fe3d1c3b428ac817781eb67f844a1e7e709d12699ba736f77c1b714ebff79ae0,artifacts_hpca_xorflow/logs/overnight_pytest.log,pytest targeted HPCA tests,all admission checks passed
primary,ogbn_arxiv_deepres8_w128_s17,hard_principal,SUCCEEDED,HARD_VALID,accuracy,0.68,0.682777,2026-07-28T19:15:42Z,2026-07-28T19:15:57Z,14.9,results_hpca_xorflow/runs/ogbn_arxiv_deepres8_w128_s17/host_model_overnight.csv,2de2a4a66b42787ba34dc2e78c6406cbe547f1b38adae8cf2183958f507d33be,artifacts_hpca_xorflow/logs/overnight_ogbn_arxiv_deepres8_w128_s17.log,causal preflight W=2 then normalized host,
primary,ogbn_arxiv_deepres8_w128_s27,hard_principal,SUCCEEDED,HARD_VALID,accuracy,0.68,0.686583,2026-07-28T19:15:57Z,2026-07-28T19:16:12Z,14.8,results_hpca_xorflow/runs/ogbn_arxiv_deepres8_w128_s27/host_model_overnight.csv,4391b322e379adfd3f3c73cebe53b14286c3ff225d9af1bb783cad5ab14271b4,artifacts_hpca_xorflow/logs/overnight_ogbn_arxiv_deepres8_w128_s27.log,causal preflight W=2 then normalized host,
primary,reddit_deepres8_w128_s7_native,hard_principal,SUCCEEDED,HARD_VALID,accuracy,0.9,0.953360,2026-07-28T19:16:12Z,2026-07-28T19:17:22Z,69.9,results_hpca_xorflow/runs/reddit_deepres8_w128_s7_native/host_model_overnight.csv,9c1dbd5d76739dfe245243c34d89e5c4210c8a9d2d1132bf7988938899650ba5,artifacts_hpca_xorflow/logs/overnight_reddit_deepres8_w128_s7_native.log,causal preflight W=2 then normalized host,
primary,yelp_deepres8_w128_s7_balanced_fallback,supplementary,SUCCEEDED,BORDERLINE,micro_f1,0.45,0.433952,2026-07-28T19:17:22Z,2026-07-28T19:20:31Z,189.5,results_hpca_xorflow/runs/yelp_deepres8_w128_s7_balanced_fallback/host_model_overnight.csv,1f2cc6993a6f10e9d25a6bfd1f606135f3878c068b4654d9b58aa33af5868d79,artifacts_hpca_xorflow/logs/overnight_yelp_deepres8_w128_s7_balanced_fallback.log,causal preflight W=2 then normalized host,
primary,flickr_deepres8_w128_s7,transfer,SUCCEEDED,HARD_VALID,accuracy,0.45,0.472281,2026-07-28T19:20:31Z,2026-07-28T19:20:39Z,7.7,results_hpca_xorflow/runs/flickr_deepres8_w128_s7/host_model_overnight.csv,45682eb7b84fdcc43e0a3da7c1eb929b5048f58d807501ce97032e4e5a884d9f,artifacts_hpca_xorflow/logs/overnight_flickr_deepres8_w128_s7.log,causal preflight W=2 then normalized host,
controls,causal_support_nulls,controls,SUCCEEDED,HARD_VALID_ONLY,,,,,,,results_hpca_xorflow/overnight_null_controls.csv,dbd084017d4c950e00d2a86b710c161e14b18cdd354bf685e62b5a5df218999c,,,"density, node, and temporal controls use seed 7007"
tools,scalesim_and_ramulator_smoke,timing_tool,FAILED,N/A,,,,2026-07-28T19:26:26Z,2026-07-28T19:26:39Z,13.5,artifacts_hpca_xorflow/logs/overnight_ramulator_smoke.log,6214dcec9cb78ed48f4f998dfe577ae337421ef7d8d376206721fb7028ceb8f2,artifacts_hpca_xorflow/logs/overnight_ramulator_smoke.log,bounded Ramulator HBM2 Cora pair; SCALE-Sim validated by host canary,exit 1
report,overnight_summary,reporting,SUCCEEDED,N/A,,,,,,,results_hpca_xorflow/overnight_summary.csv,4bd775e7c8ecf25f9993de52cc83d9c8816f2b0cad58bf3e04f9b3ccc8ccc424,,,indexed only; no post-hoc gate relaxation
tools,scalesim_and_ramulator_smoke,timing_tool,FAILED,N/A,,,,2026-07-28T19:26:40Z,2026-07-28T19:26:40Z,0.1,artifacts_hpca_xorflow/logs/overnight_ramulator_smoke.log,8e963be26506af07d4de7346d519ee45d5e9fb4ab16914971aaf72d638f39590,artifacts_hpca_xorflow/logs/overnight_ramulator_smoke.log,bounded Ramulator HBM2 smoke; SCALE-Sim validated by host canary,exit 1
report,overnight_summary,reporting,SUCCEEDED,N/A,,,,,,,results_hpca_xorflow/overnight_summary.csv,4bd775e7c8ecf25f9993de52cc83d9c8816f2b0cad58bf3e04f9b3ccc8ccc424,,,indexed only; no post-hoc gate relaxation
tools,scalesim_and_ramulator_smoke,timing_tool,FAILED,N/A,,,,2026-07-28T19:34:14Z,2026-07-28T19:34:14Z,0.0,artifacts_hpca_xorflow/logs/overnight_ramulator_smoke.log,089847bb99a2d62905578a746da78481b30e8eb5d9d8663202287a2af6de6c1d,artifacts_hpca_xorflow/logs/overnight_ramulator_smoke.log,bounded Ramulator HBM2 smoke; SCALE-Sim validated by host canary,exit 1
report,overnight_summary,reporting,SUCCEEDED,N/A,,,,,,,results_hpca_xorflow/overnight_summary.csv,4bd775e7c8ecf25f9993de52cc83d9c8816f2b0cad58bf3e04f9b3ccc8ccc424,,,indexed only; no post-hoc gate relaxation
tools,scalesim_and_ramulator_smoke,timing_tool,SUCCEEDED,N/A,,,,2026-07-28T19:35:01Z,2026-07-28T19:35:01Z,0.0,artifacts_hpca_xorflow/ramulator/overnight_tiny.json,11d552159fe8f24ef9ccd19c9bd802c4991619a68f53bf768bb5e7f81d702281,artifacts_hpca_xorflow/logs/overnight_ramulator_smoke.log,bounded Ramulator HBM2 smoke; SCALE-Sim validated by host canary,PPA tools unavailable are recorded in smoke manifest
report,overnight_summary,reporting,SUCCEEDED,N/A,,,,,,,results_hpca_xorflow/overnight_summary.csv,4bd775e7c8ecf25f9993de52cc83d9c8816f2b0cad58bf3e04f9b3ccc8ccc424,,,indexed only; no post-hoc gate relaxation
report,overnight_summary,reporting,SUCCEEDED,N/A,,,,,,,results_hpca_xorflow/overnight_summary.csv,4bd775e7c8ecf25f9993de52cc83d9c8816f2b0cad58bf3e04f9b3ccc8ccc424,,,indexed only; no post-hoc gate relaxation
report,overnight_summary,reporting,SUCCEEDED,N/A,,,,,,,results_hpca_xorflow/overnight_summary.csv,4bd775e7c8ecf25f9993de52cc83d9c8816f2b0cad58bf3e04f9b3ccc8ccc424,,,indexed only; no post-hoc gate relaxation
report,overnight_summary,reporting,SUCCEEDED,N/A,,,,,,,results_hpca_xorflow/overnight_summary.csv,4bd775e7c8ecf25f9993de52cc83d9c8816f2b0cad58bf3e04f9b3ccc8ccc424,,,indexed only; no post-hoc gate relaxation
temporal,temporal_arxiv_s17,principal,SUCCEEDED,,,,,2026-07-28T19:51:23Z,2026-07-28T19:51:48Z,24.9,results_hpca_xorflow/paper_runs/temporal_arxiv_s17/host_model.csv,,artifacts_hpca_xorflow/logs/paper_temporal_arxiv_s17.log,causal cache simulation plus normalized host model,
temporal,temporal_arxiv_s27,principal,SUCCEEDED,,,,,2026-07-28T19:51:48Z,2026-07-28T19:52:13Z,24.8,results_hpca_xorflow/paper_runs/temporal_arxiv_s27/host_model.csv,,artifacts_hpca_xorflow/logs/paper_temporal_arxiv_s27.log,causal cache simulation plus normalized host model,
temporal,temporal_reddit,principal,SUCCEEDED,,,,,2026-07-28T19:52:13Z,2026-07-28T19:54:00Z,107.8,results_hpca_xorflow/paper_runs/temporal_reddit/host_model.csv,,artifacts_hpca_xorflow/logs/paper_temporal_reddit.log,causal cache simulation plus normalized host model,
temporal,temporal_flickr,transfer,SUCCEEDED,,,,,2026-07-28T19:54:00Z,2026-07-28T19:54:12Z,11.9,results_hpca_xorflow/paper_runs/temporal_flickr/host_model.csv,,artifacts_hpca_xorflow/logs/paper_temporal_flickr.log,causal cache simulation plus normalized host model,
temporal,temporal_yelp_borderline,supplementary,SUCCEEDED,,,,,2026-07-28T19:54:12Z,2026-07-28T19:55:43Z,90.6,results_hpca_xorflow/paper_runs/temporal_yelp_borderline/host_model.csv,,artifacts_hpca_xorflow/logs/paper_temporal_yelp_borderline.log,causal cache simulation plus normalized host model,
sensitivity,sens_arxiv_cache256,principal,SUCCEEDED,,,,,2026-07-28T19:55:43Z,2026-07-28T19:56:08Z,24.7,results_hpca_xorflow/paper_runs/sens_arxiv_cache256/host_model.csv,,artifacts_hpca_xorflow/logs/paper_sens_arxiv_cache256.log,causal cache simulation plus normalized host model,
sensitivity,sens_arxiv_cache1m,principal,SUCCEEDED,,,,,2026-07-28T19:56:08Z,2026-07-28T19:56:32Z,24.8,results_hpca_xorflow/paper_runs/sens_arxiv_cache1m/host_model.csv,,artifacts_hpca_xorflow/logs/paper_sens_arxiv_cache1m.log,causal cache simulation plus normalized host model,
sensitivity,sens_arxiv_slice64,principal,SUCCEEDED,,,,,2026-07-28T19:56:32Z,2026-07-28T19:57:10Z,37.9,results_hpca_xorflow/paper_runs/sens_arxiv_slice64/host_model.csv,,artifacts_hpca_xorflow/logs/paper_sens_arxiv_slice64.log,causal cache simulation plus normalized host model,
sensitivity,sens_arxiv_slice96,principal,SUCCEEDED,,,,,2026-07-28T19:57:10Z,2026-07-28T19:57:56Z,45.8,results_hpca_xorflow/paper_runs/sens_arxiv_slice96/host_model.csv,,artifacts_hpca_xorflow/logs/paper_sens_arxiv_slice96.log,causal cache simulation plus normalized host model,
sensitivity,sens_arxiv_slice256,principal,SUCCEEDED,,,,,2026-07-28T19:57:56Z,2026-07-28T20:00:30Z,154.2,results_hpca_xorflow/paper_runs/sens_arxiv_slice256/host_model.csv,,artifacts_hpca_xorflow/logs/paper_sens_arxiv_slice256.log,causal cache simulation plus normalized host model,
sensitivity,sens_arxiv_source_tiled,principal,SUCCEEDED,,,,,2026-07-28T20:00:30Z,2026-07-28T20:00:55Z,25.0,results_hpca_xorflow/paper_runs/sens_arxiv_source_tiled/host_model.csv,,artifacts_hpca_xorflow/logs/paper_sens_arxiv_source_tiled.log,causal cache simulation plus normalized host model,
sensitivity,sens_reddit_cache256,principal,SUCCEEDED,,,,,2026-07-28T20:00:55Z,2026-07-28T20:02:42Z,106.8,results_hpca_xorflow/paper_runs/sens_reddit_cache256/host_model.csv,,artifacts_hpca_xorflow/logs/paper_sens_reddit_cache256.log,causal cache simulation plus normalized host model,
sensitivity,sens_reddit_cache1m,principal,SUCCEEDED,,,,,2026-07-28T20:02:42Z,2026-07-28T20:04:29Z,106.8,results_hpca_xorflow/paper_runs/sens_reddit_cache1m/host_model.csv,,artifacts_hpca_xorflow/logs/paper_sens_reddit_cache1m.log,causal cache simulation plus normalized host model,
sensitivity,sens_reddit_slice96,principal,SUCCEEDED,,,,,2026-07-28T20:04:29Z,2026-07-28T20:06:56Z,146.8,results_hpca_xorflow/paper_runs/sens_reddit_slice96/host_model.csv,,artifacts_hpca_xorflow/logs/paper_sens_reddit_slice96.log,causal cache simulation plus normalized host model,
sensitivity,sens_reddit_source_tiled,principal,SUCCEEDED,,,,,2026-07-28T20:06:56Z,2026-07-28T20:08:48Z,111.8,results_hpca_xorflow/paper_runs/sens_reddit_source_tiled/host_model.csv,,artifacts_hpca_xorflow/logs/paper_sens_reddit_source_tiled.log,causal cache simulation plus normalized host model,
reproduce,reproducibility_arxiv_s17,principal,SUCCEEDED,,,,,2026-07-28T20:08:48Z,2026-07-28T20:09:13Z,25.5,results_hpca_xorflow/paper_runs/reproducibility_arxiv_s17/host_model.csv,,artifacts_hpca_xorflow/logs/paper_reproducibility_arxiv_s17.log,causal cache simulation plus normalized host model,
report,paper_queue_manifest,paper_queue,SUCCEEDED,,,,,,,,results_hpca_xorflow/paper_queue_manifest.json,,,,queue snapshot written; pending implementation tasks remain visible
report,paper_queue_manifest,paper_queue,SUCCEEDED,,,,,,,,results_hpca_xorflow/paper_queue_manifest.json,,,,queue snapshot written; pending implementation tasks remain visible
