LayerID, Avg IFMAP SRAM BW, Avg FILTER SRAM BW, Avg OFMAP SRAM BW, Avg IFMAP DRAM BW, Avg FILTER DRAM BW, Avg OFMAP DRAM BW,
0, 0.3480625424881033, 2.7845003399048265, 0.3480625424881033, 0.24334600760456274, 7.801904761904762, 8.0,
1, 0.34788517071513503, 2.7830813657210802, 0.34788517071513503, 0.4866920152091255, 8.928610354223434, 8.0,
2, 0.6671009771986971, 2.6684039087947884, 0.6671009771986971, 0.4866920152091255, 7.801904761904762, 8.0,
3, 0.6667751912746215, 2.667100765098486, 0.6667751912746215, 0.973384030418251, 8.928610354223434, 8.0,
4, 0.9606003752345216, 2.561601000625391, 0.9606003752345216, 0.7300380228136882, 7.801904761904762, 8.0,
5, 0.9601500234411627, 2.560400062509767, 0.9601500234411627, 1.4600760456273765, 8.928610354223434, 8.0,
6, 1.2315093205051113, 2.4630186410102226, 1.2315093205051113, 0.973384030418251, 7.801904761904762, 8.0,
7, 1.2309541697971451, 2.4619083395942902, 1.2309541697971451, 1.946768060836502, 8.928610354223434, 8.0,
8, 1.4823393167342211, 2.3717429067747537, 1.4823393167342211, 1.2167300380228137, 7.801904761904762, 8.0,
9, 1.4816958472001158, 2.370713355520185, 1.4816958472001158, 2.4334600760456273, 8.928610354223434, 8.0,
10, 1.7152428810720268, 2.2869905080960358, 1.7152428810720268, 1.4600760456273765, 7.801904761904762, 8.0,
11, 1.714524905818334, 2.2860332077577787, 1.714524905818334, 2.920152091254753, 8.928610354223434, 8.0,
12, 1.9320754716981132, 2.2080862533692724, 1.9320754716981132, 1.703422053231939, 7.801904761904762, 8.0,
13, 1.9312946248147649, 2.20719385693116, 1.9312946248147649, 3.406844106463878, 8.928610354223434, 8.0,
14, 2.134445023449713, 2.134445023449713, 2.134445023449713, 1.946768060836502, 7.801904761904762, 8.0,
15, 2.1336111472848027, 2.1336111472848027, 2.1336111472848027, 3.893536121673004, 8.928610354223434, 8.0,
16, 2.32375189107413, 2.065557236510338, 2.32375189107413, 2.1901140684410647, 7.801904761904762, 8.0,
17, 2.3228733459357276, 2.0647763074984247, 2.3228733459357276, 4.380228136882129, 8.928610354223434, 8.0,
18, 2.501221299462628, 2.0009770395701025, 2.501221299462628, 2.4334600760456273, 7.801904761904762, 8.0,
19, 2.500305213038701, 2.000244170430961, 2.500305213038701, 4.866920152091255, 8.928610354223434, 8.0,
20, 2.667929891046897, 1.940312648034107, 2.667929891046897, 2.67680608365019, 7.801904761904762, 8.0,
21, 2.666982360601397, 1.9396235349828341, 2.666982360601397, 5.35361216730038, 8.928610354223434, 8.0,
22, 2.8248275862068963, 1.8832183908045976, 2.8248275862068963, 2.920152091254753, 7.801904761904762, 8.0,
23, 2.8238538435022407, 1.8825692290014937, 2.8238538435022407, 5.840304182509506, 8.928610354223434, 8.0,
24, 2.972755694506476, 1.829388119696293, 2.972755694506476, 3.1634980988593155, 7.801904761904762, 8.0,
25, 2.971760241098337, 1.828775532983592, 2.971760241098337, 6.326996197718631, 8.928610354223434, 8.0,
26, 3.1124620060790273, 1.7785497177594443, 3.1124620060790273, 3.406844106463878, 7.801904761904762, 8.0,
27, 3.111448724905046, 1.7779706999457408, 3.111448724905046, 6.813688212927756, 8.928610354223434, 8.0,
28, 3.244613434727503, 1.730460498521335, 3.244613434727503, 3.650190114068441, 7.801904761904762, 8.0,
29, 3.243585682610073, 1.7299123640587055, 3.243585682610073, 7.300380228136882, 8.928610354223434, 8.0,
30, 3.369806663924311, 1.6849033319621556, 3.369806663924311, 3.893536121673004, 7.801904761904762, 8.0,
31, 3.368767348617251, 1.6843836743086256, 3.368767348617251, 7.787072243346008, 8.928610354223434, 8.0,
32, 3.4885771543086173, 1.641683366733467, 3.4885771543086173, 4.136882129277566, 7.801904761904762, 8.0,
33, 3.487528798958229, 1.6411900230391665, 3.487528798958229, 8.273764258555133, 8.928610354223434, 8.0,
34, 3.601406799531067, 1.6006252442360298, 3.601406799531067, 4.380228136882129, 7.801904761904762, 8.0,
35, 3.6003515968356283, 1.6001562652602794, 3.6003515968356283, 8.760456273764259, 8.928610354223434, 8.0,
36, 3.7087304613038508, 1.5615707205489897, 3.7087304613038508, 4.623574144486692, 7.801904761904762, 8.0,
37, 3.707670319199619, 1.5611243449261554, 3.707670319199619, 9.247148288973383, 8.928610354223434, 8.0,
38, 3.812360387192852, 1.5249441548771407, 3.812360387192852, 2.4334600760456273, 7.787072243346008, 8.0,
39, 3.810941570524749, 1.5243766282098996, 3.810941570524749, 4.866920152091255, 7.801904761904762, 8.0,
40, 3.8098781508696864, 1.5239512603478746, 3.8098781508696864, 9.73384030418251, 8.928610354223434, 8.0,
41, 3.9083969465648853, 1.4889131225009087, 3.9083969465648853, 5.110266159695818, 7.801904761904762, 8.0,
42, 3.907331698010357, 1.4885073135277551, 3.907331698010357, 5.12, 8.928610354223434, 8.0,
43, 4.001420959147424, 1.4550621669626997, 4.001420959147424, 5.35361216730038, 7.801904761904762, 8.0,
44, 4.000355145165586, 1.4546745982420315, 4.000355145165586, 5.363809523809524, 8.928610354223434, 8.0,
45, 4.090309135116359, 1.4227162209100381, 4.090309135116359, 5.596958174904943, 7.801904761904762, 8.0,
46, 4.089243857973782, 1.4223456897300113, 4.089243857973782, 5.607619047619048, 8.928610354223434, 8.0,
47, 4.17533129459735, 1.3917770981991167, 4.17533129459735, 5.840304182509506, 7.801904761904762, 8.0,
48, 4.1742675159235665, 1.3914225053078557, 4.1742675159235665, 5.851428571428571, 8.928610354223434, 8.0,
49, 4.256734286664449, 1.3621549717326238, 4.256734286664449, 6.083650190114068, 7.801904761904762, 8.0,
50, 4.255672845150029, 1.3618153104480093, 4.255672845150029, 6.095238095238095, 8.928610354223434, 8.0,
51, 4.334744382937154, 1.3337675024422013, 4.334744382937154, 6.326996197718631, 7.801904761904762, 8.0,
52, 4.333686009603646, 1.3334418491088142, 4.333686009603646, 6.339047619047619, 8.928610354223434, 8.0,
53, 4.40956937799043, 1.3065390749601276, 4.40956937799043, 6.570342205323194, 7.801904761904762, 8.0,
54, 4.4085147093996655, 1.3062265805628637, 4.4085147093996655, 6.582857142857143, 8.928610354223434, 8.0,
55, 4.481400437636761, 1.2804001250390746, 4.481400437636761, 6.813688212927756, 7.801904761904762, 8.0,
56, 4.480350027345886, 1.2801000078131104, 4.480350027345886, 6.826666666666667, 8.928610354223434, 8.0,
57, 4.550413729696598, 1.2552865461231995, 4.550413729696598, 7.057034220532319, 7.801904761904762, 8.0,
58, 4.549368058215244, 1.2549980850248947, 4.549368058215244, 7.070476190476191, 8.928610354223434, 8.0,
59, 4.616771866546438, 1.2311391644123835, 4.616771866546438, 7.300380228136882, 7.801904761904762, 8.0,
60, 4.615731350011269, 1.2308616933363383, 4.615731350011269, 7.314285714285714, 8.928610354223434, 8.0,
61, 4.680625184311412, 1.2079032733706871, 4.680625184311412, 7.5437262357414445, 7.801904761904762, 8.0,
62, 4.679590182059409, 1.2076361760153314, 4.679590182059409, 7.558095238095238, 8.928610354223434, 8.0,
63, 4.742112879884226, 1.1855282199710564, 4.742112879884226, 7.787072243346008, 7.801904761904762, 8.0,
64, 4.741083701077914, 1.1852709252694784, 4.741083701077914, 7.801904761904762, 8.928610354223434, 8.0,
65, 4.801364023870418, 1.1639670360897982, 4.801364023870418, 8.03041825095057, 7.801904761904762, 8.0,
66, 4.8003409333049225, 1.1637190141345266, 4.8003409333049225, 8.045714285714286, 8.928610354223434, 8.0,
67, 4.862569832402235, 1.1441340782122904, 4.862569832402235, 2.068441064638783, 3.893536121673004, 8.0,
68, 4.8584984649734855, 1.1431761094055262, 4.8584984649734855, 8.273764258555133, 7.801904761904762, 8.0,
69, 4.857481688175794, 1.142936867806069, 4.857481688175794, 8.289523809523809, 8.928610354223434, 8.0,
70, 4.91362763915547, 1.1231148889498217, 4.91362763915547, 8.517110266159696, 7.801904761904762, 8.0,
71, 4.912617366869989, 1.122883969570283, 4.912617366869989, 8.533333333333333, 8.928610354223434, 8.0,
72, 4.966855295068715, 1.103745621126381, 4.966855295068715, 8.760456273764259, 7.801904761904762, 8.0,
73, 4.965851687209537, 1.103522597157675, 4.965851687209537, 8.777142857142858, 8.928610354223434, 8.0,
74, 5.018278145695365, 1.0850331125827815, 5.018278145695365, 9.003802281368822, 7.801904761904762, 8.0,
75, 5.017281334834139, 1.0848175859100841, 5.017281334834139, 9.02095238095238, 8.928610354223434, 8.0,
76, 5.071949947862357, 1.067778936392075, 5.071949947862357, 2.311787072243346, 3.893536121673004, 8.0,
77, 5.067986454805939, 1.0669445168012504, 5.067986454805939, 9.247148288973383, 7.801904761904762, 8.0,
78, 5.066996549254509, 1.0667361156325281, 5.066996549254509, 9.264761904761905, 8.928610354223434, 8.0,
79, 5.12, 1.0502564102564103, 5.12, 2.3726235741444865, 3.893536121673004, 8.0,
80, 5.116064565718678, 1.0494491416858827, 5.116064565718678, 9.490494296577946, 7.801904761904762, 8.0,
81, 5.1150816522574445, 1.0492475184117835, 5.1150816522574445, 9.508571428571429, 8.928610354223434, 8.0,
82, 5.166498486377397, 1.0332996972754793, 5.166498486377397, 2.4334600760456273, 3.893536121673004, 8.0,
83, 5.1625913788757245, 1.032518275775145, 5.1625913788757245, 9.73384030418251, 7.801904761904762, 8.0,
84, 5.161615525171697, 1.0323231050343393, 5.161615525171697, 9.752380952380953, 8.928610354223434, 8.0,
85, 5.207640783924584, 1.016125031009675, 5.207640783924584, 4.998095238095238, 7.801904761904762, 8.0,
86, 5.206672040677125, 1.0159360079370001, 5.206672040677125, 6.668360864040661, 8.928610354223434, 8.0,
87, 5.255131964809384, 1.0009775171065494, 5.255131964809384, 2.555133079847909, 3.893536121673004, 8.0,
88, 5.251282051282051, 1.0002442002442002, 5.251282051282051, 5.12, 7.801904761904762, 8.0,
89, 5.25032045412928, 1.0000610388817677, 5.25032045412928, 6.8310038119440915, 8.928610354223434, 8.0,
90, 5.293580187545083, 0.9848521279153643, 5.293580187545083, 5.241904761904762, 7.801904761904762, 8.0,
91, 5.292625758759541, 0.9846745597692169, 5.292625758759541, 6.993646759847522, 8.928610354223434, 8.0,
92, 5.338388625592417, 0.9706161137440759, 5.338388625592417, 2.67680608365019, 3.893536121673004, 8.0,
93, 5.334596258583945, 0.9699265924698082, 5.334596258583945, 5.363809523809524, 7.801904761904762, 8.0,
94, 5.33364900858242, 0.9697543651968038, 5.33364900858242, 7.156289707750953, 8.928610354223434, 8.0,
95, 5.374387683694891, 0.9554466993235363, 5.374387683694891, 5.485714285714286, 7.801904761904762, 8.0,
96, 5.373447612384117, 0.9552795755349542, 5.373447612384117, 7.3189326556543834, 8.928610354223434, 8.0,
97, 5.416743330266789, 0.9420423183072677, 5.416743330266789, 2.7984790874524714, 3.893536121673004, 8.0,
98, 5.4130085037922315, 0.9413927832682142, 5.4130085037922315, 5.607619047619048, 7.801904761904762, 8.0,
99, 5.412075601769403, 0.941230539438157, 5.412075601769403, 7.481575603557815, 8.928610354223434, 8.0,
100, 5.450509626274066, 0.9277463193657984, 5.450509626274066, 5.729523809523809, 7.801904761904762, 8.0,
101, 5.449583875898772, 0.9275887448338335, 5.449583875898772, 7.644218551461245, 8.928610354223434, 8.0,
102, 5.490616621983914, 0.9151027703306523, 5.490616621983914, 2.920152091254753, 3.893536121673004, 8.0,
103, 5.486939048894842, 0.9144898414824738, 5.486939048894842, 5.851428571428571, 7.801904761904762, 8.0,
104, 5.486020425246944, 0.9143367375411574, 5.486020425246944, 7.806861499364676, 8.928610354223434, 8.0,
105, 5.522342064714946, 0.9016068677085626, 5.522342064714946, 5.961977186311787, 7.801904761904762, 8.0,
106, 5.522342064714946, 0.9016068677085626, 5.522342064714946, 5.973333333333334, 7.801904761904762, 8.0,
107, 5.521430536451169, 0.9014580467675378, 5.521430536451169, 7.969504447268107, 8.928610354223434, 8.0,
108, 5.560382276281494, 0.889661164205039, 5.560382276281494, 3.041825095057034, 3.893536121673004, 8.0,
109, 5.556761449967441, 0.8890818319947905, 5.556761449967441, 6.083650190114068, 7.801904761904762, 8.0,
110, 5.556761449967441, 0.8890818319947905, 5.556761449967441, 6.095238095238095, 7.801904761904762, 8.0,
111, 5.555856980087896, 0.8889371168140633, 5.555856980087896, 8.132147395171538, 8.928610354223434, 8.0,
112, 5.590237636480411, 0.8769000214086919, 5.590237636480411, 6.20532319391635, 7.801904761904762, 8.0,
113, 5.590237636480411, 0.8769000214086919, 5.590237636480411, 6.217142857142857, 7.801904761904762, 8.0,
114, 5.58934018301493, 0.8767592443944988, 5.58934018301493, 8.294790343074968, 8.928610354223434, 8.0,
115, 5.626373626373627, 0.8655959425190194, 5.626373626373627, 3.1634980988593155, 3.893536121673004, 8.0,
116, 5.622808870116156, 0.8650475184794086, 5.622808870116156, 6.326996197718631, 7.801904761904762, 8.0,
117, 5.622808870116156, 0.8650475184794086, 5.622808870116156, 6.339047619047619, 7.801904761904762, 8.0,
118, 5.621918386739165, 0.8649105210367946, 5.621918386739165, 8.457433290978399, 8.928610354223434, 8.0,
119, 5.654511356532611, 0.8535111481558658, 5.654511356532611, 6.448669201520913, 7.801904761904762, 8.0,
120, 5.654511356532611, 0.8535111481558658, 5.654511356532611, 6.460952380952381, 7.801904761904762, 8.0,
121, 5.653627793114225, 0.8533777800927131, 5.653627793114225, 8.620076238881829, 8.928610354223434, 8.0,
122, 5.688888888888889, 0.842798353909465, 5.688888888888889, 3.285171102661597, 3.893536121673004, 8.0,
123, 5.685379395434917, 0.842278428953321, 5.685379395434917, 6.570342205323194, 7.801904761904762, 8.0,
124, 5.685379395434917, 0.842278428953321, 5.685379395434917, 6.582857142857143, 7.801904761904762, 8.0,
125, 5.684502698535081, 0.8421485479311231, 5.684502698535081, 8.782719186785261, 8.928610354223434, 8.0,
126, 5.71544550436371, 0.8313375279074487, 5.71544550436371, 6.692015209125476, 7.801904761904762, 8.0,
127, 5.71544550436371, 0.8313375279074487, 5.71544550436371, 6.704761904761905, 7.801904761904762, 8.0,
128, 5.7145756176754094, 0.831210998934605, 5.7145756176754094, 8.945362134688692, 8.928610354223434, 8.0,
129, 5.748195669607057, 0.8211708099438653, 5.748195669607057, 3.406844106463878, 3.893536121673004, 8.0,
130, 5.744740532959327, 0.8206772189941896, 5.744740532959327, 6.813688212927756, 7.801904761904762, 8.0,
131, 5.744740532959327, 0.8206772189941896, 5.744740532959327, 6.826666666666667, 7.801904761904762, 8.0,
132, 5.743877397706215, 0.8205539139580308, 5.743877397706215, 9.108005082592122, 8.928610354223434, 8.0,
133, 5.773293768545994, 0.8102868447082097, 5.773293768545994, 6.948571428571428, 7.801904761904762, 8.0,
134, 5.772437323839193, 0.8101666419423429, 5.772437323839193, 9.270648030495552, 8.928610354223434, 8.0,
135, 5.80453479280688, 0.800625488663018, 5.80453479280688, 3.5285171102661597, 3.893536121673004, 8.0,
136, 5.801133033795663, 0.8001562805235397, 5.801133033795663, 7.057034220532319, 7.801904761904762, 8.0,
137, 5.801133033795663, 0.8001562805235397, 5.801133033795663, 7.070476190476191, 7.801904761904762, 8.0,
138, 5.800283216953953, 0.8000390644074418, 5.800283216953953, 9.433290978398983, 8.928610354223434, 8.0,
139, 5.831660231660232, 0.7907335907335907, 5.831660231660232, 3.5893536121673004, 3.893536121673004, 8.0,
140, 5.828284777156087, 0.790275901987266, 5.828284777156087, 7.178707224334601, 7.801904761904762, 8.0,
141, 5.828284777156087, 0.790275901987266, 5.828284777156087, 7.192380952380953, 7.801904761904762, 8.0,
142, 5.827441523993248, 0.7901615625753556, 5.827441523993248, 9.595933926302415, 8.928610354223434, 8.0,
143, 5.85812356979405, 0.7810831426392068, 5.85812356979405, 3.650190114068441, 3.893536121673004, 8.0,
144, 5.854774156660949, 0.7806365542214598, 5.854774156660949, 7.300380228136882, 7.801904761904762, 8.0,
145, 5.854774156660949, 0.7806365542214598, 5.854774156660949, 7.314285714285714, 7.801904761904762, 8.0,
146, 5.853937401743605, 0.7805249868991473, 5.853937401743605, 9.758576874205845, 8.928610354223434, 8.0,
147, 5.880625117680286, 0.7712295236302015, 5.880625117680286, 7.422053231939164, 7.801904761904762, 8.0,
148, 5.880625117680286, 0.7712295236302015, 5.880625117680286, 7.436190476190476, 7.801904761904762, 8.0,
149, 5.879794794559232, 0.7711206287946534, 5.879794794559232, 9.921219822109276, 8.928610354223434, 8.0,
150, 5.9091586001489205, 0.7624720774385704, 5.9091586001489205, 3.7718631178707223, 3.893536121673004, 8.0,
151, 5.905860465116279, 0.7620465116279069, 5.905860465116279, 7.5437262357414445, 7.801904761904762, 8.0,
152, 5.905860465116279, 0.7620465116279069, 5.905860465116279, 7.558095238095238, 7.801904761904762, 8.0,
153, 5.905036506533972, 0.7619401943914803, 5.905036506533972, 7.565300285986654, 8.928610354223434, 8.0,
154, 5.933774834437086, 0.753495217071376, 5.933774834437086, 3.832699619771863, 3.893536121673004, 8.0,
155, 5.93050193050193, 0.7530796102224674, 5.93050193050193, 7.665399239543726, 7.801904761904762, 8.0,
156, 5.93050193050193, 0.7530796102224674, 5.93050193050193, 7.68, 7.801904761904762, 8.0,
157, 5.929684268578519, 0.7529757801369549, 5.929684268578519, 7.687321258341277, 8.928610354223434, 8.0,
158, 5.9578181818181815, 0.7447272727272727, 5.9578181818181815, 3.893536121673004, 3.893536121673004, 8.0,
159, 5.955652490003635, 0.7444565612504543, 5.955652490003635, 7.787072243346008, 7.787072243346008, 8.0,
160, 5.954570234417591, 0.7443212793021988, 5.954570234417591, 7.787072243346008, 7.801904761904762, 8.0,
161, 5.954570234417591, 0.7443212793021988, 5.954570234417591, 7.801904761904762, 7.801904761904762, 8.0,
162, 5.953758800817624, 0.744219850102203, 5.953758800817624, 7.809342230695901, 8.928610354223434, 8.0,
163, 5.981308411214953, 0.7361610352264558, 5.981308411214953, 3.9543726235741445, 3.893536121673004, 8.0,
164, 5.979159180740209, 0.735896514552641, 5.979159180740209, 7.908745247148289, 7.787072243346008, 8.0,
165, 5.97808514460212, 0.7357643254894917, 5.97808514460212, 7.908745247148289, 7.801904761904762, 8.0,
166, 5.97808514460212, 0.7357643254894917, 5.97808514460212, 7.923809523809524, 7.801904761904762, 8.0,
167, 5.977279870683849, 0.7356652148533968, 5.977279870683849, 7.931363203050524, 8.928610354223434, 8.12542724609375,
168, 6.004264392324094, 0.7277896233120114, 6.004264392324094, 4.015209125475285, 3.893536121673004, 8.0,
169, 6.001065530101226, 0.7274018824365122, 6.001065530101226, 8.03041825095057, 7.801904761904762, 8.0,
170, 6.001065530101226, 0.7274018824365122, 6.001065530101226, 8.045714285714286, 7.801904761904762, 8.0,
171, 6.000266347050206, 0.7273050117636614, 6.000266347050206, 8.053384175405148, 8.928610354223434, 8.25042724609375,
172, 6.026704146170063, 0.7196064652143359, 6.026704146170063, 4.076045627376426, 3.893536121673004, 8.0,
173, 6.023529411764706, 0.7192273924495172, 6.023529411764706, 8.152091254752852, 7.801904761904762, 8.0,
174, 6.023529411764706, 0.7192273924495172, 6.023529411764706, 8.167619047619048, 7.801904761904762, 8.0,
175, 6.022736250713251, 0.7191326866523285, 6.022736250713251, 8.175405147759772, 8.928610354223434, 8.37542724609375,
176, 6.04864489228631, 0.7116052814454482, 6.04864489228631, 4.136882129277566, 3.893536121673004, 8.0,
177, 6.045494009376628, 0.7112345893384268, 6.045494009376628, 8.273764258555133, 7.801904761904762, 8.0,
178, 6.045494009376628, 0.7112345893384268, 6.045494009376628, 8.289523809523809, 7.801904761904762, 8.0,
179, 6.044706801510483, 0.711141976648292, 6.044706801510483, 8.297426120114395, 8.928610354223434, 8.50042724609375,
180, 6.066975785677486, 0.7034174823973897, 6.066975785677486, 8.395437262357415, 7.801904761904762, 8.0,
181, 6.066975785677486, 0.7034174823973897, 6.066975785677486, 8.411428571428571, 7.801904761904762, 8.0,
182, 6.066194462330972, 0.7033268941833012, 6.066194462330972, 8.419447092469017, 8.928610354223434, 8.62542724609375,
183, 6.091094493541808, 0.6961250849762066, 6.091094493541808, 4.258555133079848, 3.893536121673004, 8.0,
184, 6.089024804621135, 0.6958885490995583, 6.089024804621135, 4.258555133079848, 7.787072243346008, 8.0,
185, 6.087990487514864, 0.6957703414302701, 6.087990487514864, 8.517110266159696, 7.801904761904762, 8.0,
186, 6.087990487514864, 0.6957703414302701, 6.087990487514864, 8.533333333333333, 7.801904761904762, 8.0,
187, 6.087214980255616, 0.6956817120292133, 6.087214980255616, 8.541468064823642, 8.928610354223434, 8.75042724609375,
188, 6.109579831932773, 0.6884033613445378, 6.109579831932773, 4.319391634980988, 7.787072243346008, 8.0,
189, 6.109579831932773, 0.6884033613445378, 6.109579831932773, 8.638783269961976, 7.787072243346008, 8.0,
190, 6.108553184338766, 0.6882876827423963, 6.108553184338766, 8.638783269961976, 7.801904761904762, 8.0,
191, 6.108553184338766, 0.6882876827423963, 6.108553184338766, 8.655238095238095, 7.801904761904762, 8.0,
192, 6.1077834250430545, 0.6882009493006259, 6.1077834250430545, 8.663489037178264, 8.928610354223434, 8.87542724609375,
193, 6.131736526946108, 0.6813040585495675, 6.131736526946108, 4.380228136882129, 3.893536121673004, 8.0,
194, 6.129697372796808, 0.6810774858663119, 6.129697372796808, 8.760456273764259, 7.787072243346008, 8.0,
195, 6.1286783042394015, 0.6809642560266002, 6.1286783042394015, 8.760456273764259, 7.801904761904762, 8.0,
196, 6.1286783042394015, 0.6809642560266002, 6.1286783042394015, 8.777142857142858, 7.801904761904762, 8.0,
197, 6.127914225158958, 0.6808793583509953, 6.127914225158958, 8.785510009532889, 8.928610354223434, 9.00042724609375,
198, 6.151415404871626, 0.67412771560237, 6.151415404871626, 4.44106463878327, 3.893536121673004, 8.0,
199, 6.1493912471207635, 0.6739058900954261, 6.1493912471207635, 8.88212927756654, 7.787072243346008, 8.0,
200, 6.148379667708505, 0.6737950320776444, 6.148379667708505, 8.88212927756654, 7.801904761904762, 8.0,
201, 6.148379667708505, 0.6737950320776444, 6.148379667708505, 8.89904761904762, 7.801904761904762, 8.0,
202, 6.1476212015296685, 0.6737119124964019, 6.1476212015296685, 8.907530981887511, 8.928610354223434, 9.12542724609375,
203, 6.170684039087948, 0.6671009771986971, 6.170684039087948, 4.501901140684411, 3.893536121673004, 8.0,
204, 6.168674698795181, 0.6668837512211007, 6.168674698795181, 4.501901140684411, 7.787072243346008, 8.0,
205, 6.168674698795181, 0.6668837512211007, 6.168674698795181, 9.003802281368822, 7.787072243346008, 8.0,
206, 6.167670519290249, 0.6667751912746215, 6.167670519290249, 9.003802281368822, 7.801904761904762, 8.0,
207, 6.167670519290249, 0.6667751912746215, 6.167670519290249, 9.02095238095238, 7.801904761904762, 8.0,
208, 6.1669175991861644, 0.6666937945066124, 6.1669175991861644, 9.029551954242136, 8.928610354223434, 9.25042724609375,
209, 6.186563557274045, 0.6599001127758982, 6.186563557274045, 9.125475285171103, 7.801904761904762, 8.0,
210, 6.186563557274045, 0.6599001127758982, 6.186563557274045, 9.142857142857142, 7.801904761904762, 8.0,
211, 6.185816116950586, 0.6598203858080625, 6.185816116950586, 9.151572926596758, 8.928610354223434, 9.37542724609375,
212, 6.208040842373963, 0.6534779834077856, 6.208040842373963, 4.623574144486692, 3.893536121673004, 8.0,
213, 6.2050709615691275, 0.6531653643756976, 6.2050709615691275, 9.247148288973383, 7.801904761904762, 8.0,
214, 6.2050709615691275, 0.6531653643756976, 6.2050709615691275, 9.264761904761905, 7.801904761904762, 8.0,
215, 6.2043289353051385, 0.6530872563479093, 6.2043289353051385, 9.273593898951383, 8.928610354223434, 9.50042724609375,
216, 6.224186927691822, 0.6466687717082412, 6.224186927691822, 9.368821292775666, 7.787072243346008, 8.0,
217, 6.223204419889503, 0.6465666929755327, 6.223204419889503, 9.368821292775666, 7.801904761904762, 8.0,
218, 6.223204419889503, 0.6465666929755327, 6.223204419889503, 9.386666666666667, 7.801904761904762, 8.0,
219, 6.222467742571913, 0.6464901550724066, 6.222467742571913, 9.395614871306005, 8.928610354223434, 9.62542724609375,
220, 6.2478097622027535, 0.6408010012515645, 6.2478097622027535, 2.3726235741444865, 1.946768060836502, 8.0,
221, 6.2439024390243905, 0.6404002501563477, 6.2439024390243905, 4.745247148288973, 3.893536121673004, 8.0,
222, 6.241950609565489, 0.6402000625195373, 6.241950609565489, 9.490494296577946, 7.787072243346008, 8.0,
223, 6.240975152367557, 0.6401000156274418, 6.240975152367557, 9.490494296577946, 7.801904761904762, 8.0,
224, 6.240975152367557, 0.6401000156274418, 6.240975152367557, 9.508571428571429, 7.801904761904762, 8.0,
225, 6.2402437595218565, 0.6400250009766006, 6.2402437595218565, 9.51763584366063, 8.928610354223434, 9.75042724609375,
226, 6.2583939347052455, 0.6337614111093919, 6.2583939347052455, 9.612167300380229, 7.801904761904762, 8.0,
227, 6.2583939347052455, 0.6337614111093919, 6.2583939347052455, 9.630476190476191, 7.801904761904762, 8.0,
228, 6.257667762521756, 0.6336878746857474, 6.257667762521756, 9.639656816015252, 8.928610354223434, 9.87542724609375,
229, 6.282208588957055, 0.6282208588957056, 6.282208588957055, 2.4334600760456273, 1.946768060836502, 8.0,
230, 6.278356836296751, 0.627835683629675, 6.278356836296751, 4.866920152091255, 3.893536121673004, 8.0,
231, 6.276432730615998, 0.6276432730615997, 6.276432730615998, 4.866920152091255, 7.787072243346008, 8.0,
232, 6.276432730615998, 0.6276432730615997, 6.276432730615998, 9.73384030418251, 7.787072243346008, 8.0,
233, 6.27547111996323, 0.627547111996323, 6.27547111996323, 9.73384030418251, 7.801904761904762, 8.0,
234, 6.27547111996323, 0.627547111996323, 6.27547111996323, 9.752380952380953, 7.801904761904762, 8.0,
235, 6.2747501053195975, 0.6274750105319598, 6.2747501053195975, 9.761677788369877, 8.928610354223434, 10.00042724609375,
236, 6.293171471927162, 0.6215477996965099, 6.293171471927162, 9.855513307984792, 7.787072243346008, 8.0,
237, 6.292216659080564, 0.6214534971931421, 6.292216659080564, 9.855513307984792, 7.801904761904762, 8.0,
238, 6.292216659080564, 0.6214534971931421, 6.292216659080564, 9.874285714285714, 7.801904761904762, 8.0,
239, 6.2915007395608145, 0.6213827890924262, 6.2915007395608145, 9.8836987607245, 8.928610354223434, 10.12542724609375,
240, 6.315282791817088, 0.6161251504211793, 6.315282791817088, 2.494296577946768, 1.946768060836502, 8.0,
241, 6.311485267588695, 0.6157546602525557, 6.311485267588695, 4.988593155893536, 3.893536121673004, 8.0,
242, 6.308640120210368, 0.6154770848985726, 6.308640120210368, 4.998095238095238, 7.801904761904762, 8.0,
243, 6.308640120210368, 0.6154770848985726, 6.308640120210368, 6.668360864040661, 7.801904761904762, 8.0,
244, 6.307929234120873, 0.615407730158134, 6.307929234120873, 8.00610221205187, 8.928610354223434, 10.25042724609375,
245, 6.33134684147795, 0.6102502979737783, 6.33134684147795, 2.5247148288973382, 1.946768060836502, 8.0,
246, 6.324750706950439, 0.6096145259711266, 6.324750706950439, 5.059047619047619, 7.801904761904762, 8.0,
247, 6.324750706950439, 0.6096145259711266, 6.324750706950439, 6.749682337992376, 7.801904761904762, 8.0,
248, 6.324044793333085, 0.6095464861043938, 6.324044793333085, 8.10373760488177, 8.928610354223434, 10.37542724609375,
249, 6.347107438016529, 0.6044864226682408, 6.347107438016529, 2.555133079847909, 1.946768060836502, 8.0,
250, 6.343362831858407, 0.6041297935103245, 6.343362831858407, 5.110266159695818, 3.893536121673004, 8.0,
251, 6.341492185196107, 0.6039516366853436, 6.341492185196107, 5.110266159695818, 7.787072243346008, 8.0,
252, 6.340557275541796, 0.6038625976706472, 6.340557275541796, 5.12, 7.801904761904762, 8.0,
253, 6.340557275541796, 0.6038625976706472, 6.340557275541796, 6.8310038119440915, 7.801904761904762, 8.0,
254, 6.3398562741846325, 0.6037958356366316, 6.3398562741846325, 8.20137299771167, 8.928610354223434, 10.50042724609375,
255, 6.35885447106955, 0.5984804208065458, 6.35885447106955, 5.171102661596958, 3.893536121673004, 8.0,
256, 6.356068351102673, 0.5982181977508397, 6.356068351102673, 5.180952380952381, 7.801904761904762, 8.0,
257, 6.356068351102673, 0.5982181977508397, 6.356068351102673, 6.912325285895807, 7.801904761904762, 8.0,
258, 6.355372202548282, 0.5981526778868972, 6.355372202548282, 8.299008390541571, 8.928610354223434, 10.62542724609375,
259, 6.377752027809965, 0.593279258400927, 6.377752027809965, 2.6159695817490496, 1.946768060836502, 8.0,
260, 6.374059061957151, 0.5929357266936884, 6.374059061957151, 5.231939163498099, 3.893536121673004, 8.0,
261, 6.372214182344428, 0.5927641099855282, 6.372214182344428, 5.231939163498099, 7.787072243346008, 8.0,
262, 6.371292142960498, 0.5926783388800463, 6.371292142960498, 5.241904761904762, 7.801904761904762, 8.0,
263, 6.371292142960498, 0.5926783388800463, 6.371292142960498, 6.993646759847522, 7.801904761904762, 8.0,
264, 6.370600788512316, 0.592614026838355, 6.370600788512316, 8.396643783371472, 8.928610354223434, 10.75042724609375,
265, 6.392652123995408, 0.5878300803673938, 6.392652123995408, 2.6463878326996197, 1.946768060836502, 8.0,
266, 6.388984509466437, 0.5874928284566838, 6.388984509466437, 5.2927756653992395, 3.893536121673004, 8.0,
267, 6.386236559139785, 0.5872401433691756, 6.386236559139785, 5.3028571428571425, 7.801904761904762, 8.0,
268, 6.386236559139785, 0.5872401433691756, 6.386236559139785, 7.074968233799238, 7.801904761904762, 8.0,
269, 6.385549940866573, 0.5871770060566964, 6.385549940866573, 8.494279176201372, 8.928610354223434, 10.87542724609375,
270, 6.407281001137656, 0.5824800910125142, 6.407281001137656, 2.67680608365019, 1.946768060836502, 8.0,
271, 6.403638430926663, 0.5821489482660602, 6.403638430926663, 5.35361216730038, 3.893536121673004, 8.0,
272, 6.401818698493891, 0.5819835180448991, 6.401818698493891, 5.35361216730038, 7.787072243346008, 8.0,
273, 6.400909220059668, 0.5819008381872425, 6.400909220059668, 5.363809523809524, 7.801904761904762, 8.0,
274, 6.400909220059668, 0.5819008381872425, 6.400909220059668, 7.156289707750953, 7.801904761904762, 8.0,
275, 6.400227280798323, 0.5818388437089386, 6.400227280798323, 8.591914569031275, 8.928610354223434, 11.00042724609375,
276, 6.418028169014084, 0.5769014084507043, 6.418028169014084, 5.414448669201521, 3.893536121673004, 8.0,
277, 6.415317471490919, 0.5766577502463748, 6.415317471490919, 5.424761904761905, 7.801904761904762, 8.0,
278, 6.415317471490919, 0.5766577502463748, 6.415317471490919, 7.237611181702668, 7.801904761904762, 8.0,
279, 6.414640154847792, 0.5765968678514869, 6.414640154847792, 8.689549961861175, 8.928610354223434, 11.12542724609375,
280, 6.435754189944134, 0.5720670391061452, 6.435754189944134, 2.7376425855513307, 1.946768060836502, 8.0,
281, 6.432160804020101, 0.5717476270240089, 6.432160804020101, 5.475285171102661, 3.893536121673004, 8.0,
282, 6.430365615406084, 0.5715880547027631, 6.430365615406084, 5.475285171102661, 7.787072243346008, 8.0,
283, 6.429468396818753, 0.5715083019394447, 6.429468396818753, 5.485714285714286, 7.801904761904762, 8.0,
284, 6.429468396818753, 0.5715083019394447, 6.429468396818753, 7.3189326556543834, 7.801904761904762, 8.0,
285, 6.428795647169614, 0.5714485019706323, 6.428795647169614, 8.787185354691076, 8.928610354223434, 11.25042724609375,
286, 6.443368828654405, 0.566450006914673, 6.443368828654405, 5.546666666666667, 7.801904761904762, 8.0,
287, 6.443368828654405, 0.566450006914673, 6.443368828654405, 7.4002541296060995, 7.801904761904762, 8.0,
288, 6.442700591143223, 0.5663912607598437, 6.442700591143223, 8.884820747520976, 8.928610354223434, 11.37542724609375,
289, 6.463227222832053, 0.562019758507135, 6.463227222832053, 2.7984790874524714, 1.946768060836502, 8.0,
290, 6.459681843115743, 0.5617114646187603, 6.459681843115743, 5.596958174904943, 3.893536121673004, 8.0,
291, 6.457910611461475, 0.5615574444749108, 6.457910611461475, 5.596958174904943, 7.787072243346008, 8.0,
292, 6.457025359835503, 0.5614804660726525, 6.457025359835503, 5.607619047619048, 7.801904761904762, 8.0,
293, 6.457025359835503, 0.5614804660726525, 6.457025359835503, 7.481575603557815, 7.801904761904762, 8.0,
294, 6.456361580372135, 0.5614227461193161, 6.456361580372135, 8.982456140350877, 8.928610354223434, 11.50042724609375,
295, 6.470444353852425, 0.5565973637722517, 6.470444353852425, 5.668571428571428, 7.801904761904762, 8.0,
296, 6.470444353852425, 0.5565973637722517, 6.470444353852425, 7.56289707750953, 7.801904761904762, 8.0,
297, 6.4697849791093445, 0.5565406433642447, 6.4697849791093445, 9.080091533180777, 8.928610354223434, 11.481072935503315,
298, 6.48975188781014, 0.552319309600863, 6.48975188781014, 2.859315589353612, 1.946768060836502, 8.0,
299, 6.486253369272237, 0.5520215633423181, 6.486253369272237, 5.718631178707224, 3.893536121673004, 8.0,
300, 6.4845055241174885, 0.5518728105631905, 6.4845055241174885, 5.718631178707224, 7.787072243346008, 8.0,
301, 6.483631954735282, 0.55179846423279, 6.483631954735282, 5.729523809523809, 7.801904761904762, 8.0,
302, 6.483631954735282, 0.55179846423279, 6.483631954735282, 7.644218551461245, 7.801904761904762, 8.0,
303, 6.482976932143458, 0.5517427176292306, 6.482976932143458, 9.17772692601068, 8.928610354223434, 11.228216493642833,
304, 6.502673796791444, 0.5475935828877005, 6.502673796791444, 2.8897338403041823, 1.946768060836502, 8.0,
305, 6.499198289684661, 0.547300908605024, 6.499198289684661, 5.779467680608365, 3.893536121673004, 8.0,
306, 6.496594096433818, 0.5470816081207426, 6.496594096433818, 5.79047619047619, 7.801904761904762, 8.0,
307, 6.496594096433818, 0.5470816081207426, 6.496594096433818, 7.72554002541296, 7.801904761904762, 8.0,
308, 6.495943374177823, 0.5470268104570799, 6.495943374177823, 9.27536231884058, 8.928610354223434, 10.99124392723986,
309, 6.515376458112407, 0.542948038176034, 6.515376458112407, 2.920152091254753, 1.946768060836502, 8.0,
310, 6.511923688394277, 0.5426603073661898, 6.511923688394277, 5.840304182509506, 3.893536121673004, 8.0,
311, 6.510198675496689, 0.5425165562913907, 6.510198675496689, 5.840304182509506, 7.787072243346008, 8.0,
312, 6.509336511720302, 0.5424447093100252, 6.509336511720302, 5.851428571428571, 7.801904761904762, 8.0,
313, 6.509336511720302, 0.5424447093100252, 6.509336511720302, 7.806861499364676, 7.801904761904762, 8.0,
314, 6.508690038732744, 0.542390836561062, 6.508690038732744, 9.37299771167048, 8.928610354223434, 10.768704129696571,
315, 6.527865404837014, 0.5383806519453207, 6.527865404837014, 2.950570342205323, 1.946768060836502, 8.0,
316, 6.524435102469784, 0.5380977404098791, 6.524435102469784, 5.901140684410646, 3.893536121673004, 8.0,
317, 6.522721302863147, 0.5379563961124245, 6.522721302863147, 5.901140684410646, 7.787072243346008, 8.0,
318, 6.521864740643466, 0.5378857518056468, 6.521864740643466, 5.9123809523809525, 7.801904761904762, 8.0,
319, 6.521864740643466, 0.5378857518056468, 6.521864740643466, 7.8881829733163915, 7.801904761904762, 8.0,
320, 6.521222466598825, 0.5378327807504185, 6.521222466598825, 9.470633104500381, 8.928610354223434, 10.559317529499308,
321, 6.54014598540146, 0.5338894681960376, 6.54014598540146, 2.9809885931558937, 1.946768060836502, 8.0,
322, 6.536737884314747, 0.5336112558624283, 6.536737884314747, 5.961977186311787, 3.893536121673004, 8.0,
323, 6.535035165407658, 0.5334722584006252, 6.535035165407658, 5.961977186311787, 7.787072243346008, 8.0,
324, 6.534184138559708, 0.5334027868212007, 6.534184138559708, 5.973333333333334, 7.801904761904762, 8.0,
325, 6.534184138559708, 0.5334027868212007, 6.534184138559708, 7.969504447268107, 7.801904761904762, 8.0,
326, 6.533546013867639, 0.5333506950096032, 6.533546013867639, 9.568268497330282, 8.928610354223434, 10.373733719247467,
327, 6.5522233712512925, 0.5294725956566702, 6.5522233712512925, 3.011406844106464, 1.946768060836502, 8.0,
328, 6.5488372093023255, 0.5291989664082687, 6.5488372093023255, 6.022813688212928, 3.893536121673004, 8.0,
329, 6.5462998837659825, 0.5289939300012915, 6.5462998837659825, 6.034285714285715, 7.801904761904762, 8.0,
330, 6.5462998837659825, 0.5289939300012915, 6.5462998837659825, 8.050825921219822, 7.801904761904762, 8.0,
331, 6.545665859564164, 0.5289426957223567, 6.545665859564164, 9.665903890160184, 8.928610354223434, 10.186846864951768,
332, 6.564102564102564, 0.5251282051282051, 6.564102564102564, 3.041825095057034, 1.946768060836502, 8.0,
333, 6.560738083034342, 0.5248590466427473, 6.560738083034342, 6.083650190114068, 3.893536121673004, 8.0,
334, 6.559057135536767, 0.5247245708429413, 6.559057135536767, 6.083650190114068, 7.787072243346008, 8.0,
335, 6.558216984757269, 0.5246573587805815, 6.558216984757269, 6.095238095238095, 7.801904761904762, 8.0,
336, 6.558216984757269, 0.5246573587805815, 6.558216984757269, 8.132147395171538, 7.801904761904762, 8.0,
337, 6.557587012903846, 0.5246069610323076, 6.557587012903846, 9.763539282990084, 8.928610354223434, 10.010117302052786,
338, 6.575788402848423, 0.5208545269582909, 6.575788402848423, 3.0722433460076046, 1.946768060836502, 8.0,
339, 6.57244534824606, 0.5205897305541434, 6.57244534824606, 6.144486692015209, 3.893536121673004, 8.0,
340, 6.570775095298602, 0.5204574332909784, 6.570775095298602, 6.156190476190476, 7.787072243346008, 8.0,
341, 6.56994028712997, 0.5203913098716808, 6.56994028712997, 6.156190476190476, 7.801904761904762, 8.0,
342, 6.56994028712997, 0.5203913098716808, 6.56994028712997, 8.213468869123252, 7.801904761904762, 8.0,
343, 6.5693143201956365, 0.5203417283323276, 6.5693143201956365, 9.861174675819985, 8.928610354223434, 9.85305325331047,
344, 6.587285570131181, 0.5166498486377397, 6.587285570131181, 3.102661596958175, 1.946768060836502, 8.0,
345, 6.583963691376702, 0.5163893091275845, 6.583963691376702, 6.20532319391635, 3.893536121673004, 8.0,
346, 6.582304008066549, 0.5162591378875725, 6.582304008066549, 6.20532319391635, 7.787072243346008, 8.0,
347, 6.581474480151229, 0.5161940768746062, 6.581474480151229, 6.217142857142857, 7.801904761904762, 8.0,
348, 6.581474480151229, 0.5161940768746062, 6.581474480151229, 8.294790343074968, 7.801904761904762, 8.0,
349, 6.58085247141102, 0.5161452918753741, 6.58085247141102, 9.958810068649885, 8.928610354223434, 9.693874709976798,
350, 6.598598598598598, 0.5125125125125125, 6.598598598598598, 3.1330798479087454, 1.946768060836502, 8.0,
351, 6.592824103012877, 0.5120640080010002, 6.592824103012877, 6.278095238095238, 7.801904761904762, 8.0,
352, 6.592824103012877, 0.5120640080010002, 6.592824103012877, 8.376111817026684, 7.801904761904762, 8.0,
353, 6.592206006437701, 0.5120160005000156, 6.592206006437701, 8.381436745073108, 8.928610354223434, 9.552209744611483,
354, 6.609731876861966, 0.5084409136047666, 6.609731876861966, 3.1634980988593155, 1.946768060836502, 8.0,
355, 6.606451612903226, 0.5081885856079404, 6.606451612903226, 6.326996197718631, 3.893536121673004, 8.0,
356, 6.603993550787548, 0.5079995039067344, 6.603993550787548, 6.339047619047619, 7.801904761904762, 8.0,
357, 6.603993550787548, 0.5079995039067344, 6.603993550787548, 8.457433290978399, 7.801904761904762, 8.0,
358, 6.603379321035498, 0.5079522554642691, 6.603379321035498, 8.462809917355372, 8.928610354223434, 9.408083038869258,
359, 6.620689655172414, 0.5044334975369458, 6.620689655172414, 3.193916349809886, 1.946768060836502, 8.0,
360, 6.614987080103359, 0.5039990156269226, 6.614987080103359, 6.4, 7.801904761904762, 8.0,
361, 6.614987080103359, 0.5039990156269226, 6.614987080103359, 8.538754764930115, 7.801904761904762, 8.0,
362, 6.614376672510843, 0.5039525083817785, 6.614376672510843, 8.544183089637635, 8.928610354223434, 9.27966686804177,
363, 6.63147605083089, 0.5004887585532747, 6.63147605083089, 3.2243346007604563, 1.946768060836502, 8.0,
364, 6.628236443575965, 0.5002442598925256, 6.628236443575965, 6.448669201520913, 3.893536121673004, 8.0,
365, 6.626617826617827, 0.5001221001221001, 6.626617826617827, 6.448669201520913, 7.787072243346008, 8.0,
366, 6.625808814552558, 0.5000610426077402, 6.625808814552558, 6.460952380952381, 7.801904761904762, 8.0,
367, 6.625808814552558, 0.5000610426077402, 6.625808814552558, 8.620076238881829, 7.801904761904762, 8.0,
368, 6.6252021851252785, 0.500015259254738, 6.6252021851252785, 8.625556261919899, 8.928610354223434, 9.148546144121365,
369, 6.6420950533462655, 0.49660523763336567, 6.6420950533462655, 3.2547528517110265, 1.946768060836502, 8.0,
370, 6.638875424139602, 0.4963645176926806, 6.638875424139602, 6.509505703422053, 3.893536121673004, 8.0,
371, 6.637266779743155, 0.4962442452144415, 6.637266779743155, 6.521904761904762, 7.787072243346008, 8.0,
372, 6.636462749848577, 0.4961841308298001, 6.636462749848577, 6.521904761904762, 7.801904761904762, 8.0,
373, 6.636462749848577, 0.4961841308298001, 6.636462749848577, 8.701397712833545, 7.801904761904762, 8.0,
374, 6.6358598552523995, 0.49613905459831026, 6.6358598552523995, 8.706929434202161, 8.928610354223434, 9.03161061655127,
375, 6.652550529355149, 0.49278152069297404, 6.652550529355149, 3.285171102661597, 1.946768060836502, 8.0,
376, 6.64935064935065, 0.49254449254449256, 6.64935064935065, 6.570342205323194, 3.893536121673004, 8.0,
377, 6.6477518634287085, 0.4924260639576821, 6.6477518634287085, 6.570342205323194, 7.787072243346008, 8.0,
378, 6.646952758745042, 0.49236687101815124, 6.646952758745042, 6.582857142857143, 7.801904761904762, 8.0,
379, 6.646952758745042, 0.49236687101815124, 6.646952758745042, 8.782719186785261, 7.801904761904762, 8.0,
380, 6.646353556296764, 0.49232248565161213, 6.646353556296764, 8.788302606484425, 8.928610354223434, 8.911804995970991,
381, 6.662846227316141, 0.4890162368672397, 6.662846227316141, 3.3155893536121672, 1.946768060836502, 8.0,
382, 6.658076831305178, 0.488666189453591, 6.658076831305178, 6.6311787072243344, 7.787072243346008, 8.0,
383, 6.657282595729453, 0.48860789693427176, 6.657282595729453, 6.643809523809524, 7.801904761904762, 8.0,
384, 6.657282595729453, 0.48860789693427176, 6.657282595729453, 8.864040660736975, 7.801904761904762, 8.0,
385, 6.656687043387506, 0.4885641866706426, 6.656687043387506, 8.869675778766688, 8.928610354223434, 8.804882858720518,
386, 6.672985781990521, 0.48530805687203793, 6.672985781990521, 3.346007604562738, 1.946768060836502, 8.0,
387, 6.669824727617243, 0.48507816200852677, 6.669824727617243, 6.692015209125476, 3.893536121673004, 8.0,
388, 6.6682453232299315, 0.4849632962349041, 6.6682453232299315, 6.692015209125476, 7.787072243346008, 8.0,
389, 6.667455901503493, 0.48490588374570853, 6.667455901503493, 6.704761904761905, 7.801904761904762, 8.0,
390, 6.667455901503493, 0.48490588374570853, 6.667455901503493, 8.945362134688692, 7.801904761904762, 8.0,
391, 6.6668639578586015, 0.48486283329880736, 6.6668639578586015, 8.951048951048952, 8.928610354223434, 8.694982632188344,
392, 6.6829727187206025, 0.4816556914393227, 6.6829727187206025, 3.376425855513308, 1.946768060836502, 8.0,
393, 6.679830747531735, 0.48142924306535023, 6.679830747531735, 6.752851711026616, 3.893536121673004, 8.0,
394, 6.677476207261192, 0.48125954646927505, 6.677476207261192, 6.765714285714286, 7.801904761904762, 8.0,
395, 6.677476207261192, 0.48125954646927505, 6.677476207261192, 9.026683608640406, 7.801904761904762, 8.0,
396, 6.676887831527007, 0.4812171410109554, 6.676887831527007, 9.032422123331214, 8.928610354223434, 8.596846165481773,
397, 6.69281045751634, 0.4780578898225957, 6.69281045751634, 3.406844106463878, 1.946768060836502, 8.0,
398, 6.689687354176388, 0.47783481101259917, 6.689687354176388, 6.813688212927756, 3.893536121673004, 8.0,
399, 6.688126895264754, 0.47772334966176816, 6.688126895264754, 6.813688212927756, 7.787072243346008, 8.0,
400, 6.6873469387755105, 0.47766763848396504, 6.6873469387755105, 6.826666666666667, 7.801904761904762, 8.0,
401, 6.6873469387755105, 0.47766763848396504, 6.6873469387755105, 9.108005082592122, 7.801904761904762, 8.0,
402, 6.686762090779232, 0.47762586362708803, 6.686762090779232, 9.113795295613478, 8.928610354223434, 8.502594706798131,
403, 6.699397869383974, 0.4742936544696619, 6.699397869383974, 6.8745247148288975, 3.893536121673004, 8.0,
404, 6.697846723778652, 0.474183838851586, 6.697846723778652, 6.8745247148288975, 7.787072243346008, 8.0,
405, 6.697846723778652, 0.474183838851586, 6.697846723778652, 6.887619047619047, 7.787072243346008, 8.0,
406, 6.697071420303276, 0.4741289501099664, 6.697071420303276, 6.887619047619047, 7.801904761904762, 8.0,
407, 6.697071420303276, 0.4741289501099664, 6.697071420303276, 9.189326556543838, 7.801904761904762, 8.0,
408, 6.696490060476287, 0.4740877918921265, 6.696490060476287, 9.19516846789574, 8.928610354223434, 8.405586024043874,
409, 6.712051517939282, 0.47102115915363385, 6.712051517939282, 3.467680608365019, 1.946768060836502, 8.0,
410, 6.70896551724138, 0.4708045977011494, 6.70896551724138, 6.935361216730038, 3.893536121673004, 8.0,
411, 6.707423580786026, 0.4706963916341071, 6.707423580786026, 6.935361216730038, 7.787072243346008, 8.0,
412, 6.707423580786026, 0.4706963916341071, 6.707423580786026, 6.948571428571428, 7.787072243346008, 8.0,
413, 6.706652878317821, 0.4706423072503734, 6.706652878317821, 6.948571428571428, 7.801904761904762, 8.0,
414, 6.706652878317821, 0.4706423072503734, 6.706652878317821, 9.270648030495552, 7.801904761904762, 8.0,
415, 6.706074967686342, 0.4706017521183398, 6.706074967686342, 9.276541640178003, 8.928610354223434, 8.318334045888557,
416, 6.7214611872146115, 0.46757990867579907, 6.7214611872146115, 3.4980988593155895, 1.946768060836502, 8.0,
417, 6.7183934276586035, 0.4673664993153811, 6.7183934276586035, 6.996197718631179, 3.893536121673004, 8.0,
418, 6.7168605977640885, 0.4672598676705453, 6.7168605977640885, 7.0095238095238095, 7.787072243346008, 8.0,
419, 6.7160944450781335, 0.4672065700923919, 6.7160944450781335, 7.0095238095238095, 7.801904761904762, 8.0,
420, 6.7160944450781335, 0.4672065700923919, 6.7160944450781335, 9.351969504447268, 7.801904761904762, 8.0,
421, 6.715519945253914, 0.4671666048872288, 6.715519945253914, 9.357914812460267, 8.928610354223434, 8.2346339416824,
422, 6.730734360834089, 0.4641885766092475, 6.730734360834089, 3.5285171102661597, 1.946768060836502, 8.0,
423, 6.7276846397825105, 0.4639782510194835, 6.7276846397825105, 7.057034220532319, 3.893536121673004, 8.0,
424, 6.7261608154020385, 0.4638731596828992, 6.7261608154020385, 7.057034220532319, 7.787072243346008, 8.0,
425, 6.7261608154020385, 0.4638731596828992, 6.7261608154020385, 7.070476190476191, 7.787072243346008, 8.0,
426, 6.7253991620428035, 0.4638206318650209, 6.7253991620428035, 7.070476190476191, 7.801904761904762, 8.0,
427, 6.7253991620428035, 0.4638206318650209, 6.7253991620428035, 9.433290978398983, 7.801904761904762, 8.0,
428, 6.724828035213859, 0.46378124380785235, 6.724828035213859, 9.43928798474253, 8.928610354223434, 8.154001922020868,
429, 6.73987398739874, 0.4608460846084608, 6.73987398739874, 3.55893536121673, 1.946768060836502, 8.0,
430, 6.7368421052631575, 0.46063877642825013, 6.7368421052631575, 7.11787072243346, 3.893536121673004, 8.0,
431, 6.7353271868675515, 0.46053519226444795, 6.7353271868675515, 7.11787072243346, 7.787072243346008, 8.0,
432, 6.7353271868675515, 0.46053519226444795, 6.7353271868675515, 7.131428571428572, 7.787072243346008, 8.0,
433, 6.734569983136594, 0.4604834176503654, 6.734569983136594, 7.131428571428572, 7.801904761904762, 8.0,
434, 6.734569983136594, 0.4604834176503654, 6.734569983136594, 9.514612452350699, 7.801904761904762, 8.0,
435, 6.734002192058005, 0.4604445943287525, 6.734002192058005, 9.520661157024794, 8.928610354223434, 8.076272328951804,
436, 6.748882931188561, 0.4575513851653262, 6.748882931188561, 3.5893536121673004, 1.946768060836502, 8.0,
437, 6.74586869138008, 0.4573470299240732, 6.74586869138008, 7.178707224334601, 3.893536121673004, 8.0,
438, 6.744362580933244, 0.4572449207412369, 6.744362580933244, 7.178707224334601, 7.787072243346008, 8.0,
439, 6.744362580933244, 0.4572449207412369, 6.744362580933244, 7.192380952380953, 7.787072243346008, 8.0,
440, 6.743609777876995, 0.457193883245898, 6.743609777876995, 7.192380952380953, 7.801904761904762, 8.0,
441, 6.743609777876995, 0.457193883245898, 6.743609777876995, 9.595933926302415, 7.801904761904762, 8.0,
442, 6.743045285861771, 0.457155612600798, 6.743045285861771, 9.602034329307056, 8.928610354223434, 7.995467478329915,
443, 6.75776397515528, 0.45430346051464066, 6.75776397515528, 3.6197718631178706, 1.946768060836502, 8.0,
444, 6.754767184035477, 0.4541019955654102, 6.754767184035477, 7.239543726235741, 3.893536121673004, 8.0,
445, 6.753269784970073, 0.4540013300820217, 6.753269784970073, 7.253333333333333, 7.787072243346008, 8.0,
446, 6.752521334367727, 0.4539510140751413, 6.752521334367727, 7.253333333333333, 7.801904761904762, 8.0,
447, 6.752521334367727, 0.4539510140751413, 6.752521334367727, 9.67725540025413, 7.801904761904762, 8.0,
448, 6.751960105277739, 0.45391328438841944, 6.751960105277739, 9.68340750158932, 8.928610354223434, 7.923244473342002,
449, 6.766519823788546, 0.4511013215859031, 6.766519823788546, 3.650190114068441, 1.946768060836502, 8.0,
450, 6.763540290620872, 0.45090268604139144, 6.763540290620872, 7.300380228136882, 3.893536121673004, 8.0,
451, 6.76205150781422, 0.4508034338542813, 6.76205150781422, 7.300380228136882, 7.787072243346008, 8.0,
452, 6.76205150781422, 0.4508034338542813, 6.76205150781422, 7.314285714285714, 7.787072243346008, 8.0,
453, 6.761307362165732, 0.4507538241443821, 6.761307362165732, 7.314285714285714, 7.801904761904762, 8.0,
454, 6.761307362165732, 0.4507538241443821, 6.761307362165732, 9.758576874205845, 7.801904761904762, 8.0,
455, 6.76074936040274, 0.4507166240268493, 6.76074936040274, 9.764780673871583, 8.928610354223434, 7.853486291301847,
456, 6.775153105861767, 0.4479440069991251, 6.775153105861767, 3.6806083650190113, 1.946768060836502, 8.0,
457, 6.772190642763445, 0.44774814167031046, 6.772190642763445, 7.361216730038023, 3.893536121673004, 8.0,
458, 6.770710382513661, 0.4476502732240437, 6.770710382513661, 7.375238095238095, 7.787072243346008, 8.0,
459, 6.769970495027866, 0.4476013550431647, 6.769970495027866, 7.375238095238095, 7.801904761904762, 8.0,
460, 6.769970495027866, 0.4476013550431647, 6.769970495027866, 9.83989834815756, 7.801904761904762, 8.0,
461, 6.769415685524627, 0.4475646734231158, 6.769415685524627, 9.846153846153847, 8.928610354223434, 7.7860688701772025,
462, 6.783666377063423, 0.4448305821025195, 6.783666377063423, 3.711026615969582, 1.946768060836502, 8.0,
463, 6.780720798957881, 0.44463742943986106, 6.780720798957881, 7.422053231939164, 3.893536121673004, 8.0,
464, 6.779248968960278, 0.44454091599739526, 6.779248968960278, 7.422053231939164, 7.787072243346008, 8.0,
465, 6.778513293543136, 0.4444926749864352, 6.778513293543136, 7.436190476190476, 7.801904761904762, 8.0,
466, 6.778513293543136, 0.4444926749864352, 6.778513293543136, 9.921219822109276, 7.801904761904762, 8.0,
467, 6.7779616417546045, 0.44445650109866264, 6.7779616417546045, 9.927527018436109, 8.928610354223434, 7.720876336443977,
468, 6.792062122519413, 0.44176013805004316, 6.792062122519413, 3.741444866920152, 1.946768060836502, 8.0,
469, 6.7891332470892625, 0.44156964208710653, 6.7891332470892625, 7.482889733840304, 3.893536121673004, 8.0,
470, 6.78766975641302, 0.44147445570165983, 6.78766975641302, 7.482889733840304, 7.787072243346008, 8.0,
471, 6.786938247655997, 0.441426877896325, 6.786938247655997, 7.497142857142857, 7.801904761904762, 8.0,
472, 6.786938247655997, 0.441426877896325, 6.786938247655997, 7.504289799809342, 7.801904761904762, 8.0,
473, 6.786389719550635, 0.441391201271586, 6.786389719550635, 8.579836512261581, 8.928610354223434, 7.657800340466926,
474, 6.800342759211654, 0.4387317909168809, 6.800342759211654, 3.7718631178707223, 1.946768060836502, 8.0,
475, 6.797430406852248, 0.43854389721627407, 6.797430406852248, 7.5437262357414445, 3.893536121673004, 8.0,
476, 6.795975165917363, 0.43845001070434597, 6.795975165917363, 7.5437262357414445, 7.787072243346008, 8.0,
477, 6.795975165917363, 0.43845001070434597, 6.795975165917363, 7.558095238095238, 7.787072243346008, 8.0,
478, 6.795247779085947, 0.438403082521674, 6.795247779085947, 7.558095238095238, 7.801904761904762, 8.0,
479, 6.795247779085947, 0.438403082521674, 6.795247779085947, 7.565300285986654, 7.801904761904762, 8.0,
480, 6.794702341137124, 0.4383678929765886, 6.794702341137124, 8.64959128065395, 8.928610354223434, 7.596739455578821,
481, 6.808510638297872, 0.4357446808510638, 6.808510638297872, 3.802281368821293, 1.946768060836502, 8.0,
482, 6.805614632071459, 0.4355593364525734, 6.805614632071459, 7.604562737642586, 3.893536121673004, 8.0,
483, 6.804167552625984, 0.4354667233680629, 6.804167552625984, 7.619047619047619, 7.787072243346008, 8.0,
484, 6.803444243648347, 0.4354204315934942, 6.803444243648347, 7.619047619047619, 7.801904761904762, 8.0,
485, 6.803444243648347, 0.4354204315934942, 6.803444243648347, 7.626310772163966, 7.801904761904762, 8.0,
486, 6.802901862825862, 0.43538571922085517, 6.802901862825862, 8.719346049046322, 8.928610354223434, 7.537598633847604,
487, 6.816568047337278, 0.4327979712595097, 6.816568047337278, 3.832699619771863, 1.946768060836502, 8.0,
488, 6.813688212927756, 0.43261512463033375, 6.813688212927756, 7.665399239543726, 3.893536121673004, 8.0,
489, 6.812249208025343, 0.4325237592397043, 6.812249208025343, 7.665399239543726, 7.787072243346008, 8.0,
490, 6.812249208025343, 0.4325237592397043, 6.812249208025343, 7.68, 7.787072243346008, 8.0,
491, 6.811529933481153, 0.4324780910146764, 6.811529933481153, 7.68, 7.801904761904762, 8.0,
492, 6.811529933481153, 0.4324780910146764, 6.811529933481153, 7.687321258341277, 7.801904761904762, 8.0,
493, 6.810990577242854, 0.43244384617414944, 6.810990577242854, 8.789100817438692, 8.928610354223434, 7.480288712389124,
494, 6.8245172124265325, 0.42989084802686817, 6.8245172124265325, 3.8631178707224336, 1.946768060836502, 8.0,
495, 6.8216533780948385, 0.4297104490138481, 6.8216533780948385, 7.726235741444867, 3.893536121673004, 8.0,
496, 6.820222362072582, 0.42962030627228864, 6.820222362072582, 7.740952380952381, 7.787072243346008, 8.0,
497, 6.819507079181961, 0.42957524908232825, 6.819507079181961, 7.740952380952381, 7.801904761904762, 8.0,
498, 6.819507079181961, 0.42957524908232825, 6.819507079181961, 7.748331744518589, 7.801904761904762, 8.0,
499, 6.818970715465485, 0.42954146239152663, 6.818970715465485, 8.858855585831062, 8.928610354223434, 7.424514029629207,
500, 6.832360300250208, 0.427022518765638, 6.832360300250208, 3.893536121673004, 1.946768060836502, 8.0,
501, 6.8295122967903295, 0.4268445185493956, 6.8295122967903295, 7.787072243346008, 3.893536121673004, 8.0,
502, 6.8280891852469265, 0.4267555740779329, 6.8280891852469265, 7.787072243346008, 7.787072243346008, 8.0,
503, 6.8280891852469265, 0.4267555740779329, 6.8280891852469265, 7.801904761904762, 7.787072243346008, 8.0,
504, 6.827377851859569, 0.42671111574122306, 6.827377851859569, 7.801904761904762, 7.801904761904762, 8.0,
505, 6.827377851859569, 0.42671111574122306, 6.827377851859569, 7.809342230695901, 7.801904761904762, 8.0,
506, 6.826844449074195, 0.4266777780671372, 6.826844449074195, 8.928610354223434, 8.928610354223434, 7.370210014338328,
