LayerID, SRAM IFMAP Start Cycle, SRAM IFMAP Stop Cycle, SRAM IFMAP Reads, SRAM Filter Start Cycle, SRAM Filter Stop Cycle, SRAM Filter Reads, SRAM OFMAP Start Cycle, SRAM OFMAP Stop Cycle, SRAM OFMAP Writes, DRAM IFMAP Start Cycle, DRAM IFMAP Stop Cycle, DRAM IFMAP Reads, DRAM Filter Start Cycle, DRAM Filter Stop Cycle, DRAM Filter Reads, DRAM OFMAP Start Cycle, DRAM OFMAP Stop Cycle, DRAM OFMAP Writes,
0, 9.0, 1465.0, 512, 1.0, 1457.0, 4096, 15.0, 1471.0, 512, -263.0, -1.0, 64, -525.0, -1.0, 4096, 1471.0, 1534.0, 512,
1, 9.0, 5881.0, 2048, 1.0, 5873.0, 16384, 15.0, 5887.0, 2048, -263.0, -1.0, 128, -1835.0, -1.0, 16384, 5887.0, 6142.0, 2048,
2, 9.0, 1529.0, 1024, 1.0, 1520.0, 4096, 15.0, 1535.0, 1024, -263.0, -1.0, 128, -525.0, -1.0, 4096, 1535.0, 1662.0, 1024,
3, 9.0, 6137.0, 4096, 1.0, 6128.0, 16384, 15.0, 6143.0, 4096, -263.0, -1.0, 256, -1835.0, -1.0, 16384, 6143.0, 6654.0, 4096,
4, 9.0, 1593.0, 1536, 1.0, 1583.0, 4096, 15.0, 1599.0, 1536, -263.0, -1.0, 192, -525.0, -1.0, 4096, 1599.0, 1790.0, 1536,
5, 9.0, 6393.0, 6144, 1.0, 6383.0, 16384, 15.0, 6399.0, 6144, -263.0, -1.0, 384, -1835.0, -1.0, 16384, 6399.0, 7166.0, 6144,
6, 9.0, 1657.0, 2048, 1.0, 1646.0, 4096, 15.0, 1663.0, 2048, -263.0, -1.0, 256, -525.0, -1.0, 4096, 1663.0, 1918.0, 2048,
7, 9.0, 6649.0, 8192, 1.0, 6638.0, 16384, 15.0, 6655.0, 8192, -263.0, -1.0, 512, -1835.0, -1.0, 16384, 6655.0, 7678.0, 8192,
8, 9.0, 1721.0, 2560, 1.0, 1709.0, 4096, 15.0, 1727.0, 2560, -263.0, -1.0, 320, -525.0, -1.0, 4096, 1727.0, 2046.0, 2560,
9, 9.0, 6905.0, 10240, 1.0, 6893.0, 16384, 15.0, 6911.0, 10240, -263.0, -1.0, 640, -1835.0, -1.0, 16384, 6911.0, 8190.0, 10240,
10, 9.0, 1785.0, 3072, 1.0, 1772.0, 4096, 15.0, 1791.0, 3072, -263.0, -1.0, 384, -525.0, -1.0, 4096, 1791.0, 2174.0, 3072,
11, 9.0, 7161.0, 12288, 1.0, 7148.0, 16384, 15.0, 7167.0, 12288, -263.0, -1.0, 768, -1835.0, -1.0, 16384, 7167.0, 8702.0, 12288,
12, 9.0, 1849.0, 3584, 1.0, 1835.0, 4096, 15.0, 1855.0, 3584, -263.0, -1.0, 448, -525.0, -1.0, 4096, 1855.0, 2302.0, 3584,
13, 9.0, 7417.0, 14336, 1.0, 7403.0, 16384, 15.0, 7423.0, 14336, -263.0, -1.0, 896, -1835.0, -1.0, 16384, 7423.0, 9214.0, 14336,
14, 9.0, 1913.0, 4096, 1.0, 1898.0, 4096, 15.0, 1919.0, 4096, -263.0, -1.0, 512, -525.0, -1.0, 4096, 1919.0, 2430.0, 4096,
15, 9.0, 7673.0, 16384, 1.0, 7658.0, 16384, 15.0, 7679.0, 16384, -263.0, -1.0, 1024, -1835.0, -1.0, 16384, 7679.0, 9726.0, 16384,
16, 9.0, 1977.0, 4608, 1.0, 1961.0, 4096, 15.0, 1983.0, 4608, -263.0, -1.0, 576, -525.0, -1.0, 4096, 1983.0, 2558.0, 4608,
17, 9.0, 7929.0, 18432, 1.0, 7913.0, 16384, 15.0, 7935.0, 18432, -263.0, -1.0, 1152, -1835.0, -1.0, 16384, 7935.0, 10238.0, 18432,
18, 9.0, 2041.0, 5120, 1.0, 2024.0, 4096, 15.0, 2047.0, 5120, -263.0, -1.0, 640, -525.0, -1.0, 4096, 2047.0, 2686.0, 5120,
19, 9.0, 8185.0, 20480, 1.0, 8168.0, 16384, 15.0, 8191.0, 20480, -263.0, -1.0, 1280, -1835.0, -1.0, 16384, 8191.0, 10750.0, 20480,
20, 9.0, 2105.0, 5632, 1.0, 2087.0, 4096, 15.0, 2111.0, 5632, -263.0, -1.0, 704, -525.0, -1.0, 4096, 2111.0, 2814.0, 5632,
21, 9.0, 8441.0, 22528, 1.0, 8423.0, 16384, 15.0, 8447.0, 22528, -263.0, -1.0, 1408, -1835.0, -1.0, 16384, 8447.0, 11262.0, 22528,
22, 9.0, 2169.0, 6144, 1.0, 2150.0, 4096, 15.0, 2175.0, 6144, -263.0, -1.0, 768, -525.0, -1.0, 4096, 2175.0, 2942.0, 6144,
23, 9.0, 8697.0, 24576, 1.0, 8678.0, 16384, 15.0, 8703.0, 24576, -263.0, -1.0, 1536, -1835.0, -1.0, 16384, 8703.0, 11774.0, 24576,
24, 9.0, 2233.0, 6656, 1.0, 2213.0, 4096, 15.0, 2239.0, 6656, -263.0, -1.0, 832, -525.0, -1.0, 4096, 2239.0, 3070.0, 6656,
25, 9.0, 8953.0, 26624, 1.0, 8933.0, 16384, 15.0, 8959.0, 26624, -263.0, -1.0, 1664, -1835.0, -1.0, 16384, 8959.0, 12286.0, 26624,
26, 9.0, 2297.0, 7168, 1.0, 2276.0, 4096, 15.0, 2303.0, 7168, -263.0, -1.0, 896, -525.0, -1.0, 4096, 2303.0, 3198.0, 7168,
27, 9.0, 9209.0, 28672, 1.0, 9188.0, 16384, 15.0, 9215.0, 28672, -263.0, -1.0, 1792, -1835.0, -1.0, 16384, 9215.0, 12798.0, 28672,
28, 9.0, 2361.0, 7680, 1.0, 2339.0, 4096, 15.0, 2367.0, 7680, -263.0, -1.0, 960, -525.0, -1.0, 4096, 2367.0, 3326.0, 7680,
29, 9.0, 9465.0, 30720, 1.0, 9443.0, 16384, 15.0, 9471.0, 30720, -263.0, -1.0, 1920, -1835.0, -1.0, 16384, 9471.0, 13310.0, 30720,
30, 9.0, 2425.0, 8192, 1.0, 2402.0, 4096, 15.0, 2431.0, 8192, -263.0, -1.0, 1024, -525.0, -1.0, 4096, 2431.0, 3454.0, 8192,
31, 9.0, 9721.0, 32768, 1.0, 9698.0, 16384, 15.0, 9727.0, 32768, -263.0, -1.0, 2048, -1835.0, -1.0, 16384, 9727.0, 13822.0, 32768,
32, 9.0, 2489.0, 8704, 1.0, 2465.0, 4096, 15.0, 2495.0, 8704, -263.0, -1.0, 1088, -525.0, -1.0, 4096, 2495.0, 3582.0, 8704,
33, 9.0, 9977.0, 34816, 1.0, 9953.0, 16384, 15.0, 9983.0, 34816, -263.0, -1.0, 2176, -1835.0, -1.0, 16384, 9983.0, 14334.0, 34816,
34, 9.0, 2553.0, 9216, 1.0, 2528.0, 4096, 15.0, 2559.0, 9216, -263.0, -1.0, 1152, -525.0, -1.0, 4096, 2559.0, 3710.0, 9216,
35, 9.0, 10233.0, 36864, 1.0, 10208.0, 16384, 15.0, 10239.0, 36864, -263.0, -1.0, 2304, -1835.0, -1.0, 16384, 10239.0, 14846.0, 36864,
36, 9.0, 2617.0, 9728, 1.0, 2591.0, 4096, 15.0, 2623.0, 9728, -263.0, -1.0, 1216, -525.0, -1.0, 4096, 2623.0, 3838.0, 9728,
37, 9.0, 10489.0, 38912, 1.0, 10463.0, 16384, 15.0, 10495.0, 38912, -263.0, -1.0, 2432, -1835.0, -1.0, 16384, 10495.0, 15358.0, 38912,
38, 9.0, 1337.0, 5120, 1.0, 1310.0, 2048, 15.0, 1343.0, 5120, -263.0, -1.0, 640, -263.0, -1.0, 2048, 1343.0, 1982.0, 5120,
39, 9.0, 2681.0, 10240, 1.0, 2654.0, 4096, 15.0, 2687.0, 10240, -263.0, -1.0, 1280, -525.0, -1.0, 4096, 2687.0, 3966.0, 10240,
40, 9.0, 10745.0, 40960, 1.0, 10718.0, 16384, 15.0, 10751.0, 40960, -263.0, -1.0, 2560, -1835.0, -1.0, 16384, 10751.0, 15870.0, 40960,
41, 9.0, 2745.0, 10752, 1.0, 2717.0, 4096, 15.0, 2751.0, 10752, -263.0, -1.0, 1344, -525.0, -1.0, 4096, 2751.0, 4094.0, 10752,
42, 9.0, 11001.0, 43008, 1.0, 10973.0, 16384, 15.0, 11007.0, 43008, -525.0, -1.0, 2688, -1835.0, -1.0, 16384, 11007.0, 16382.0, 43008,
43, 9.0, 2809.0, 11264, 1.0, 2780.0, 4096, 15.0, 2815.0, 11264, -263.0, -1.0, 1408, -525.0, -1.0, 4096, 2815.0, 4222.0, 11264,
44, 9.0, 11257.0, 45056, 1.0, 11228.0, 16384, 15.0, 11263.0, 45056, -525.0, -1.0, 2816, -1835.0, -1.0, 16384, 11263.0, 16894.0, 45056,
45, 9.0, 2873.0, 11776, 1.0, 2843.0, 4096, 15.0, 2879.0, 11776, -263.0, -1.0, 1472, -525.0, -1.0, 4096, 2879.0, 4350.0, 11776,
46, 9.0, 11513.0, 47104, 1.0, 11483.0, 16384, 15.0, 11519.0, 47104, -525.0, -1.0, 2944, -1835.0, -1.0, 16384, 11519.0, 17406.0, 47104,
47, 9.0, 2937.0, 12288, 1.0, 2906.0, 4096, 15.0, 2943.0, 12288, -263.0, -1.0, 1536, -525.0, -1.0, 4096, 2943.0, 4478.0, 12288,
48, 9.0, 11769.0, 49152, 1.0, 11738.0, 16384, 15.0, 11775.0, 49152, -525.0, -1.0, 3072, -1835.0, -1.0, 16384, 11775.0, 17918.0, 49152,
49, 9.0, 3001.0, 12800, 1.0, 2969.0, 4096, 15.0, 3007.0, 12800, -263.0, -1.0, 1600, -525.0, -1.0, 4096, 3007.0, 4606.0, 12800,
50, 9.0, 12025.0, 51200, 1.0, 11993.0, 16384, 15.0, 12031.0, 51200, -525.0, -1.0, 3200, -1835.0, -1.0, 16384, 12031.0, 18430.0, 51200,
51, 9.0, 3065.0, 13312, 1.0, 3032.0, 4096, 15.0, 3071.0, 13312, -263.0, -1.0, 1664, -525.0, -1.0, 4096, 3071.0, 4734.0, 13312,
52, 9.0, 12281.0, 53248, 1.0, 12248.0, 16384, 15.0, 12287.0, 53248, -525.0, -1.0, 3328, -1835.0, -1.0, 16384, 12287.0, 18942.0, 53248,
53, 9.0, 3129.0, 13824, 1.0, 3095.0, 4096, 15.0, 3135.0, 13824, -263.0, -1.0, 1728, -525.0, -1.0, 4096, 3135.0, 4862.0, 13824,
54, 9.0, 12537.0, 55296, 1.0, 12503.0, 16384, 15.0, 12543.0, 55296, -525.0, -1.0, 3456, -1835.0, -1.0, 16384, 12543.0, 19454.0, 55296,
55, 9.0, 3193.0, 14336, 1.0, 3158.0, 4096, 15.0, 3199.0, 14336, -263.0, -1.0, 1792, -525.0, -1.0, 4096, 3199.0, 4990.0, 14336,
56, 9.0, 12793.0, 57344, 1.0, 12758.0, 16384, 15.0, 12799.0, 57344, -525.0, -1.0, 3584, -1835.0, -1.0, 16384, 12799.0, 19966.0, 57344,
57, 9.0, 3257.0, 14848, 1.0, 3221.0, 4096, 15.0, 3263.0, 14848, -263.0, -1.0, 1856, -525.0, -1.0, 4096, 3263.0, 5118.0, 14848,
58, 9.0, 13049.0, 59392, 1.0, 13013.0, 16384, 15.0, 13055.0, 59392, -525.0, -1.0, 3712, -1835.0, -1.0, 16384, 13055.0, 20478.0, 59392,
59, 9.0, 3321.0, 15360, 1.0, 3284.0, 4096, 15.0, 3327.0, 15360, -263.0, -1.0, 1920, -525.0, -1.0, 4096, 3327.0, 5246.0, 15360,
60, 9.0, 13305.0, 61440, 1.0, 13268.0, 16384, 15.0, 13311.0, 61440, -525.0, -1.0, 3840, -1835.0, -1.0, 16384, 13311.0, 20990.0, 61440,
61, 9.0, 3385.0, 15872, 1.0, 3347.0, 4096, 15.0, 3391.0, 15872, -263.0, -1.0, 1984, -525.0, -1.0, 4096, 3391.0, 5374.0, 15872,
62, 9.0, 13561.0, 63488, 1.0, 13523.0, 16384, 15.0, 13567.0, 63488, -525.0, -1.0, 3968, -1835.0, -1.0, 16384, 13567.0, 21502.0, 63488,
63, 9.0, 3449.0, 16384, 1.0, 3410.0, 4096, 15.0, 3455.0, 16384, -263.0, -1.0, 2048, -525.0, -1.0, 4096, 3455.0, 5502.0, 16384,
64, 9.0, 13817.0, 65536, 1.0, 13778.0, 16384, 15.0, 13823.0, 65536, -525.0, -1.0, 4096, -1835.0, -1.0, 16384, 13823.0, 22014.0, 65536,
65, 9.0, 3513.0, 16896, 1.0, 3473.0, 4096, 15.0, 3519.0, 16896, -263.0, -1.0, 2112, -525.0, -1.0, 4096, 3519.0, 5630.0, 16896,
66, 9.0, 14073.0, 67584, 1.0, 14033.0, 16384, 15.0, 14079.0, 67584, -525.0, -1.0, 4224, -1835.0, -1.0, 16384, 14079.0, 22526.0, 67584,
67, 9.0, 889.0, 4352, 1.0, 848.0, 1024, 15.0, 895.0, 4352, -263.0, -1.0, 544, -263.0, -1.0, 1024, 895.0, 1438.0, 4352,
68, 9.0, 3577.0, 17408, 1.0, 3536.0, 4096, 15.0, 3583.0, 17408, -263.0, -1.0, 2176, -525.0, -1.0, 4096, 3583.0, 5758.0, 17408,
69, 9.0, 14329.0, 69632, 1.0, 14288.0, 16384, 15.0, 14335.0, 69632, -525.0, -1.0, 4352, -1835.0, -1.0, 16384, 14335.0, 23038.0, 69632,
70, 9.0, 3641.0, 17920, 1.0, 3599.0, 4096, 15.0, 3647.0, 17920, -263.0, -1.0, 2240, -525.0, -1.0, 4096, 3647.0, 5886.0, 17920,
71, 9.0, 14585.0, 71680, 1.0, 14543.0, 16384, 15.0, 14591.0, 71680, -525.0, -1.0, 4480, -1835.0, -1.0, 16384, 14591.0, 23550.0, 71680,
72, 9.0, 3705.0, 18432, 1.0, 3662.0, 4096, 15.0, 3711.0, 18432, -263.0, -1.0, 2304, -525.0, -1.0, 4096, 3711.0, 6014.0, 18432,
73, 9.0, 14841.0, 73728, 1.0, 14798.0, 16384, 15.0, 14847.0, 73728, -525.0, -1.0, 4608, -1835.0, -1.0, 16384, 14847.0, 24062.0, 73728,
74, 9.0, 3769.0, 18944, 1.0, 3725.0, 4096, 15.0, 3775.0, 18944, -263.0, -1.0, 2368, -525.0, -1.0, 4096, 3775.0, 6142.0, 18944,
75, 9.0, 15097.0, 75776, 1.0, 15053.0, 16384, 15.0, 15103.0, 75776, -525.0, -1.0, 4736, -1835.0, -1.0, 16384, 15103.0, 24574.0, 75776,
76, 9.0, 953.0, 4864, 1.0, 908.0, 1024, 15.0, 959.0, 4864, -263.0, -1.0, 608, -263.0, -1.0, 1024, 959.0, 1566.0, 4864,
77, 9.0, 3833.0, 19456, 1.0, 3788.0, 4096, 15.0, 3839.0, 19456, -263.0, -1.0, 2432, -525.0, -1.0, 4096, 3839.0, 6270.0, 19456,
78, 9.0, 15353.0, 77824, 1.0, 15308.0, 16384, 15.0, 15359.0, 77824, -525.0, -1.0, 4864, -1835.0, -1.0, 16384, 15359.0, 25086.0, 77824,
79, 9.0, 969.0, 4992, 1.0, 923.0, 1024, 15.0, 975.0, 4992, -263.0, -1.0, 624, -263.0, -1.0, 1024, 975.0, 1598.0, 4992,
80, 9.0, 3897.0, 19968, 1.0, 3851.0, 4096, 15.0, 3903.0, 19968, -263.0, -1.0, 2496, -525.0, -1.0, 4096, 3903.0, 6398.0, 19968,
81, 9.0, 15609.0, 79872, 1.0, 15563.0, 16384, 15.0, 15615.0, 79872, -525.0, -1.0, 4992, -1835.0, -1.0, 16384, 15615.0, 25598.0, 79872,
82, 9.0, 985.0, 5120, 1.0, 938.0, 1024, 15.0, 991.0, 5120, -263.0, -1.0, 640, -263.0, -1.0, 1024, 991.0, 1630.0, 5120,
83, 9.0, 3961.0, 20480, 1.0, 3914.0, 4096, 15.0, 3967.0, 20480, -263.0, -1.0, 2560, -525.0, -1.0, 4096, 3967.0, 6526.0, 20480,
84, 9.0, 15865.0, 81920, 1.0, 15818.0, 16384, 15.0, 15871.0, 81920, -525.0, -1.0, 5120, -1835.0, -1.0, 16384, 15871.0, 26110.0, 81920,
85, 9.0, 4025.0, 20992, 1.0, 3977.0, 4096, 15.0, 4031.0, 20992, -525.0, -1.0, 2624, -525.0, -1.0, 4096, 4031.0, 6654.0, 20992,
86, 9.0, 16121.0, 83968, 1.0, 16073.0, 16384, 15.0, 16127.0, 83968, -787.0, -1.0, 5248, -1835.0, -1.0, 16384, 16127.0, 26622.0, 83968,
87, 9.0, 1017.0, 5376, 1.0, 968.0, 1024, 15.0, 1023.0, 5376, -263.0, -1.0, 672, -263.0, -1.0, 1024, 1023.0, 1694.0, 5376,
88, 9.0, 4089.0, 21504, 1.0, 4040.0, 4096, 15.0, 4095.0, 21504, -525.0, -1.0, 2688, -525.0, -1.0, 4096, 4095.0, 6782.0, 21504,
89, 9.0, 16377.0, 86016, 1.0, 16328.0, 16384, 15.0, 16383.0, 86016, -787.0, -1.0, 5376, -1835.0, -1.0, 16384, 16383.0, 27134.0, 86016,
90, 9.0, 4153.0, 22016, 1.0, 4103.0, 4096, 15.0, 4159.0, 22016, -525.0, -1.0, 2752, -525.0, -1.0, 4096, 4159.0, 6910.0, 22016,
91, 9.0, 16633.0, 88064, 1.0, 16583.0, 16384, 15.0, 16639.0, 88064, -787.0, -1.0, 5504, -1835.0, -1.0, 16384, 16639.0, 27646.0, 88064,
92, 9.0, 1049.0, 5632, 1.0, 998.0, 1024, 15.0, 1055.0, 5632, -263.0, -1.0, 704, -263.0, -1.0, 1024, 1055.0, 1758.0, 5632,
93, 9.0, 4217.0, 22528, 1.0, 4166.0, 4096, 15.0, 4223.0, 22528, -525.0, -1.0, 2816, -525.0, -1.0, 4096, 4223.0, 7038.0, 22528,
94, 9.0, 16889.0, 90112, 1.0, 16838.0, 16384, 15.0, 16895.0, 90112, -787.0, -1.0, 5632, -1835.0, -1.0, 16384, 16895.0, 28158.0, 90112,
95, 9.0, 4281.0, 23040, 1.0, 4229.0, 4096, 15.0, 4287.0, 23040, -525.0, -1.0, 2880, -525.0, -1.0, 4096, 4287.0, 7166.0, 23040,
96, 9.0, 17145.0, 92160, 1.0, 17093.0, 16384, 15.0, 17151.0, 92160, -787.0, -1.0, 5760, -1835.0, -1.0, 16384, 17151.0, 28670.0, 92160,
97, 9.0, 1081.0, 5888, 1.0, 1028.0, 1024, 15.0, 1087.0, 5888, -263.0, -1.0, 736, -263.0, -1.0, 1024, 1087.0, 1822.0, 5888,
98, 9.0, 4345.0, 23552, 1.0, 4292.0, 4096, 15.0, 4351.0, 23552, -525.0, -1.0, 2944, -525.0, -1.0, 4096, 4351.0, 7294.0, 23552,
99, 9.0, 17401.0, 94208, 1.0, 17348.0, 16384, 15.0, 17407.0, 94208, -787.0, -1.0, 5888, -1835.0, -1.0, 16384, 17407.0, 29182.0, 94208,
100, 9.0, 4409.0, 24064, 1.0, 4355.0, 4096, 15.0, 4415.0, 24064, -525.0, -1.0, 3008, -525.0, -1.0, 4096, 4415.0, 7422.0, 24064,
101, 9.0, 17657.0, 96256, 1.0, 17603.0, 16384, 15.0, 17663.0, 96256, -787.0, -1.0, 6016, -1835.0, -1.0, 16384, 17663.0, 29694.0, 96256,
102, 9.0, 1113.0, 6144, 1.0, 1058.0, 1024, 15.0, 1119.0, 6144, -263.0, -1.0, 768, -263.0, -1.0, 1024, 1119.0, 1886.0, 6144,
103, 9.0, 4473.0, 24576, 1.0, 4418.0, 4096, 15.0, 4479.0, 24576, -525.0, -1.0, 3072, -525.0, -1.0, 4096, 4479.0, 7550.0, 24576,
104, 9.0, 17913.0, 98304, 1.0, 17858.0, 16384, 15.0, 17919.0, 98304, -787.0, -1.0, 6144, -1835.0, -1.0, 16384, 17919.0, 30206.0, 98304,
105, 9.0, 4537.0, 25088, 1.0, 4481.0, 4096, 15.0, 4543.0, 25088, -263.0, -1.0, 1568, -525.0, -1.0, 4096, 4543.0, 7678.0, 25088,
106, 9.0, 4537.0, 25088, 1.0, 4481.0, 4096, 15.0, 4543.0, 25088, -525.0, -1.0, 3136, -525.0, -1.0, 4096, 4543.0, 7678.0, 25088,
107, 9.0, 18169.0, 100352, 1.0, 18113.0, 16384, 15.0, 18175.0, 100352, -787.0, -1.0, 6272, -1835.0, -1.0, 16384, 18175.0, 30718.0, 100352,
108, 9.0, 1145.0, 6400, 1.0, 1088.0, 1024, 15.0, 1151.0, 6400, -263.0, -1.0, 800, -263.0, -1.0, 1024, 1151.0, 1950.0, 6400,
109, 9.0, 4601.0, 25600, 1.0, 4544.0, 4096, 15.0, 4607.0, 25600, -263.0, -1.0, 1600, -525.0, -1.0, 4096, 4607.0, 7806.0, 25600,
110, 9.0, 4601.0, 25600, 1.0, 4544.0, 4096, 15.0, 4607.0, 25600, -525.0, -1.0, 3200, -525.0, -1.0, 4096, 4607.0, 7806.0, 25600,
111, 9.0, 18425.0, 102400, 1.0, 18368.0, 16384, 15.0, 18431.0, 102400, -787.0, -1.0, 6400, -1835.0, -1.0, 16384, 18431.0, 31230.0, 102400,
112, 9.0, 4665.0, 26112, 1.0, 4607.0, 4096, 15.0, 4671.0, 26112, -263.0, -1.0, 1632, -525.0, -1.0, 4096, 4671.0, 7934.0, 26112,
113, 9.0, 4665.0, 26112, 1.0, 4607.0, 4096, 15.0, 4671.0, 26112, -525.0, -1.0, 3264, -525.0, -1.0, 4096, 4671.0, 7934.0, 26112,
114, 9.0, 18681.0, 104448, 1.0, 18623.0, 16384, 15.0, 18687.0, 104448, -787.0, -1.0, 6528, -1835.0, -1.0, 16384, 18687.0, 31742.0, 104448,
115, 9.0, 1177.0, 6656, 1.0, 1118.0, 1024, 15.0, 1183.0, 6656, -263.0, -1.0, 832, -263.0, -1.0, 1024, 1183.0, 2014.0, 6656,
116, 9.0, 4729.0, 26624, 1.0, 4670.0, 4096, 15.0, 4735.0, 26624, -263.0, -1.0, 1664, -525.0, -1.0, 4096, 4735.0, 8062.0, 26624,
117, 9.0, 4729.0, 26624, 1.0, 4670.0, 4096, 15.0, 4735.0, 26624, -525.0, -1.0, 3328, -525.0, -1.0, 4096, 4735.0, 8062.0, 26624,
118, 9.0, 18937.0, 106496, 1.0, 18878.0, 16384, 15.0, 18943.0, 106496, -787.0, -1.0, 6656, -1835.0, -1.0, 16384, 18943.0, 32254.0, 106496,
119, 9.0, 4793.0, 27136, 1.0, 4733.0, 4096, 15.0, 4799.0, 27136, -263.0, -1.0, 1696, -525.0, -1.0, 4096, 4799.0, 8190.0, 27136,
120, 9.0, 4793.0, 27136, 1.0, 4733.0, 4096, 15.0, 4799.0, 27136, -525.0, -1.0, 3392, -525.0, -1.0, 4096, 4799.0, 8190.0, 27136,
121, 9.0, 19193.0, 108544, 1.0, 19133.0, 16384, 15.0, 19199.0, 108544, -787.0, -1.0, 6784, -1835.0, -1.0, 16384, 19199.0, 32766.0, 108544,
122, 9.0, 1209.0, 6912, 1.0, 1148.0, 1024, 15.0, 1215.0, 6912, -263.0, -1.0, 864, -263.0, -1.0, 1024, 1215.0, 2078.0, 6912,
123, 9.0, 4857.0, 27648, 1.0, 4796.0, 4096, 15.0, 4863.0, 27648, -263.0, -1.0, 1728, -525.0, -1.0, 4096, 4863.0, 8318.0, 27648,
124, 9.0, 4857.0, 27648, 1.0, 4796.0, 4096, 15.0, 4863.0, 27648, -525.0, -1.0, 3456, -525.0, -1.0, 4096, 4863.0, 8318.0, 27648,
125, 9.0, 19449.0, 110592, 1.0, 19388.0, 16384, 15.0, 19455.0, 110592, -787.0, -1.0, 6912, -1835.0, -1.0, 16384, 19455.0, 33278.0, 110592,
126, 9.0, 4921.0, 28160, 1.0, 4859.0, 4096, 15.0, 4927.0, 28160, -263.0, -1.0, 1760, -525.0, -1.0, 4096, 4927.0, 8446.0, 28160,
127, 9.0, 4921.0, 28160, 1.0, 4859.0, 4096, 15.0, 4927.0, 28160, -525.0, -1.0, 3520, -525.0, -1.0, 4096, 4927.0, 8446.0, 28160,
128, 9.0, 19705.0, 112640, 1.0, 19643.0, 16384, 15.0, 19711.0, 112640, -787.0, -1.0, 7040, -1835.0, -1.0, 16384, 19711.0, 33790.0, 112640,
129, 9.0, 1241.0, 7168, 1.0, 1178.0, 1024, 15.0, 1247.0, 7168, -263.0, -1.0, 896, -263.0, -1.0, 1024, 1247.0, 2142.0, 7168,
130, 9.0, 4985.0, 28672, 1.0, 4922.0, 4096, 15.0, 4991.0, 28672, -263.0, -1.0, 1792, -525.0, -1.0, 4096, 4991.0, 8574.0, 28672,
131, 9.0, 4985.0, 28672, 1.0, 4922.0, 4096, 15.0, 4991.0, 28672, -525.0, -1.0, 3584, -525.0, -1.0, 4096, 4991.0, 8574.0, 28672,
132, 9.0, 19961.0, 114688, 1.0, 19898.0, 16384, 15.0, 19967.0, 114688, -787.0, -1.0, 7168, -1835.0, -1.0, 16384, 19967.0, 34302.0, 114688,
133, 9.0, 5049.0, 29184, 1.0, 4985.0, 4096, 15.0, 5055.0, 29184, -525.0, -1.0, 3648, -525.0, -1.0, 4096, 5055.0, 8702.0, 29184,
134, 9.0, 20217.0, 116736, 1.0, 20153.0, 16384, 15.0, 20223.0, 116736, -787.0, -1.0, 7296, -1835.0, -1.0, 16384, 20223.0, 34814.0, 116736,
135, 9.0, 1273.0, 7424, 1.0, 1208.0, 1024, 15.0, 1279.0, 7424, -263.0, -1.0, 928, -263.0, -1.0, 1024, 1279.0, 2206.0, 7424,
136, 9.0, 5113.0, 29696, 1.0, 5048.0, 4096, 15.0, 5119.0, 29696, -263.0, -1.0, 1856, -525.0, -1.0, 4096, 5119.0, 8830.0, 29696,
137, 9.0, 5113.0, 29696, 1.0, 5048.0, 4096, 15.0, 5119.0, 29696, -525.0, -1.0, 3712, -525.0, -1.0, 4096, 5119.0, 8830.0, 29696,
138, 9.0, 20473.0, 118784, 1.0, 20408.0, 16384, 15.0, 20479.0, 118784, -787.0, -1.0, 7424, -1835.0, -1.0, 16384, 20479.0, 35326.0, 118784,
139, 9.0, 1289.0, 7552, 1.0, 1223.0, 1024, 15.0, 1295.0, 7552, -263.0, -1.0, 944, -263.0, -1.0, 1024, 1295.0, 2238.0, 7552,
140, 9.0, 5177.0, 30208, 1.0, 5111.0, 4096, 15.0, 5183.0, 30208, -263.0, -1.0, 1888, -525.0, -1.0, 4096, 5183.0, 8958.0, 30208,
141, 9.0, 5177.0, 30208, 1.0, 5111.0, 4096, 15.0, 5183.0, 30208, -525.0, -1.0, 3776, -525.0, -1.0, 4096, 5183.0, 8958.0, 30208,
142, 9.0, 20729.0, 120832, 1.0, 20663.0, 16384, 15.0, 20735.0, 120832, -787.0, -1.0, 7552, -1835.0, -1.0, 16384, 20735.0, 35838.0, 120832,
143, 9.0, 1305.0, 7680, 1.0, 1238.0, 1024, 15.0, 1311.0, 7680, -263.0, -1.0, 960, -263.0, -1.0, 1024, 1311.0, 2270.0, 7680,
144, 9.0, 5241.0, 30720, 1.0, 5174.0, 4096, 15.0, 5247.0, 30720, -263.0, -1.0, 1920, -525.0, -1.0, 4096, 5247.0, 9086.0, 30720,
145, 9.0, 5241.0, 30720, 1.0, 5174.0, 4096, 15.0, 5247.0, 30720, -525.0, -1.0, 3840, -525.0, -1.0, 4096, 5247.0, 9086.0, 30720,
146, 9.0, 20985.0, 122880, 1.0, 20918.0, 16384, 15.0, 20991.0, 122880, -787.0, -1.0, 7680, -1835.0, -1.0, 16384, 20991.0, 36350.0, 122880,
147, 9.0, 5305.0, 31232, 1.0, 5237.0, 4096, 15.0, 5311.0, 31232, -263.0, -1.0, 1952, -525.0, -1.0, 4096, 5311.0, 9214.0, 31232,
148, 9.0, 5305.0, 31232, 1.0, 5237.0, 4096, 15.0, 5311.0, 31232, -525.0, -1.0, 3904, -525.0, -1.0, 4096, 5311.0, 9214.0, 31232,
149, 9.0, 21241.0, 124928, 1.0, 21173.0, 16384, 15.0, 21247.0, 124928, -787.0, -1.0, 7808, -1835.0, -1.0, 16384, 21247.0, 36862.0, 124928,
150, 9.0, 1337.0, 7936, 1.0, 1268.0, 1024, 15.0, 1343.0, 7936, -263.0, -1.0, 992, -263.0, -1.0, 1024, 1343.0, 2334.0, 7936,
151, 9.0, 5369.0, 31744, 1.0, 5300.0, 4096, 15.0, 5375.0, 31744, -263.0, -1.0, 1984, -525.0, -1.0, 4096, 5375.0, 9342.0, 31744,
152, 9.0, 5369.0, 31744, 1.0, 5300.0, 4096, 15.0, 5375.0, 31744, -525.0, -1.0, 3968, -525.0, -1.0, 4096, 5375.0, 9342.0, 31744,
153, 9.0, 21497.0, 126976, 1.0, 21428.0, 16384, 15.0, 21503.0, 126976, -1049.0, -1.0, 7936, -1835.0, -1.0, 16384, 21503.0, 37374.0, 126976,
154, 9.0, 1353.0, 8064, 1.0, 1283.0, 1024, 15.0, 1359.0, 8064, -263.0, -1.0, 1008, -263.0, -1.0, 1024, 1359.0, 2366.0, 8064,
155, 9.0, 5433.0, 32256, 1.0, 5363.0, 4096, 15.0, 5439.0, 32256, -263.0, -1.0, 2016, -525.0, -1.0, 4096, 5439.0, 9470.0, 32256,
156, 9.0, 5433.0, 32256, 1.0, 5363.0, 4096, 15.0, 5439.0, 32256, -525.0, -1.0, 4032, -525.0, -1.0, 4096, 5439.0, 9470.0, 32256,
157, 9.0, 21753.0, 129024, 1.0, 21683.0, 16384, 15.0, 21759.0, 129024, -1049.0, -1.0, 8064, -1835.0, -1.0, 16384, 21759.0, 37886.0, 129024,
158, 9.0, 1369.0, 8192, 1.0, 1298.0, 1024, 15.0, 1375.0, 8192, -263.0, -1.0, 1024, -263.0, -1.0, 1024, 1375.0, 2398.0, 8192,
159, 9.0, 2745.0, 16384, 1.0, 2674.0, 2048, 15.0, 2751.0, 16384, -263.0, -1.0, 2048, -263.0, -1.0, 2048, 2751.0, 4798.0, 16384,
160, 9.0, 5497.0, 32768, 1.0, 5426.0, 4096, 15.0, 5503.0, 32768, -263.0, -1.0, 2048, -525.0, -1.0, 4096, 5503.0, 9598.0, 32768,
161, 9.0, 5497.0, 32768, 1.0, 5426.0, 4096, 15.0, 5503.0, 32768, -525.0, -1.0, 4096, -525.0, -1.0, 4096, 5503.0, 9598.0, 32768,
162, 9.0, 22009.0, 131072, 1.0, 21938.0, 16384, 15.0, 22015.0, 131072, -1049.0, -1.0, 8192, -1835.0, -1.0, 16384, 22015.0, 38398.0, 131072,
163, 9.0, 1385.0, 8320, 1.0, 1313.0, 1024, 15.0, 1391.0, 8320, -263.0, -1.0, 1040, -263.0, -1.0, 1024, 1391.0, 2430.0, 8320,
164, 9.0, 2777.0, 16640, 1.0, 2705.0, 2048, 15.0, 2783.0, 16640, -263.0, -1.0, 2080, -263.0, -1.0, 2048, 2783.0, 4862.0, 16640,
165, 9.0, 5561.0, 33280, 1.0, 5489.0, 4096, 15.0, 5567.0, 33280, -263.0, -1.0, 2080, -525.0, -1.0, 4096, 5567.0, 9726.0, 33280,
166, 9.0, 5561.0, 33280, 1.0, 5489.0, 4096, 15.0, 5567.0, 33280, -525.0, -1.0, 4160, -525.0, -1.0, 4096, 5567.0, 9726.0, 33280,
167, 9.0, 22265.0, 133120, 1.0, 22193.0, 16384, 15.0, 22271.0, 133120, -1049.0, -1.0, 8320, -1835.0, -1.0, 16384, 21946.0, 38329.0, 133127,
168, 9.0, 1401.0, 8448, 1.0, 1328.0, 1024, 15.0, 1407.0, 8448, -263.0, -1.0, 1056, -263.0, -1.0, 1024, 1407.0, 2462.0, 8448,
169, 9.0, 5625.0, 33792, 1.0, 5552.0, 4096, 15.0, 5631.0, 33792, -263.0, -1.0, 2112, -525.0, -1.0, 4096, 5631.0, 9854.0, 33792,
170, 9.0, 5625.0, 33792, 1.0, 5552.0, 4096, 15.0, 5631.0, 33792, -525.0, -1.0, 4224, -525.0, -1.0, 4096, 5631.0, 9854.0, 33792,
171, 9.0, 22521.0, 135168, 1.0, 22448.0, 16384, 15.0, 22527.0, 135168, -1049.0, -1.0, 8448, -1835.0, -1.0, 16384, 21858.0, 38241.0, 135175,
172, 9.0, 1417.0, 8576, 1.0, 1343.0, 1024, 15.0, 1423.0, 8576, -263.0, -1.0, 1072, -263.0, -1.0, 1024, 1423.0, 2494.0, 8576,
173, 9.0, 5689.0, 34304, 1.0, 5615.0, 4096, 15.0, 5695.0, 34304, -263.0, -1.0, 2144, -525.0, -1.0, 4096, 5695.0, 9982.0, 34304,
174, 9.0, 5689.0, 34304, 1.0, 5615.0, 4096, 15.0, 5695.0, 34304, -525.0, -1.0, 4288, -525.0, -1.0, 4096, 5695.0, 9982.0, 34304,
175, 9.0, 22777.0, 137216, 1.0, 22703.0, 16384, 15.0, 22783.0, 137216, -1049.0, -1.0, 8576, -1835.0, -1.0, 16384, 21770.0, 38153.0, 137223,
176, 9.0, 1433.0, 8704, 1.0, 1358.0, 1024, 15.0, 1439.0, 8704, -263.0, -1.0, 1088, -263.0, -1.0, 1024, 1439.0, 2526.0, 8704,
177, 9.0, 5753.0, 34816, 1.0, 5678.0, 4096, 15.0, 5759.0, 34816, -263.0, -1.0, 2176, -525.0, -1.0, 4096, 5759.0, 10110.0, 34816,
178, 9.0, 5753.0, 34816, 1.0, 5678.0, 4096, 15.0, 5759.0, 34816, -525.0, -1.0, 4352, -525.0, -1.0, 4096, 5759.0, 10110.0, 34816,
179, 9.0, 23033.0, 139264, 1.0, 22958.0, 16384, 15.0, 23039.0, 139264, -1049.0, -1.0, 8704, -1835.0, -1.0, 16384, 21682.0, 38065.0, 139271,
180, 9.0, 5817.0, 35328, 1.0, 5741.0, 4096, 15.0, 5823.0, 35328, -263.0, -1.0, 2208, -525.0, -1.0, 4096, 5823.0, 10238.0, 35328,
181, 9.0, 5817.0, 35328, 1.0, 5741.0, 4096, 15.0, 5823.0, 35328, -525.0, -1.0, 4416, -525.0, -1.0, 4096, 5823.0, 10238.0, 35328,
182, 9.0, 23289.0, 141312, 1.0, 23213.0, 16384, 15.0, 23295.0, 141312, -1049.0, -1.0, 8832, -1835.0, -1.0, 16384, 21616.0, 37999.0, 141319,
183, 9.0, 1465.0, 8960, 1.0, 1388.0, 1024, 15.0, 1471.0, 8960, -263.0, -1.0, 1120, -263.0, -1.0, 1024, 1471.0, 2590.0, 8960,
184, 9.0, 2937.0, 17920, 1.0, 2860.0, 2048, 15.0, 2943.0, 17920, -263.0, -1.0, 1120, -263.0, -1.0, 2048, 2943.0, 5182.0, 17920,
185, 9.0, 5881.0, 35840, 1.0, 5804.0, 4096, 15.0, 5887.0, 35840, -263.0, -1.0, 2240, -525.0, -1.0, 4096, 5887.0, 10366.0, 35840,
186, 9.0, 5881.0, 35840, 1.0, 5804.0, 4096, 15.0, 5887.0, 35840, -525.0, -1.0, 4480, -525.0, -1.0, 4096, 5887.0, 10366.0, 35840,
187, 9.0, 23545.0, 143360, 1.0, 23468.0, 16384, 15.0, 23551.0, 143360, -1049.0, -1.0, 8960, -1835.0, -1.0, 16384, 21550.0, 37933.0, 143367,
188, 9.0, 2969.0, 18176, 1.0, 2891.0, 2048, 15.0, 2975.0, 18176, -263.0, -1.0, 1136, -263.0, -1.0, 2048, 2975.0, 5246.0, 18176,
189, 9.0, 2969.0, 18176, 1.0, 2891.0, 2048, 15.0, 2975.0, 18176, -263.0, -1.0, 2272, -263.0, -1.0, 2048, 2975.0, 5246.0, 18176,
190, 9.0, 5945.0, 36352, 1.0, 5867.0, 4096, 15.0, 5951.0, 36352, -263.0, -1.0, 2272, -525.0, -1.0, 4096, 5951.0, 10494.0, 36352,
191, 9.0, 5945.0, 36352, 1.0, 5867.0, 4096, 15.0, 5951.0, 36352, -525.0, -1.0, 4544, -525.0, -1.0, 4096, 5951.0, 10494.0, 36352,
192, 9.0, 23801.0, 145408, 1.0, 23723.0, 16384, 15.0, 23807.0, 145408, -1049.0, -1.0, 9088, -1835.0, -1.0, 16384, 21462.0, 37845.0, 145415,
193, 9.0, 1497.0, 9216, 1.0, 1418.0, 1024, 15.0, 1503.0, 9216, -263.0, -1.0, 1152, -263.0, -1.0, 1024, 1503.0, 2654.0, 9216,
194, 9.0, 3001.0, 18432, 1.0, 2922.0, 2048, 15.0, 3007.0, 18432, -263.0, -1.0, 2304, -263.0, -1.0, 2048, 3007.0, 5310.0, 18432,
195, 9.0, 6009.0, 36864, 1.0, 5930.0, 4096, 15.0, 6015.0, 36864, -263.0, -1.0, 2304, -525.0, -1.0, 4096, 6015.0, 10622.0, 36864,
196, 9.0, 6009.0, 36864, 1.0, 5930.0, 4096, 15.0, 6015.0, 36864, -525.0, -1.0, 4608, -525.0, -1.0, 4096, 6015.0, 10622.0, 36864,
197, 9.0, 24057.0, 147456, 1.0, 23978.0, 16384, 15.0, 24063.0, 147456, -1049.0, -1.0, 9216, -1835.0, -1.0, 16384, 21396.0, 37779.0, 147463,
198, 9.0, 1513.0, 9344, 1.0, 1433.0, 1024, 15.0, 1519.0, 9344, -263.0, -1.0, 1168, -263.0, -1.0, 1024, 1519.0, 2686.0, 9344,
199, 9.0, 3033.0, 18688, 1.0, 2953.0, 2048, 15.0, 3039.0, 18688, -263.0, -1.0, 2336, -263.0, -1.0, 2048, 3039.0, 5374.0, 18688,
200, 9.0, 6073.0, 37376, 1.0, 5993.0, 4096, 15.0, 6079.0, 37376, -263.0, -1.0, 2336, -525.0, -1.0, 4096, 6079.0, 10750.0, 37376,
201, 9.0, 6073.0, 37376, 1.0, 5993.0, 4096, 15.0, 6079.0, 37376, -525.0, -1.0, 4672, -525.0, -1.0, 4096, 6079.0, 10750.0, 37376,
202, 9.0, 24313.0, 149504, 1.0, 24233.0, 16384, 15.0, 24319.0, 149504, -1049.0, -1.0, 9344, -1835.0, -1.0, 16384, 21330.0, 37713.0, 149511,
203, 9.0, 1529.0, 9472, 1.0, 1448.0, 1024, 15.0, 1535.0, 9472, -263.0, -1.0, 1184, -263.0, -1.0, 1024, 1535.0, 2718.0, 9472,
204, 9.0, 3065.0, 18944, 1.0, 2984.0, 2048, 15.0, 3071.0, 18944, -263.0, -1.0, 1184, -263.0, -1.0, 2048, 3071.0, 5438.0, 18944,
205, 9.0, 3065.0, 18944, 1.0, 2984.0, 2048, 15.0, 3071.0, 18944, -263.0, -1.0, 2368, -263.0, -1.0, 2048, 3071.0, 5438.0, 18944,
206, 9.0, 6137.0, 37888, 1.0, 6056.0, 4096, 15.0, 6143.0, 37888, -263.0, -1.0, 2368, -525.0, -1.0, 4096, 6143.0, 10878.0, 37888,
207, 9.0, 6137.0, 37888, 1.0, 6056.0, 4096, 15.0, 6143.0, 37888, -525.0, -1.0, 4736, -525.0, -1.0, 4096, 6143.0, 10878.0, 37888,
208, 9.0, 24569.0, 151552, 1.0, 24488.0, 16384, 15.0, 24575.0, 151552, -1049.0, -1.0, 9472, -1835.0, -1.0, 16384, 21264.0, 37647.0, 151559,
209, 9.0, 6201.0, 38400, 1.0, 6119.0, 4096, 15.0, 6207.0, 38400, -263.0, -1.0, 2400, -525.0, -1.0, 4096, 6207.0, 11006.0, 38400,
210, 9.0, 6201.0, 38400, 1.0, 6119.0, 4096, 15.0, 6207.0, 38400, -525.0, -1.0, 4800, -525.0, -1.0, 4096, 6207.0, 11006.0, 38400,
211, 9.0, 24825.0, 153600, 1.0, 24743.0, 16384, 15.0, 24831.0, 153600, -1049.0, -1.0, 9600, -1835.0, -1.0, 16384, 21198.0, 37581.0, 153607,
212, 9.0, 1561.0, 9728, 1.0, 1478.0, 1024, 15.0, 1567.0, 9728, -263.0, -1.0, 1216, -263.0, -1.0, 1024, 1567.0, 2782.0, 9728,
213, 9.0, 6265.0, 38912, 1.0, 6182.0, 4096, 15.0, 6271.0, 38912, -263.0, -1.0, 2432, -525.0, -1.0, 4096, 6271.0, 11134.0, 38912,
214, 9.0, 6265.0, 38912, 1.0, 6182.0, 4096, 15.0, 6271.0, 38912, -525.0, -1.0, 4864, -525.0, -1.0, 4096, 6271.0, 11134.0, 38912,
215, 9.0, 25081.0, 155648, 1.0, 24998.0, 16384, 15.0, 25087.0, 155648, -1049.0, -1.0, 9728, -1835.0, -1.0, 16384, 21132.0, 37515.0, 155655,
216, 9.0, 3161.0, 19712, 1.0, 3077.0, 2048, 15.0, 3167.0, 19712, -263.0, -1.0, 2464, -263.0, -1.0, 2048, 3167.0, 5630.0, 19712,
217, 9.0, 6329.0, 39424, 1.0, 6245.0, 4096, 15.0, 6335.0, 39424, -263.0, -1.0, 2464, -525.0, -1.0, 4096, 6335.0, 11262.0, 39424,
218, 9.0, 6329.0, 39424, 1.0, 6245.0, 4096, 15.0, 6335.0, 39424, -525.0, -1.0, 4928, -525.0, -1.0, 4096, 6335.0, 11262.0, 39424,
219, 9.0, 25337.0, 157696, 1.0, 25253.0, 16384, 15.0, 25343.0, 157696, -1049.0, -1.0, 9856, -1835.0, -1.0, 16384, 21066.0, 37449.0, 157703,
220, 9.0, 793.0, 4992, 1.0, 708.0, 512, 15.0, 799.0, 4992, -263.0, -1.0, 624, -263.0, -1.0, 512, 799.0, 1422.0, 4992,
221, 9.0, 1593.0, 9984, 1.0, 1508.0, 1024, 15.0, 1599.0, 9984, -263.0, -1.0, 1248, -263.0, -1.0, 1024, 1599.0, 2846.0, 9984,
222, 9.0, 3193.0, 19968, 1.0, 3108.0, 2048, 15.0, 3199.0, 19968, -263.0, -1.0, 2496, -263.0, -1.0, 2048, 3199.0, 5694.0, 19968,
223, 9.0, 6393.0, 39936, 1.0, 6308.0, 4096, 15.0, 6399.0, 39936, -263.0, -1.0, 2496, -525.0, -1.0, 4096, 6399.0, 11390.0, 39936,
224, 9.0, 6393.0, 39936, 1.0, 6308.0, 4096, 15.0, 6399.0, 39936, -525.0, -1.0, 4992, -525.0, -1.0, 4096, 6399.0, 11390.0, 39936,
225, 9.0, 25593.0, 159744, 1.0, 25508.0, 16384, 15.0, 25599.0, 159744, -1049.0, -1.0, 9984, -1835.0, -1.0, 16384, 21022.0, 37405.0, 159751,
226, 9.0, 6457.0, 40448, 1.0, 6371.0, 4096, 15.0, 6463.0, 40448, -263.0, -1.0, 2528, -525.0, -1.0, 4096, 6463.0, 11518.0, 40448,
227, 9.0, 6457.0, 40448, 1.0, 6371.0, 4096, 15.0, 6463.0, 40448, -525.0, -1.0, 5056, -525.0, -1.0, 4096, 6463.0, 11518.0, 40448,
228, 9.0, 25849.0, 161792, 1.0, 25763.0, 16384, 15.0, 25855.0, 161792, -1049.0, -1.0, 10112, -1835.0, -1.0, 16384, 20956.0, 37339.0, 161799,
229, 9.0, 809.0, 5120, 1.0, 722.0, 512, 15.0, 815.0, 5120, -263.0, -1.0, 640, -263.0, -1.0, 512, 815.0, 1454.0, 5120,
230, 9.0, 1625.0, 10240, 1.0, 1538.0, 1024, 15.0, 1631.0, 10240, -263.0, -1.0, 1280, -263.0, -1.0, 1024, 1631.0, 2910.0, 10240,
231, 9.0, 3257.0, 20480, 1.0, 3170.0, 2048, 15.0, 3263.0, 20480, -263.0, -1.0, 1280, -263.0, -1.0, 2048, 3263.0, 5822.0, 20480,
232, 9.0, 3257.0, 20480, 1.0, 3170.0, 2048, 15.0, 3263.0, 20480, -263.0, -1.0, 2560, -263.0, -1.0, 2048, 3263.0, 5822.0, 20480,
233, 9.0, 6521.0, 40960, 1.0, 6434.0, 4096, 15.0, 6527.0, 40960, -263.0, -1.0, 2560, -525.0, -1.0, 4096, 6527.0, 11646.0, 40960,
234, 9.0, 6521.0, 40960, 1.0, 6434.0, 4096, 15.0, 6527.0, 40960, -525.0, -1.0, 5120, -525.0, -1.0, 4096, 6527.0, 11646.0, 40960,
235, 9.0, 26105.0, 163840, 1.0, 26018.0, 16384, 15.0, 26111.0, 163840, -1049.0, -1.0, 10240, -1835.0, -1.0, 16384, 20890.0, 37273.0, 163847,
236, 9.0, 3289.0, 20736, 1.0, 3201.0, 2048, 15.0, 3295.0, 20736, -263.0, -1.0, 2592, -263.0, -1.0, 2048, 3295.0, 5886.0, 20736,
237, 9.0, 6585.0, 41472, 1.0, 6497.0, 4096, 15.0, 6591.0, 41472, -263.0, -1.0, 2592, -525.0, -1.0, 4096, 6591.0, 11774.0, 41472,
238, 9.0, 6585.0, 41472, 1.0, 6497.0, 4096, 15.0, 6591.0, 41472, -525.0, -1.0, 5184, -525.0, -1.0, 4096, 6591.0, 11774.0, 41472,
239, 9.0, 26361.0, 165888, 1.0, 26273.0, 16384, 15.0, 26367.0, 165888, -1049.0, -1.0, 10368, -1835.0, -1.0, 16384, 20846.0, 37229.0, 165895,
240, 9.0, 825.0, 5248, 1.0, 736.0, 512, 15.0, 831.0, 5248, -263.0, -1.0, 656, -263.0, -1.0, 512, 831.0, 1486.0, 5248,
241, 9.0, 1657.0, 10496, 1.0, 1568.0, 1024, 15.0, 1663.0, 10496, -263.0, -1.0, 1312, -263.0, -1.0, 1024, 1663.0, 2974.0, 10496,
242, 9.0, 6649.0, 41984, 1.0, 6560.0, 4096, 15.0, 6655.0, 41984, -525.0, -1.0, 2624, -525.0, -1.0, 4096, 6655.0, 11902.0, 41984,
243, 9.0, 6649.0, 41984, 1.0, 6560.0, 4096, 15.0, 6655.0, 41984, -787.0, -1.0, 5248, -525.0, -1.0, 4096, 6655.0, 11902.0, 41984,
244, 9.0, 26617.0, 167936, 1.0, 26528.0, 16384, 15.0, 26623.0, 167936, -1311.0, -1.0, 10496, -1835.0, -1.0, 16384, 20780.0, 37163.0, 167943,
245, 9.0, 833.0, 5312, 1.0, 743.0, 512, 15.0, 839.0, 5312, -263.0, -1.0, 664, -263.0, -1.0, 512, 839.0, 1502.0, 5312,
246, 9.0, 6713.0, 42496, 1.0, 6623.0, 4096, 15.0, 6719.0, 42496, -525.0, -1.0, 2656, -525.0, -1.0, 4096, 6719.0, 12030.0, 42496,
247, 9.0, 6713.0, 42496, 1.0, 6623.0, 4096, 15.0, 6719.0, 42496, -787.0, -1.0, 5312, -525.0, -1.0, 4096, 6719.0, 12030.0, 42496,
248, 9.0, 26873.0, 169984, 1.0, 26783.0, 16384, 15.0, 26879.0, 169984, -1311.0, -1.0, 10624, -1835.0, -1.0, 16384, 20736.0, 37119.0, 169991,
249, 9.0, 841.0, 5376, 1.0, 750.0, 512, 15.0, 847.0, 5376, -263.0, -1.0, 672, -263.0, -1.0, 512, 847.0, 1518.0, 5376,
250, 9.0, 1689.0, 10752, 1.0, 1598.0, 1024, 15.0, 1695.0, 10752, -263.0, -1.0, 1344, -263.0, -1.0, 1024, 1695.0, 3038.0, 10752,
251, 9.0, 3385.0, 21504, 1.0, 3294.0, 2048, 15.0, 3391.0, 21504, -263.0, -1.0, 1344, -263.0, -1.0, 2048, 3391.0, 6078.0, 21504,
252, 9.0, 6777.0, 43008, 1.0, 6686.0, 4096, 15.0, 6783.0, 43008, -525.0, -1.0, 2688, -525.0, -1.0, 4096, 6783.0, 12158.0, 43008,
253, 9.0, 6777.0, 43008, 1.0, 6686.0, 4096, 15.0, 6783.0, 43008, -787.0, -1.0, 5376, -525.0, -1.0, 4096, 6783.0, 12158.0, 43008,
254, 9.0, 27129.0, 172032, 1.0, 27038.0, 16384, 15.0, 27135.0, 172032, -1311.0, -1.0, 10752, -1835.0, -1.0, 16384, 20692.0, 37075.0, 172039,
255, 9.0, 1705.0, 10880, 1.0, 1613.0, 1024, 15.0, 1711.0, 10880, -263.0, -1.0, 1360, -263.0, -1.0, 1024, 1711.0, 3070.0, 10880,
256, 9.0, 6841.0, 43520, 1.0, 6749.0, 4096, 15.0, 6847.0, 43520, -525.0, -1.0, 2720, -525.0, -1.0, 4096, 6847.0, 12286.0, 43520,
257, 9.0, 6841.0, 43520, 1.0, 6749.0, 4096, 15.0, 6847.0, 43520, -787.0, -1.0, 5440, -525.0, -1.0, 4096, 6847.0, 12286.0, 43520,
258, 9.0, 27385.0, 174080, 1.0, 27293.0, 16384, 15.0, 27391.0, 174080, -1311.0, -1.0, 10880, -1835.0, -1.0, 16384, 20626.0, 37009.0, 174087,
259, 9.0, 857.0, 5504, 1.0, 764.0, 512, 15.0, 863.0, 5504, -263.0, -1.0, 688, -263.0, -1.0, 512, 863.0, 1550.0, 5504,
260, 9.0, 1721.0, 11008, 1.0, 1628.0, 1024, 15.0, 1727.0, 11008, -263.0, -1.0, 1376, -263.0, -1.0, 1024, 1727.0, 3102.0, 11008,
261, 9.0, 3449.0, 22016, 1.0, 3356.0, 2048, 15.0, 3455.0, 22016, -263.0, -1.0, 1376, -263.0, -1.0, 2048, 3455.0, 6206.0, 22016,
262, 9.0, 6905.0, 44032, 1.0, 6812.0, 4096, 15.0, 6911.0, 44032, -525.0, -1.0, 2752, -525.0, -1.0, 4096, 6911.0, 12414.0, 44032,
263, 9.0, 6905.0, 44032, 1.0, 6812.0, 4096, 15.0, 6911.0, 44032, -787.0, -1.0, 5504, -525.0, -1.0, 4096, 6911.0, 12414.0, 44032,
264, 9.0, 27641.0, 176128, 1.0, 27548.0, 16384, 15.0, 27647.0, 176128, -1311.0, -1.0, 11008, -1835.0, -1.0, 16384, 20582.0, 36965.0, 176135,
265, 9.0, 865.0, 5568, 1.0, 771.0, 512, 15.0, 871.0, 5568, -263.0, -1.0, 696, -263.0, -1.0, 512, 871.0, 1566.0, 5568,
266, 9.0, 1737.0, 11136, 1.0, 1643.0, 1024, 15.0, 1743.0, 11136, -263.0, -1.0, 1392, -263.0, -1.0, 1024, 1743.0, 3134.0, 11136,
267, 9.0, 6969.0, 44544, 1.0, 6875.0, 4096, 15.0, 6975.0, 44544, -525.0, -1.0, 2784, -525.0, -1.0, 4096, 6975.0, 12542.0, 44544,
268, 9.0, 6969.0, 44544, 1.0, 6875.0, 4096, 15.0, 6975.0, 44544, -787.0, -1.0, 5568, -525.0, -1.0, 4096, 6975.0, 12542.0, 44544,
269, 9.0, 27897.0, 178176, 1.0, 27803.0, 16384, 15.0, 27903.0, 178176, -1311.0, -1.0, 11136, -1835.0, -1.0, 16384, 20538.0, 36921.0, 178183,
270, 9.0, 873.0, 5632, 1.0, 778.0, 512, 15.0, 879.0, 5632, -263.0, -1.0, 704, -263.0, -1.0, 512, 879.0, 1582.0, 5632,
271, 9.0, 1753.0, 11264, 1.0, 1658.0, 1024, 15.0, 1759.0, 11264, -263.0, -1.0, 1408, -263.0, -1.0, 1024, 1759.0, 3166.0, 11264,
272, 9.0, 3513.0, 22528, 1.0, 3418.0, 2048, 15.0, 3519.0, 22528, -263.0, -1.0, 1408, -263.0, -1.0, 2048, 3519.0, 6334.0, 22528,
273, 9.0, 7033.0, 45056, 1.0, 6938.0, 4096, 15.0, 7039.0, 45056, -525.0, -1.0, 2816, -525.0, -1.0, 4096, 7039.0, 12670.0, 45056,
274, 9.0, 7033.0, 45056, 1.0, 6938.0, 4096, 15.0, 7039.0, 45056, -787.0, -1.0, 5632, -525.0, -1.0, 4096, 7039.0, 12670.0, 45056,
275, 9.0, 28153.0, 180224, 1.0, 28058.0, 16384, 15.0, 28159.0, 180224, -1311.0, -1.0, 11264, -1835.0, -1.0, 16384, 20494.0, 36877.0, 180231,
276, 9.0, 1769.0, 11392, 1.0, 1673.0, 1024, 15.0, 1775.0, 11392, -263.0, -1.0, 1424, -263.0, -1.0, 1024, 1775.0, 3198.0, 11392,
277, 9.0, 7097.0, 45568, 1.0, 7001.0, 4096, 15.0, 7103.0, 45568, -525.0, -1.0, 2848, -525.0, -1.0, 4096, 7103.0, 12798.0, 45568,
278, 9.0, 7097.0, 45568, 1.0, 7001.0, 4096, 15.0, 7103.0, 45568, -787.0, -1.0, 5696, -525.0, -1.0, 4096, 7103.0, 12798.0, 45568,
279, 9.0, 28409.0, 182272, 1.0, 28313.0, 16384, 15.0, 28415.0, 182272, -1311.0, -1.0, 11392, -1835.0, -1.0, 16384, 20450.0, 36833.0, 182279,
280, 9.0, 889.0, 5760, 1.0, 792.0, 512, 15.0, 895.0, 5760, -263.0, -1.0, 720, -263.0, -1.0, 512, 895.0, 1614.0, 5760,
281, 9.0, 1785.0, 11520, 1.0, 1688.0, 1024, 15.0, 1791.0, 11520, -263.0, -1.0, 1440, -263.0, -1.0, 1024, 1791.0, 3230.0, 11520,
282, 9.0, 3577.0, 23040, 1.0, 3480.0, 2048, 15.0, 3583.0, 23040, -263.0, -1.0, 1440, -263.0, -1.0, 2048, 3583.0, 6462.0, 23040,
283, 9.0, 7161.0, 46080, 1.0, 7064.0, 4096, 15.0, 7167.0, 46080, -525.0, -1.0, 2880, -525.0, -1.0, 4096, 7167.0, 12926.0, 46080,
284, 9.0, 7161.0, 46080, 1.0, 7064.0, 4096, 15.0, 7167.0, 46080, -787.0, -1.0, 5760, -525.0, -1.0, 4096, 7167.0, 12926.0, 46080,
285, 9.0, 28665.0, 184320, 1.0, 28568.0, 16384, 15.0, 28671.0, 184320, -1311.0, -1.0, 11520, -1835.0, -1.0, 16384, 20406.0, 36789.0, 184327,
286, 9.0, 7225.0, 46592, 1.0, 7127.0, 4096, 15.0, 7231.0, 46592, -525.0, -1.0, 2912, -525.0, -1.0, 4096, 7231.0, 13054.0, 46592,
287, 9.0, 7225.0, 46592, 1.0, 7127.0, 4096, 15.0, 7231.0, 46592, -787.0, -1.0, 5824, -525.0, -1.0, 4096, 7231.0, 13054.0, 46592,
288, 9.0, 28921.0, 186368, 1.0, 28823.0, 16384, 15.0, 28927.0, 186368, -1311.0, -1.0, 11648, -1835.0, -1.0, 16384, 20362.0, 36745.0, 186375,
289, 9.0, 905.0, 5888, 1.0, 806.0, 512, 15.0, 911.0, 5888, -263.0, -1.0, 736, -263.0, -1.0, 512, 911.0, 1646.0, 5888,
290, 9.0, 1817.0, 11776, 1.0, 1718.0, 1024, 15.0, 1823.0, 11776, -263.0, -1.0, 1472, -263.0, -1.0, 1024, 1823.0, 3294.0, 11776,
291, 9.0, 3641.0, 23552, 1.0, 3542.0, 2048, 15.0, 3647.0, 23552, -263.0, -1.0, 1472, -263.0, -1.0, 2048, 3647.0, 6590.0, 23552,
292, 9.0, 7289.0, 47104, 1.0, 7190.0, 4096, 15.0, 7295.0, 47104, -525.0, -1.0, 2944, -525.0, -1.0, 4096, 7295.0, 13182.0, 47104,
293, 9.0, 7289.0, 47104, 1.0, 7190.0, 4096, 15.0, 7295.0, 47104, -787.0, -1.0, 5888, -525.0, -1.0, 4096, 7295.0, 13182.0, 47104,
294, 9.0, 29177.0, 188416, 1.0, 29078.0, 16384, 15.0, 29183.0, 188416, -1311.0, -1.0, 11776, -1835.0, -1.0, 16384, 20318.0, 36701.0, 188423,
295, 9.0, 7353.0, 47616, 1.0, 7253.0, 4096, 15.0, 7359.0, 47616, -525.0, -1.0, 2976, -525.0, -1.0, 4096, 7359.0, 13310.0, 47616,
296, 9.0, 7353.0, 47616, 1.0, 7253.0, 4096, 15.0, 7359.0, 47616, -787.0, -1.0, 5952, -525.0, -1.0, 4096, 7359.0, 13310.0, 47616,
297, 9.0, 29433.0, 190464, 1.0, 29333.0, 16384, 15.0, 29439.0, 190464, -1311.0, -1.0, 11904, -1835.0, -1.0, 16384, 20274.0, 36863.0, 190471,
298, 9.0, 921.0, 6016, 1.0, 820.0, 512, 15.0, 927.0, 6016, -263.0, -1.0, 752, -263.0, -1.0, 512, 927.0, 1678.0, 6016,
299, 9.0, 1849.0, 12032, 1.0, 1748.0, 1024, 15.0, 1855.0, 12032, -263.0, -1.0, 1504, -263.0, -1.0, 1024, 1855.0, 3358.0, 12032,
300, 9.0, 3705.0, 24064, 1.0, 3604.0, 2048, 15.0, 3711.0, 24064, -263.0, -1.0, 1504, -263.0, -1.0, 2048, 3711.0, 6718.0, 24064,
301, 9.0, 7417.0, 48128, 1.0, 7316.0, 4096, 15.0, 7423.0, 48128, -525.0, -1.0, 3008, -525.0, -1.0, 4096, 7423.0, 13438.0, 48128,
302, 9.0, 7417.0, 48128, 1.0, 7316.0, 4096, 15.0, 7423.0, 48128, -787.0, -1.0, 6016, -525.0, -1.0, 4096, 7423.0, 13438.0, 48128,
303, 9.0, 29689.0, 192512, 1.0, 29588.0, 16384, 15.0, 29695.0, 192512, -1311.0, -1.0, 12032, -1835.0, -1.0, 16384, 20230.0, 37375.0, 192519,
304, 9.0, 929.0, 6080, 1.0, 827.0, 512, 15.0, 935.0, 6080, -263.0, -1.0, 760, -263.0, -1.0, 512, 935.0, 1694.0, 6080,
305, 9.0, 1865.0, 12160, 1.0, 1763.0, 1024, 15.0, 1871.0, 12160, -263.0, -1.0, 1520, -263.0, -1.0, 1024, 1871.0, 3390.0, 12160,
306, 9.0, 7481.0, 48640, 1.0, 7379.0, 4096, 15.0, 7487.0, 48640, -525.0, -1.0, 3040, -525.0, -1.0, 4096, 7487.0, 13566.0, 48640,
307, 9.0, 7481.0, 48640, 1.0, 7379.0, 4096, 15.0, 7487.0, 48640, -787.0, -1.0, 6080, -525.0, -1.0, 4096, 7487.0, 13566.0, 48640,
308, 9.0, 29945.0, 194560, 1.0, 29843.0, 16384, 15.0, 29951.0, 194560, -1311.0, -1.0, 12160, -1835.0, -1.0, 16384, 20186.0, 37887.0, 194567,
309, 9.0, 937.0, 6144, 1.0, 834.0, 512, 15.0, 943.0, 6144, -263.0, -1.0, 768, -263.0, -1.0, 512, 943.0, 1710.0, 6144,
310, 9.0, 1881.0, 12288, 1.0, 1778.0, 1024, 15.0, 1887.0, 12288, -263.0, -1.0, 1536, -263.0, -1.0, 1024, 1887.0, 3422.0, 12288,
311, 9.0, 3769.0, 24576, 1.0, 3666.0, 2048, 15.0, 3775.0, 24576, -263.0, -1.0, 1536, -263.0, -1.0, 2048, 3775.0, 6846.0, 24576,
312, 9.0, 7545.0, 49152, 1.0, 7442.0, 4096, 15.0, 7551.0, 49152, -525.0, -1.0, 3072, -525.0, -1.0, 4096, 7551.0, 13694.0, 49152,
313, 9.0, 7545.0, 49152, 1.0, 7442.0, 4096, 15.0, 7551.0, 49152, -787.0, -1.0, 6144, -525.0, -1.0, 4096, 7551.0, 13694.0, 49152,
314, 9.0, 30201.0, 196608, 1.0, 30098.0, 16384, 15.0, 30207.0, 196608, -1311.0, -1.0, 12288, -1835.0, -1.0, 16384, 20142.0, 38399.0, 196615,
315, 9.0, 945.0, 6208, 1.0, 841.0, 512, 15.0, 951.0, 6208, -263.0, -1.0, 776, -263.0, -1.0, 512, 951.0, 1726.0, 6208,
316, 9.0, 1897.0, 12416, 1.0, 1793.0, 1024, 15.0, 1903.0, 12416, -263.0, -1.0, 1552, -263.0, -1.0, 1024, 1903.0, 3454.0, 12416,
317, 9.0, 3801.0, 24832, 1.0, 3697.0, 2048, 15.0, 3807.0, 24832, -263.0, -1.0, 1552, -263.0, -1.0, 2048, 3807.0, 6910.0, 24832,
318, 9.0, 7609.0, 49664, 1.0, 7505.0, 4096, 15.0, 7615.0, 49664, -525.0, -1.0, 3104, -525.0, -1.0, 4096, 7615.0, 13822.0, 49664,
319, 9.0, 7609.0, 49664, 1.0, 7505.0, 4096, 15.0, 7615.0, 49664, -787.0, -1.0, 6208, -525.0, -1.0, 4096, 7615.0, 13822.0, 49664,
320, 9.0, 30457.0, 198656, 1.0, 30353.0, 16384, 15.0, 30463.0, 198656, -1311.0, -1.0, 12416, -1835.0, -1.0, 16384, 20098.0, 38911.0, 198663,
321, 9.0, 953.0, 6272, 1.0, 848.0, 512, 15.0, 959.0, 6272, -263.0, -1.0, 784, -263.0, -1.0, 512, 959.0, 1742.0, 6272,
322, 9.0, 1913.0, 12544, 1.0, 1808.0, 1024, 15.0, 1919.0, 12544, -263.0, -1.0, 1568, -263.0, -1.0, 1024, 1919.0, 3486.0, 12544,
323, 9.0, 3833.0, 25088, 1.0, 3728.0, 2048, 15.0, 3839.0, 25088, -263.0, -1.0, 1568, -263.0, -1.0, 2048, 3839.0, 6974.0, 25088,
324, 9.0, 7673.0, 50176, 1.0, 7568.0, 4096, 15.0, 7679.0, 50176, -525.0, -1.0, 3136, -525.0, -1.0, 4096, 7679.0, 13950.0, 50176,
325, 9.0, 7673.0, 50176, 1.0, 7568.0, 4096, 15.0, 7679.0, 50176, -787.0, -1.0, 6272, -525.0, -1.0, 4096, 7679.0, 13950.0, 50176,
326, 9.0, 30713.0, 200704, 1.0, 30608.0, 16384, 15.0, 30719.0, 200704, -1311.0, -1.0, 12544, -1835.0, -1.0, 16384, 20076.0, 39423.0, 200711,
327, 9.0, 961.0, 6336, 1.0, 855.0, 512, 15.0, 967.0, 6336, -263.0, -1.0, 792, -263.0, -1.0, 512, 967.0, 1758.0, 6336,
328, 9.0, 1929.0, 12672, 1.0, 1823.0, 1024, 15.0, 1935.0, 12672, -263.0, -1.0, 1584, -263.0, -1.0, 1024, 1935.0, 3518.0, 12672,
329, 9.0, 7737.0, 50688, 1.0, 7631.0, 4096, 15.0, 7743.0, 50688, -525.0, -1.0, 3168, -525.0, -1.0, 4096, 7743.0, 14078.0, 50688,
330, 9.0, 7737.0, 50688, 1.0, 7631.0, 4096, 15.0, 7743.0, 50688, -787.0, -1.0, 6336, -525.0, -1.0, 4096, 7743.0, 14078.0, 50688,
331, 9.0, 30969.0, 202752, 1.0, 30863.0, 16384, 15.0, 30975.0, 202752, -1311.0, -1.0, 12672, -1835.0, -1.0, 16384, 20032.0, 39935.0, 202759,
332, 9.0, 969.0, 6400, 1.0, 862.0, 512, 15.0, 975.0, 6400, -263.0, -1.0, 800, -263.0, -1.0, 512, 975.0, 1774.0, 6400,
333, 9.0, 1945.0, 12800, 1.0, 1838.0, 1024, 15.0, 1951.0, 12800, -263.0, -1.0, 1600, -263.0, -1.0, 1024, 1951.0, 3550.0, 12800,
334, 9.0, 3897.0, 25600, 1.0, 3790.0, 2048, 15.0, 3903.0, 25600, -263.0, -1.0, 1600, -263.0, -1.0, 2048, 3903.0, 7102.0, 25600,
335, 9.0, 7801.0, 51200, 1.0, 7694.0, 4096, 15.0, 7807.0, 51200, -525.0, -1.0, 3200, -525.0, -1.0, 4096, 7807.0, 14206.0, 51200,
336, 9.0, 7801.0, 51200, 1.0, 7694.0, 4096, 15.0, 7807.0, 51200, -787.0, -1.0, 6400, -525.0, -1.0, 4096, 7807.0, 14206.0, 51200,
337, 9.0, 31225.0, 204800, 1.0, 31118.0, 16384, 15.0, 31231.0, 204800, -1311.0, -1.0, 12800, -1835.0, -1.0, 16384, 19988.0, 40447.0, 204807,
338, 9.0, 977.0, 6464, 1.0, 869.0, 512, 15.0, 983.0, 6464, -263.0, -1.0, 808, -263.0, -1.0, 512, 983.0, 1790.0, 6464,
339, 9.0, 1961.0, 12928, 1.0, 1853.0, 1024, 15.0, 1967.0, 12928, -263.0, -1.0, 1616, -263.0, -1.0, 1024, 1967.0, 3582.0, 12928,
340, 9.0, 3929.0, 25856, 1.0, 3821.0, 2048, 15.0, 3935.0, 25856, -525.0, -1.0, 3232, -263.0, -1.0, 2048, 3935.0, 7166.0, 25856,
341, 9.0, 7865.0, 51712, 1.0, 7757.0, 4096, 15.0, 7871.0, 51712, -525.0, -1.0, 3232, -525.0, -1.0, 4096, 7871.0, 14334.0, 51712,
342, 9.0, 7865.0, 51712, 1.0, 7757.0, 4096, 15.0, 7871.0, 51712, -787.0, -1.0, 6464, -525.0, -1.0, 4096, 7871.0, 14334.0, 51712,
343, 9.0, 31481.0, 206848, 1.0, 31373.0, 16384, 15.0, 31487.0, 206848, -1311.0, -1.0, 12928, -1835.0, -1.0, 16384, 19966.0, 40959.0, 206855,
344, 9.0, 985.0, 6528, 1.0, 876.0, 512, 15.0, 991.0, 6528, -263.0, -1.0, 816, -263.0, -1.0, 512, 991.0, 1806.0, 6528,
345, 9.0, 1977.0, 13056, 1.0, 1868.0, 1024, 15.0, 1983.0, 13056, -263.0, -1.0, 1632, -263.0, -1.0, 1024, 1983.0, 3614.0, 13056,
346, 9.0, 3961.0, 26112, 1.0, 3852.0, 2048, 15.0, 3967.0, 26112, -263.0, -1.0, 1632, -263.0, -1.0, 2048, 3967.0, 7230.0, 26112,
347, 9.0, 7929.0, 52224, 1.0, 7820.0, 4096, 15.0, 7935.0, 52224, -525.0, -1.0, 3264, -525.0, -1.0, 4096, 7935.0, 14462.0, 52224,
348, 9.0, 7929.0, 52224, 1.0, 7820.0, 4096, 15.0, 7935.0, 52224, -787.0, -1.0, 6528, -525.0, -1.0, 4096, 7935.0, 14462.0, 52224,
349, 9.0, 31737.0, 208896, 1.0, 31628.0, 16384, 15.0, 31743.0, 208896, -1311.0, -1.0, 13056, -1835.0, -1.0, 16384, 19922.0, 41471.0, 208903,
350, 9.0, 993.0, 6592, 1.0, 883.0, 512, 15.0, 999.0, 6592, -263.0, -1.0, 824, -263.0, -1.0, 512, 999.0, 1822.0, 6592,
351, 9.0, 7993.0, 52736, 1.0, 7883.0, 4096, 15.0, 7999.0, 52736, -525.0, -1.0, 3296, -525.0, -1.0, 4096, 7999.0, 14590.0, 52736,
352, 9.0, 7993.0, 52736, 1.0, 7883.0, 4096, 15.0, 7999.0, 52736, -787.0, -1.0, 6592, -525.0, -1.0, 4096, 7999.0, 14590.0, 52736,
353, 9.0, 31993.0, 210944, 1.0, 31883.0, 16384, 15.0, 31999.0, 210944, -1573.0, -1.0, 13184, -1835.0, -1.0, 16384, 19900.0, 41983.0, 210951,
354, 9.0, 1001.0, 6656, 1.0, 890.0, 512, 15.0, 1007.0, 6656, -263.0, -1.0, 832, -263.0, -1.0, 512, 1007.0, 1838.0, 6656,
355, 9.0, 2009.0, 13312, 1.0, 1898.0, 1024, 15.0, 2015.0, 13312, -263.0, -1.0, 1664, -263.0, -1.0, 1024, 2015.0, 3678.0, 13312,
356, 9.0, 8057.0, 53248, 1.0, 7946.0, 4096, 15.0, 8063.0, 53248, -525.0, -1.0, 3328, -525.0, -1.0, 4096, 8063.0, 14718.0, 53248,
357, 9.0, 8057.0, 53248, 1.0, 7946.0, 4096, 15.0, 8063.0, 53248, -787.0, -1.0, 6656, -525.0, -1.0, 4096, 8063.0, 14718.0, 53248,
358, 9.0, 32249.0, 212992, 1.0, 32138.0, 16384, 15.0, 32255.0, 212992, -1573.0, -1.0, 13312, -1835.0, -1.0, 16384, 19856.0, 42495.0, 212999,
359, 9.0, 1009.0, 6720, 1.0, 897.0, 512, 15.0, 1015.0, 6720, -263.0, -1.0, 840, -263.0, -1.0, 512, 1015.0, 1854.0, 6720,
360, 9.0, 8121.0, 53760, 1.0, 8009.0, 4096, 15.0, 8127.0, 53760, -525.0, -1.0, 3360, -525.0, -1.0, 4096, 8127.0, 14846.0, 53760,
361, 9.0, 8121.0, 53760, 1.0, 8009.0, 4096, 15.0, 8127.0, 53760, -787.0, -1.0, 6720, -525.0, -1.0, 4096, 8127.0, 14846.0, 53760,
362, 9.0, 32505.0, 215040, 1.0, 32393.0, 16384, 15.0, 32511.0, 215040, -1573.0, -1.0, 13440, -1835.0, -1.0, 16384, 19834.0, 43007.0, 215047,
363, 9.0, 1017.0, 6784, 1.0, 904.0, 512, 15.0, 1023.0, 6784, -263.0, -1.0, 848, -263.0, -1.0, 512, 1023.0, 1870.0, 6784,
364, 9.0, 2041.0, 13568, 1.0, 1928.0, 1024, 15.0, 2047.0, 13568, -263.0, -1.0, 1696, -263.0, -1.0, 1024, 2047.0, 3742.0, 13568,
365, 9.0, 4089.0, 27136, 1.0, 3976.0, 2048, 15.0, 4095.0, 27136, -263.0, -1.0, 1696, -263.0, -1.0, 2048, 4095.0, 7486.0, 27136,
366, 9.0, 8185.0, 54272, 1.0, 8072.0, 4096, 15.0, 8191.0, 54272, -525.0, -1.0, 3392, -525.0, -1.0, 4096, 8191.0, 14974.0, 54272,
367, 9.0, 8185.0, 54272, 1.0, 8072.0, 4096, 15.0, 8191.0, 54272, -787.0, -1.0, 6784, -525.0, -1.0, 4096, 8191.0, 14974.0, 54272,
368, 9.0, 32761.0, 217088, 1.0, 32648.0, 16384, 15.0, 32767.0, 217088, -1573.0, -1.0, 13568, -1835.0, -1.0, 16384, 19790.0, 43519.0, 217095,
369, 9.0, 1025.0, 6848, 1.0, 911.0, 512, 15.0, 1031.0, 6848, -263.0, -1.0, 856, -263.0, -1.0, 512, 1031.0, 1886.0, 6848,
370, 9.0, 2057.0, 13696, 1.0, 1943.0, 1024, 15.0, 2063.0, 13696, -263.0, -1.0, 1712, -263.0, -1.0, 1024, 2063.0, 3774.0, 13696,
371, 9.0, 4121.0, 27392, 1.0, 4007.0, 2048, 15.0, 4127.0, 27392, -525.0, -1.0, 3424, -263.0, -1.0, 2048, 4127.0, 7550.0, 27392,
372, 9.0, 8249.0, 54784, 1.0, 8135.0, 4096, 15.0, 8255.0, 54784, -525.0, -1.0, 3424, -525.0, -1.0, 4096, 8255.0, 15102.0, 54784,
373, 9.0, 8249.0, 54784, 1.0, 8135.0, 4096, 15.0, 8255.0, 54784, -787.0, -1.0, 6848, -525.0, -1.0, 4096, 8255.0, 15102.0, 54784,
374, 9.0, 33017.0, 219136, 1.0, 32903.0, 16384, 15.0, 33023.0, 219136, -1573.0, -1.0, 13696, -1835.0, -1.0, 16384, 19768.0, 44031.0, 219143,
375, 9.0, 1033.0, 6912, 1.0, 918.0, 512, 15.0, 1039.0, 6912, -263.0, -1.0, 864, -263.0, -1.0, 512, 1039.0, 1902.0, 6912,
376, 9.0, 2073.0, 13824, 1.0, 1958.0, 1024, 15.0, 2079.0, 13824, -263.0, -1.0, 1728, -263.0, -1.0, 1024, 2079.0, 3806.0, 13824,
377, 9.0, 4153.0, 27648, 1.0, 4038.0, 2048, 15.0, 4159.0, 27648, -263.0, -1.0, 1728, -263.0, -1.0, 2048, 4159.0, 7614.0, 27648,
378, 9.0, 8313.0, 55296, 1.0, 8198.0, 4096, 15.0, 8319.0, 55296, -525.0, -1.0, 3456, -525.0, -1.0, 4096, 8319.0, 15230.0, 55296,
379, 9.0, 8313.0, 55296, 1.0, 8198.0, 4096, 15.0, 8319.0, 55296, -787.0, -1.0, 6912, -525.0, -1.0, 4096, 8319.0, 15230.0, 55296,
380, 9.0, 33273.0, 221184, 1.0, 33158.0, 16384, 15.0, 33279.0, 221184, -1573.0, -1.0, 13824, -1835.0, -1.0, 16384, 19724.0, 44543.0, 221191,
381, 9.0, 1041.0, 6976, 1.0, 925.0, 512, 15.0, 1047.0, 6976, -263.0, -1.0, 872, -263.0, -1.0, 512, 1047.0, 1918.0, 6976,
382, 9.0, 4185.0, 27904, 1.0, 4069.0, 2048, 15.0, 4191.0, 27904, -263.0, -1.0, 1744, -263.0, -1.0, 2048, 4191.0, 7678.0, 27904,
383, 9.0, 8377.0, 55808, 1.0, 8261.0, 4096, 15.0, 8383.0, 55808, -525.0, -1.0, 3488, -525.0, -1.0, 4096, 8383.0, 15358.0, 55808,
384, 9.0, 8377.0, 55808, 1.0, 8261.0, 4096, 15.0, 8383.0, 55808, -787.0, -1.0, 6976, -525.0, -1.0, 4096, 8383.0, 15358.0, 55808,
385, 9.0, 33529.0, 223232, 1.0, 33413.0, 16384, 15.0, 33535.0, 223232, -1573.0, -1.0, 13952, -1835.0, -1.0, 16384, 19702.0, 45055.0, 223239,
386, 9.0, 1049.0, 7040, 1.0, 932.0, 512, 15.0, 1055.0, 7040, -263.0, -1.0, 880, -263.0, -1.0, 512, 1055.0, 1934.0, 7040,
387, 9.0, 2105.0, 14080, 1.0, 1988.0, 1024, 15.0, 2111.0, 14080, -263.0, -1.0, 1760, -263.0, -1.0, 1024, 2111.0, 3870.0, 14080,
388, 9.0, 4217.0, 28160, 1.0, 4100.0, 2048, 15.0, 4223.0, 28160, -263.0, -1.0, 1760, -263.0, -1.0, 2048, 4223.0, 7742.0, 28160,
389, 9.0, 8441.0, 56320, 1.0, 8324.0, 4096, 15.0, 8447.0, 56320, -525.0, -1.0, 3520, -525.0, -1.0, 4096, 8447.0, 15486.0, 56320,
390, 9.0, 8441.0, 56320, 1.0, 8324.0, 4096, 15.0, 8447.0, 56320, -787.0, -1.0, 7040, -525.0, -1.0, 4096, 8447.0, 15486.0, 56320,
391, 9.0, 33785.0, 225280, 1.0, 33668.0, 16384, 15.0, 33791.0, 225280, -1573.0, -1.0, 14080, -1835.0, -1.0, 16384, 19658.0, 45567.0, 225287,
392, 9.0, 1057.0, 7104, 1.0, 939.0, 512, 15.0, 1063.0, 7104, -263.0, -1.0, 888, -263.0, -1.0, 512, 1063.0, 1950.0, 7104,
393, 9.0, 2121.0, 14208, 1.0, 2003.0, 1024, 15.0, 2127.0, 14208, -263.0, -1.0, 1776, -263.0, -1.0, 1024, 2127.0, 3902.0, 14208,
394, 9.0, 8505.0, 56832, 1.0, 8387.0, 4096, 15.0, 8511.0, 56832, -525.0, -1.0, 3552, -525.0, -1.0, 4096, 8511.0, 15614.0, 56832,
395, 9.0, 8505.0, 56832, 1.0, 8387.0, 4096, 15.0, 8511.0, 56832, -787.0, -1.0, 7104, -525.0, -1.0, 4096, 8511.0, 15614.0, 56832,
396, 9.0, 34041.0, 227328, 1.0, 33923.0, 16384, 15.0, 34047.0, 227328, -1573.0, -1.0, 14208, -1835.0, -1.0, 16384, 19636.0, 46079.0, 227335,
397, 9.0, 1065.0, 7168, 1.0, 946.0, 512, 15.0, 1071.0, 7168, -263.0, -1.0, 896, -263.0, -1.0, 512, 1071.0, 1966.0, 7168,
398, 9.0, 2137.0, 14336, 1.0, 2018.0, 1024, 15.0, 2143.0, 14336, -263.0, -1.0, 1792, -263.0, -1.0, 1024, 2143.0, 3934.0, 14336,
399, 9.0, 4281.0, 28672, 1.0, 4162.0, 2048, 15.0, 4287.0, 28672, -263.0, -1.0, 1792, -263.0, -1.0, 2048, 4287.0, 7870.0, 28672,
400, 9.0, 8569.0, 57344, 1.0, 8450.0, 4096, 15.0, 8575.0, 57344, -525.0, -1.0, 3584, -525.0, -1.0, 4096, 8575.0, 15742.0, 57344,
401, 9.0, 8569.0, 57344, 1.0, 8450.0, 4096, 15.0, 8575.0, 57344, -787.0, -1.0, 7168, -525.0, -1.0, 4096, 8575.0, 15742.0, 57344,
402, 9.0, 34297.0, 229376, 1.0, 34178.0, 16384, 15.0, 34303.0, 229376, -1573.0, -1.0, 14336, -1835.0, -1.0, 16384, 19614.0, 46591.0, 229383,
403, 9.0, 2153.0, 14464, 1.0, 2033.0, 1024, 15.0, 2159.0, 14464, -263.0, -1.0, 1808, -263.0, -1.0, 1024, 2159.0, 3966.0, 14464,
404, 9.0, 4313.0, 28928, 1.0, 4193.0, 2048, 15.0, 4319.0, 28928, -263.0, -1.0, 1808, -263.0, -1.0, 2048, 4319.0, 7934.0, 28928,
405, 9.0, 4313.0, 28928, 1.0, 4193.0, 2048, 15.0, 4319.0, 28928, -525.0, -1.0, 3616, -263.0, -1.0, 2048, 4319.0, 7934.0, 28928,
406, 9.0, 8633.0, 57856, 1.0, 8513.0, 4096, 15.0, 8639.0, 57856, -525.0, -1.0, 3616, -525.0, -1.0, 4096, 8639.0, 15870.0, 57856,
407, 9.0, 8633.0, 57856, 1.0, 8513.0, 4096, 15.0, 8639.0, 57856, -787.0, -1.0, 7232, -525.0, -1.0, 4096, 8639.0, 15870.0, 57856,
408, 9.0, 34553.0, 231424, 1.0, 34433.0, 16384, 15.0, 34559.0, 231424, -1573.0, -1.0, 14464, -1835.0, -1.0, 16384, 19571.0, 47103.0, 231431,
409, 9.0, 1081.0, 7296, 1.0, 960.0, 512, 15.0, 1087.0, 7296, -263.0, -1.0, 912, -263.0, -1.0, 512, 1087.0, 1998.0, 7296,
410, 9.0, 2169.0, 14592, 1.0, 2048.0, 1024, 15.0, 2175.0, 14592, -263.0, -1.0, 1824, -263.0, -1.0, 1024, 2175.0, 3998.0, 14592,
411, 9.0, 4345.0, 29184, 1.0, 4224.0, 2048, 15.0, 4351.0, 29184, -263.0, -1.0, 1824, -263.0, -1.0, 2048, 4351.0, 7998.0, 29184,
412, 9.0, 4345.0, 29184, 1.0, 4224.0, 2048, 15.0, 4351.0, 29184, -525.0, -1.0, 3648, -263.0, -1.0, 2048, 4351.0, 7998.0, 29184,
413, 9.0, 8697.0, 58368, 1.0, 8576.0, 4096, 15.0, 8703.0, 58368, -525.0, -1.0, 3648, -525.0, -1.0, 4096, 8703.0, 15998.0, 58368,
414, 9.0, 8697.0, 58368, 1.0, 8576.0, 4096, 15.0, 8703.0, 58368, -787.0, -1.0, 7296, -525.0, -1.0, 4096, 8703.0, 15998.0, 58368,
415, 9.0, 34809.0, 233472, 1.0, 34688.0, 16384, 15.0, 34815.0, 233472, -1573.0, -1.0, 14592, -1835.0, -1.0, 16384, 19548.0, 47615.0, 233479,
416, 9.0, 1089.0, 7360, 1.0, 967.0, 512, 15.0, 1095.0, 7360, -263.0, -1.0, 920, -263.0, -1.0, 512, 1095.0, 2014.0, 7360,
417, 9.0, 2185.0, 14720, 1.0, 2063.0, 1024, 15.0, 2191.0, 14720, -263.0, -1.0, 1840, -263.0, -1.0, 1024, 2191.0, 4030.0, 14720,
418, 9.0, 4377.0, 29440, 1.0, 4255.0, 2048, 15.0, 4383.0, 29440, -525.0, -1.0, 3680, -263.0, -1.0, 2048, 4383.0, 8062.0, 29440,
419, 9.0, 8761.0, 58880, 1.0, 8639.0, 4096, 15.0, 8767.0, 58880, -525.0, -1.0, 3680, -525.0, -1.0, 4096, 8767.0, 16126.0, 58880,
420, 9.0, 8761.0, 58880, 1.0, 8639.0, 4096, 15.0, 8767.0, 58880, -787.0, -1.0, 7360, -525.0, -1.0, 4096, 8767.0, 16126.0, 58880,
421, 9.0, 35065.0, 235520, 1.0, 34943.0, 16384, 15.0, 35071.0, 235520, -1573.0, -1.0, 14720, -1835.0, -1.0, 16384, 19526.0, 48127.0, 235527,
422, 9.0, 1097.0, 7424, 1.0, 974.0, 512, 15.0, 1103.0, 7424, -263.0, -1.0, 928, -263.0, -1.0, 512, 1103.0, 2030.0, 7424,
423, 9.0, 2201.0, 14848, 1.0, 2078.0, 1024, 15.0, 2207.0, 14848, -263.0, -1.0, 1856, -263.0, -1.0, 1024, 2207.0, 4062.0, 14848,
424, 9.0, 4409.0, 29696, 1.0, 4286.0, 2048, 15.0, 4415.0, 29696, -263.0, -1.0, 1856, -263.0, -1.0, 2048, 4415.0, 8126.0, 29696,
425, 9.0, 4409.0, 29696, 1.0, 4286.0, 2048, 15.0, 4415.0, 29696, -525.0, -1.0, 3712, -263.0, -1.0, 2048, 4415.0, 8126.0, 29696,
426, 9.0, 8825.0, 59392, 1.0, 8702.0, 4096, 15.0, 8831.0, 59392, -525.0, -1.0, 3712, -525.0, -1.0, 4096, 8831.0, 16254.0, 59392,
427, 9.0, 8825.0, 59392, 1.0, 8702.0, 4096, 15.0, 8831.0, 59392, -787.0, -1.0, 7424, -525.0, -1.0, 4096, 8831.0, 16254.0, 59392,
428, 9.0, 35321.0, 237568, 1.0, 35198.0, 16384, 15.0, 35327.0, 237568, -1573.0, -1.0, 14848, -1835.0, -1.0, 16384, 19504.0, 48639.0, 237575,
429, 9.0, 1105.0, 7488, 1.0, 981.0, 512, 15.0, 1111.0, 7488, -263.0, -1.0, 936, -263.0, -1.0, 512, 1111.0, 2046.0, 7488,
430, 9.0, 2217.0, 14976, 1.0, 2093.0, 1024, 15.0, 2223.0, 14976, -263.0, -1.0, 1872, -263.0, -1.0, 1024, 2223.0, 4094.0, 14976,
431, 9.0, 4441.0, 29952, 1.0, 4317.0, 2048, 15.0, 4447.0, 29952, -263.0, -1.0, 1872, -263.0, -1.0, 2048, 4447.0, 8190.0, 29952,
432, 9.0, 4441.0, 29952, 1.0, 4317.0, 2048, 15.0, 4447.0, 29952, -525.0, -1.0, 3744, -263.0, -1.0, 2048, 4447.0, 8190.0, 29952,
433, 9.0, 8889.0, 59904, 1.0, 8765.0, 4096, 15.0, 8895.0, 59904, -525.0, -1.0, 3744, -525.0, -1.0, 4096, 8895.0, 16382.0, 59904,
434, 9.0, 8889.0, 59904, 1.0, 8765.0, 4096, 15.0, 8895.0, 59904, -787.0, -1.0, 7488, -525.0, -1.0, 4096, 8895.0, 16382.0, 59904,
435, 9.0, 35577.0, 239616, 1.0, 35453.0, 16384, 15.0, 35583.0, 239616, -1573.0, -1.0, 14976, -1835.0, -1.0, 16384, 19482.0, 49151.0, 239623,
436, 9.0, 1113.0, 7552, 1.0, 988.0, 512, 15.0, 1119.0, 7552, -263.0, -1.0, 944, -263.0, -1.0, 512, 1119.0, 2062.0, 7552,
437, 9.0, 2233.0, 15104, 1.0, 2108.0, 1024, 15.0, 2239.0, 15104, -263.0, -1.0, 1888, -263.0, -1.0, 1024, 2239.0, 4126.0, 15104,
438, 9.0, 4473.0, 30208, 1.0, 4348.0, 2048, 15.0, 4479.0, 30208, -263.0, -1.0, 1888, -263.0, -1.0, 2048, 4479.0, 8254.0, 30208,
439, 9.0, 4473.0, 30208, 1.0, 4348.0, 2048, 15.0, 4479.0, 30208, -525.0, -1.0, 3776, -263.0, -1.0, 2048, 4479.0, 8254.0, 30208,
440, 9.0, 8953.0, 60416, 1.0, 8828.0, 4096, 15.0, 8959.0, 60416, -525.0, -1.0, 3776, -525.0, -1.0, 4096, 8959.0, 16510.0, 60416,
441, 9.0, 8953.0, 60416, 1.0, 8828.0, 4096, 15.0, 8959.0, 60416, -787.0, -1.0, 7552, -525.0, -1.0, 4096, 8959.0, 16510.0, 60416,
442, 9.0, 35833.0, 241664, 1.0, 35708.0, 16384, 15.0, 35839.0, 241664, -1573.0, -1.0, 15104, -1835.0, -1.0, 16384, 19438.0, 49663.0, 241671,
443, 9.0, 1121.0, 7616, 1.0, 995.0, 512, 15.0, 1127.0, 7616, -263.0, -1.0, 952, -263.0, -1.0, 512, 1127.0, 2078.0, 7616,
444, 9.0, 2249.0, 15232, 1.0, 2123.0, 1024, 15.0, 2255.0, 15232, -263.0, -1.0, 1904, -263.0, -1.0, 1024, 2255.0, 4158.0, 15232,
445, 9.0, 4505.0, 30464, 1.0, 4379.0, 2048, 15.0, 4511.0, 30464, -525.0, -1.0, 3808, -263.0, -1.0, 2048, 4511.0, 8318.0, 30464,
446, 9.0, 9017.0, 60928, 1.0, 8891.0, 4096, 15.0, 9023.0, 60928, -525.0, -1.0, 3808, -525.0, -1.0, 4096, 9023.0, 16638.0, 60928,
447, 9.0, 9017.0, 60928, 1.0, 8891.0, 4096, 15.0, 9023.0, 60928, -787.0, -1.0, 7616, -525.0, -1.0, 4096, 9023.0, 16638.0, 60928,
448, 9.0, 36089.0, 243712, 1.0, 35963.0, 16384, 15.0, 36095.0, 243712, -1573.0, -1.0, 15232, -1835.0, -1.0, 16384, 19416.0, 50175.0, 243719,
449, 9.0, 1129.0, 7680, 1.0, 1002.0, 512, 15.0, 1135.0, 7680, -263.0, -1.0, 960, -263.0, -1.0, 512, 1135.0, 2094.0, 7680,
450, 9.0, 2265.0, 15360, 1.0, 2138.0, 1024, 15.0, 2271.0, 15360, -263.0, -1.0, 1920, -263.0, -1.0, 1024, 2271.0, 4190.0, 15360,
451, 9.0, 4537.0, 30720, 1.0, 4410.0, 2048, 15.0, 4543.0, 30720, -263.0, -1.0, 1920, -263.0, -1.0, 2048, 4543.0, 8382.0, 30720,
452, 9.0, 4537.0, 30720, 1.0, 4410.0, 2048, 15.0, 4543.0, 30720, -525.0, -1.0, 3840, -263.0, -1.0, 2048, 4543.0, 8382.0, 30720,
453, 9.0, 9081.0, 61440, 1.0, 8954.0, 4096, 15.0, 9087.0, 61440, -525.0, -1.0, 3840, -525.0, -1.0, 4096, 9087.0, 16766.0, 61440,
454, 9.0, 9081.0, 61440, 1.0, 8954.0, 4096, 15.0, 9087.0, 61440, -787.0, -1.0, 7680, -525.0, -1.0, 4096, 9087.0, 16766.0, 61440,
455, 9.0, 36345.0, 245760, 1.0, 36218.0, 16384, 15.0, 36351.0, 245760, -1573.0, -1.0, 15360, -1835.0, -1.0, 16384, 19394.0, 50687.0, 245767,
456, 9.0, 1137.0, 7744, 1.0, 1009.0, 512, 15.0, 1143.0, 7744, -263.0, -1.0, 968, -263.0, -1.0, 512, 1143.0, 2110.0, 7744,
457, 9.0, 2281.0, 15488, 1.0, 2153.0, 1024, 15.0, 2287.0, 15488, -263.0, -1.0, 1936, -263.0, -1.0, 1024, 2287.0, 4222.0, 15488,
458, 9.0, 4569.0, 30976, 1.0, 4441.0, 2048, 15.0, 4575.0, 30976, -525.0, -1.0, 3872, -263.0, -1.0, 2048, 4575.0, 8446.0, 30976,
459, 9.0, 9145.0, 61952, 1.0, 9017.0, 4096, 15.0, 9151.0, 61952, -525.0, -1.0, 3872, -525.0, -1.0, 4096, 9151.0, 16894.0, 61952,
460, 9.0, 9145.0, 61952, 1.0, 9017.0, 4096, 15.0, 9151.0, 61952, -787.0, -1.0, 7744, -525.0, -1.0, 4096, 9151.0, 16894.0, 61952,
461, 9.0, 36601.0, 247808, 1.0, 36473.0, 16384, 15.0, 36607.0, 247808, -1573.0, -1.0, 15488, -1835.0, -1.0, 16384, 19372.0, 51199.0, 247815,
462, 9.0, 1145.0, 7808, 1.0, 1016.0, 512, 15.0, 1151.0, 7808, -263.0, -1.0, 976, -263.0, -1.0, 512, 1151.0, 2126.0, 7808,
463, 9.0, 2297.0, 15616, 1.0, 2168.0, 1024, 15.0, 2303.0, 15616, -263.0, -1.0, 1952, -263.0, -1.0, 1024, 2303.0, 4254.0, 15616,
464, 9.0, 4601.0, 31232, 1.0, 4472.0, 2048, 15.0, 4607.0, 31232, -263.0, -1.0, 1952, -263.0, -1.0, 2048, 4607.0, 8510.0, 31232,
465, 9.0, 9209.0, 62464, 1.0, 9080.0, 4096, 15.0, 9215.0, 62464, -525.0, -1.0, 3904, -525.0, -1.0, 4096, 9215.0, 17022.0, 62464,
466, 9.0, 9209.0, 62464, 1.0, 9080.0, 4096, 15.0, 9215.0, 62464, -787.0, -1.0, 7808, -525.0, -1.0, 4096, 9215.0, 17022.0, 62464,
467, 9.0, 36857.0, 249856, 1.0, 36728.0, 16384, 15.0, 36863.0, 249856, -1573.0, -1.0, 15616, -1835.0, -1.0, 16384, 19350.0, 51711.0, 249863,
468, 9.0, 1153.0, 7872, 1.0, 1023.0, 512, 15.0, 1159.0, 7872, -263.0, -1.0, 984, -263.0, -1.0, 512, 1159.0, 2142.0, 7872,
469, 9.0, 2313.0, 15744, 1.0, 2183.0, 1024, 15.0, 2319.0, 15744, -263.0, -1.0, 1968, -263.0, -1.0, 1024, 2319.0, 4286.0, 15744,
470, 9.0, 4633.0, 31488, 1.0, 4503.0, 2048, 15.0, 4639.0, 31488, -263.0, -1.0, 1968, -263.0, -1.0, 2048, 4639.0, 8574.0, 31488,
471, 9.0, 9273.0, 62976, 1.0, 9143.0, 4096, 15.0, 9279.0, 62976, -525.0, -1.0, 3936, -525.0, -1.0, 4096, 9279.0, 17150.0, 62976,
472, 9.0, 9273.0, 62976, 1.0, 9143.0, 4096, 15.0, 9279.0, 62976, -1049.0, -1.0, 7872, -525.0, -1.0, 4096, 9279.0, 17150.0, 62976,
473, 9.0, 37113.0, 251904, 1.0, 36983.0, 16384, 15.0, 37119.0, 251904, -1835.0, -1.0, 15744, -1835.0, -1.0, 16384, 19328.0, 52223.0, 251911,
474, 9.0, 1161.0, 7936, 1.0, 1030.0, 512, 15.0, 1167.0, 7936, -263.0, -1.0, 992, -263.0, -1.0, 512, 1167.0, 2158.0, 7936,
475, 9.0, 2329.0, 15872, 1.0, 2198.0, 1024, 15.0, 2335.0, 15872, -263.0, -1.0, 1984, -263.0, -1.0, 1024, 2335.0, 4318.0, 15872,
476, 9.0, 4665.0, 31744, 1.0, 4534.0, 2048, 15.0, 4671.0, 31744, -263.0, -1.0, 1984, -263.0, -1.0, 2048, 4671.0, 8638.0, 31744,
477, 9.0, 4665.0, 31744, 1.0, 4534.0, 2048, 15.0, 4671.0, 31744, -525.0, -1.0, 3968, -263.0, -1.0, 2048, 4671.0, 8638.0, 31744,
478, 9.0, 9337.0, 63488, 1.0, 9206.0, 4096, 15.0, 9343.0, 63488, -525.0, -1.0, 3968, -525.0, -1.0, 4096, 9343.0, 17278.0, 63488,
479, 9.0, 9337.0, 63488, 1.0, 9206.0, 4096, 15.0, 9343.0, 63488, -1049.0, -1.0, 7936, -525.0, -1.0, 4096, 9343.0, 17278.0, 63488,
480, 9.0, 37369.0, 253952, 1.0, 37238.0, 16384, 15.0, 37375.0, 253952, -1835.0, -1.0, 15872, -1835.0, -1.0, 16384, 19306.0, 52735.0, 253959,
481, 9.0, 1169.0, 8000, 1.0, 1037.0, 512, 15.0, 1175.0, 8000, -263.0, -1.0, 1000, -263.0, -1.0, 512, 1175.0, 2174.0, 8000,
482, 9.0, 2345.0, 16000, 1.0, 2213.0, 1024, 15.0, 2351.0, 16000, -263.0, -1.0, 2000, -263.0, -1.0, 1024, 2351.0, 4350.0, 16000,
483, 9.0, 4697.0, 32000, 1.0, 4565.0, 2048, 15.0, 4703.0, 32000, -525.0, -1.0, 4000, -263.0, -1.0, 2048, 4703.0, 8702.0, 32000,
484, 9.0, 9401.0, 64000, 1.0, 9269.0, 4096, 15.0, 9407.0, 64000, -525.0, -1.0, 4000, -525.0, -1.0, 4096, 9407.0, 17406.0, 64000,
485, 9.0, 9401.0, 64000, 1.0, 9269.0, 4096, 15.0, 9407.0, 64000, -1049.0, -1.0, 8000, -525.0, -1.0, 4096, 9407.0, 17406.0, 64000,
486, 9.0, 37625.0, 256000, 1.0, 37493.0, 16384, 15.0, 37631.0, 256000, -1835.0, -1.0, 16000, -1835.0, -1.0, 16384, 19284.0, 53247.0, 256007,
487, 9.0, 1177.0, 8064, 1.0, 1044.0, 512, 15.0, 1183.0, 8064, -263.0, -1.0, 1008, -263.0, -1.0, 512, 1183.0, 2190.0, 8064,
488, 9.0, 2361.0, 16128, 1.0, 2228.0, 1024, 15.0, 2367.0, 16128, -263.0, -1.0, 2016, -263.0, -1.0, 1024, 2367.0, 4382.0, 16128,
489, 9.0, 4729.0, 32256, 1.0, 4596.0, 2048, 15.0, 4735.0, 32256, -263.0, -1.0, 2016, -263.0, -1.0, 2048, 4735.0, 8766.0, 32256,
490, 9.0, 4729.0, 32256, 1.0, 4596.0, 2048, 15.0, 4735.0, 32256, -525.0, -1.0, 4032, -263.0, -1.0, 2048, 4735.0, 8766.0, 32256,
491, 9.0, 9465.0, 64512, 1.0, 9332.0, 4096, 15.0, 9471.0, 64512, -525.0, -1.0, 4032, -525.0, -1.0, 4096, 9471.0, 17534.0, 64512,
492, 9.0, 9465.0, 64512, 1.0, 9332.0, 4096, 15.0, 9471.0, 64512, -1049.0, -1.0, 8064, -525.0, -1.0, 4096, 9471.0, 17534.0, 64512,
493, 9.0, 37881.0, 258048, 1.0, 37748.0, 16384, 15.0, 37887.0, 258048, -1835.0, -1.0, 16128, -1835.0, -1.0, 16384, 19262.0, 53759.0, 258055,
494, 9.0, 1185.0, 8128, 1.0, 1051.0, 512, 15.0, 1191.0, 8128, -263.0, -1.0, 1016, -263.0, -1.0, 512, 1191.0, 2206.0, 8128,
495, 9.0, 2377.0, 16256, 1.0, 2243.0, 1024, 15.0, 2383.0, 16256, -263.0, -1.0, 2032, -263.0, -1.0, 1024, 2383.0, 4414.0, 16256,
496, 9.0, 4761.0, 32512, 1.0, 4627.0, 2048, 15.0, 4767.0, 32512, -525.0, -1.0, 4064, -263.0, -1.0, 2048, 4767.0, 8830.0, 32512,
497, 9.0, 9529.0, 65024, 1.0, 9395.0, 4096, 15.0, 9535.0, 65024, -525.0, -1.0, 4064, -525.0, -1.0, 4096, 9535.0, 17662.0, 65024,
498, 9.0, 9529.0, 65024, 1.0, 9395.0, 4096, 15.0, 9535.0, 65024, -1049.0, -1.0, 8128, -525.0, -1.0, 4096, 9535.0, 17662.0, 65024,
499, 9.0, 38137.0, 260096, 1.0, 38003.0, 16384, 15.0, 38143.0, 260096, -1835.0, -1.0, 16256, -1835.0, -1.0, 16384, 19239.0, 54271.0, 260103,
500, 9.0, 1193.0, 8192, 1.0, 1058.0, 512, 15.0, 1199.0, 8192, -263.0, -1.0, 1024, -263.0, -1.0, 512, 1199.0, 2222.0, 8192,
501, 9.0, 2393.0, 16384, 1.0, 2258.0, 1024, 15.0, 2399.0, 16384, -263.0, -1.0, 2048, -263.0, -1.0, 1024, 2399.0, 4446.0, 16384,
502, 9.0, 4793.0, 32768, 1.0, 4658.0, 2048, 15.0, 4799.0, 32768, -263.0, -1.0, 2048, -263.0, -1.0, 2048, 4799.0, 8894.0, 32768,
503, 9.0, 4793.0, 32768, 1.0, 4658.0, 2048, 15.0, 4799.0, 32768, -525.0, -1.0, 4096, -263.0, -1.0, 2048, 4799.0, 8894.0, 32768,
504, 9.0, 9593.0, 65536, 1.0, 9458.0, 4096, 15.0, 9599.0, 65536, -525.0, -1.0, 4096, -525.0, -1.0, 4096, 9599.0, 17790.0, 65536,
505, 9.0, 9593.0, 65536, 1.0, 9458.0, 4096, 15.0, 9599.0, 65536, -1049.0, -1.0, 8192, -525.0, -1.0, 4096, 9599.0, 17790.0, 65536,
506, 9.0, 38393.0, 262144, 1.0, 38258.0, 16384, 15.0, 38399.0, 262144, -1835.0, -1.0, 16384, -1835.0, -1.0, 16384, 19215.0, 54783.0, 262151,
