run_id,variant,queue_config,total_cycles,memory_cycles,decode_cycles,aggregation_cycles,combination_cycles,encode_cycles,writeback_cycles,fill_cycles,drain_cycles,barrier_cycles,producer_stall_cycles,decoder_stall_cycles,memory_stall_cycles,queue_wait_cycles,recurrence_cycles,recurrence_relative_error,independent_check_pass,schedule_model,speedup_vs_selected_baseline,baseline_cycles,speedup,dataset_norm
chameleon_gcnii16,XORFLOW_ONLINE,iq4_dq4_aq4_cq4_wq4_m8,416618,565090,5615,541939,253728,27056,284098,632,415986,416618,105557,0,3319939,3371979,416618,0.0,True,CAUSAL_UNIFIED_8CH_RW_SCALESIM_LAYER_BARRIER,0.9936824621115746,413986,0.9936824621115746,Chameleon
flickr_deepres8_w128_s17,XORFLOW_ONLINE,iq4_dq4_aq4_cq4_wq4_m8,46455417,51492906,322149,15733555,19816752,828428,10223977,5814,46449603,46455417,86431668,0,27954361931,27955047778,46455417,0.0,True,CAUSAL_UNIFIED_8CH_RW_SCALESIM_LAYER_BARRIER,0.996048813855228,46271863,0.9960488138552281,Flickr
flickr_deepres8_w128_s27,XORFLOW_ONLINE,iq4_dq4_aq4_cq4_wq4_m8,47454167,52600583,337711,16365318,19816752,869804,10427488,5988,47448179,47454167,93258551,0,28544448345,28545175642,47454167,0.0,True,CAUSAL_UNIFIED_8CH_RW_SCALESIM_LAYER_BARRIER,0.9747675056649924,46256780,0.9747675056649925,Flickr
flickr_deepres8_w128_s7,XORFLOW_ONLINE,iq4_dq4_aq4_cq4_wq4_m8,43803355,48637110,331499,14736481,19816752,848940,9761327,5521,43797834,43803355,89092760,0,26288394407,26289103080,43803355,0.0,True,CAUSAL_UNIFIED_8CH_RW_SCALESIM_LAYER_BARRIER,1.0550115168118972,46213044,1.0550115168118972,Flickr
ogbn_arxiv_deepres16_w128_s7,XORFLOW_ONLINE,iq4_dq4_aq4_cq4_wq4_m8,192896707,210122466,1510230,69044452,75167312,4625792,32784581,2499,192894208,192896707,781040743,0,222845438040,222849776619,192896707,0.0,True,CAUSAL_UNIFIED_8CH_RW_SCALESIM_LAYER_BARRIER,1.2203938038195747,235409946,1.2203938038195747,Arxiv
ogbn_arxiv_deepres8_w128_s17,XORFLOW_ONLINE,iq4_dq4_aq4_cq4_wq4_m8,107576129,117071996,792925,36421014,37583656,2651656,17923608,2505,107573624,107576129,359870164,0,124448963363,124451664023,107576129,0.0,True,CAUSAL_UNIFIED_8CH_RW_SCALESIM_LAYER_BARRIER,1.094790862013635,117773363,1.094790862013635,Arxiv
ogbn_arxiv_deepres8_w128_s27,XORFLOW_ONLINE,iq4_dq4_aq4_cq4_wq4_m8,105498473,114731374,795643,35592526,37583656,2674360,17634546,2478,105495995,105498473,355722394,0,121977945037,121980665091,105498473,0.0,True,CAUSAL_UNIFIED_8CH_RW_SCALESIM_LAYER_BARRIER,1.1174860227597796,117893069,1.1174860227597796,Arxiv
ogbn_arxiv_deepres8_w128_s7,XORFLOW_ONLINE,iq4_dq4_aq4_cq4_wq4_m8,107599087,116860857,802278,36098474,37583656,2593800,17880780,2506,107596581,107599087,394282513,0,124629443309,124632075910,107599087,0.0,True,CAUSAL_UNIFIED_8CH_RW_SCALESIM_LAYER_BARRIER,1.0971747092984163,118054997,1.0971747092984163,Arxiv
reddit_deepres8_w128_s17_native,XORFLOW_ONLINE,iq4_dq4_aq4_cq4_wq4_m8,5467747091,5493349292,1020829,1809318297,51715224,3096212,24576461,2958,5467744133,5467747091,737899409,0,9283170698248,9283173437953,5467747091,0.0,True,CAUSAL_UNIFIED_8CH_RW_SCALESIM_LAYER_BARRIER,1.1107707165163028,6073413354,1.1107707165163028,Reddit
reddit_deepres8_w128_s27_native,XORFLOW_ONLINE,iq4_dq4_aq4_cq4_wq4_m8,5615099894,5641292996,1016307,1851765917,51715224,3077316,25173200,3036,5615096858,5615099894,735240361,0,9534861009251,9534863785347,5615099894,0.0,True,CAUSAL_UNIFIED_8CH_RW_SCALESIM_LAYER_BARRIER,1.0816573225153028,6073613917,1.0816573225153028,Reddit
reddit_deepres8_w128_s7_native,XORFLOW_ONLINE,iq4_dq4_aq4_cq4_wq4_m8,4650397803,4673390744,1065304,1626484635,51715224,3354852,21970791,2840,4650394963,4650397803,709012509,0,7884240853889,7884244174329,4650397803,0.0,True,CAUSAL_UNIFIED_8CH_RW_SCALESIM_LAYER_BARRIER,1.2792467567317058,5949006307,1.2792467567317058,Reddit
yelp_deepres8_w128_s7_balanced_fallback,XORFLOW_ONLINE,iq4_dq4_aq4_cq4_wq4_m8,708134575,769680200,2878993,225469976,159102840,8179804,77107392,3775,708130800,708134575,6980017814,0,3627441435585,3627448248688,708134575,0.0,True,CAUSAL_UNIFIED_8CH_RW_SCALESIM_LAYER_BARRIER,1.0462914185485153,740915129,1.0462914185485153,Yelp
