run_id,capacity_bytes,entry_granularity,replacement_policy,insertion_point,release_point,read_ports,write_ports,bank_mapping,delta_targets,resident_decoded,resident_compressed,concurrent_stream,memory_reread,unclassified,consumer_hit_rate,consumer_anchor_read_bytes,consumer_anchor_decode_cycles
flickr_deepres8_w128_s7,16384,decoded_tile_slice_bitmap,LRU,consumer_anchor_decode_done,eviction_or_layer_pair_done,1,1,record_id_mod_16,2792,32,0,0,2760,0,0.011461318051575931,4679296,76298
flickr_deepres8_w128_s7,262144,decoded_tile_slice_bitmap,LRU,consumer_anchor_decode_done,eviction_or_layer_pair_done,1,1,record_id_mod_16,2792,512,0,0,2280,0,0.1833810888252149,3845376,62814
flickr_deepres8_w128_s7,1048576,decoded_tile_slice_bitmap,LRU,consumer_anchor_decode_done,eviction_or_layer_pair_done,1,1,record_id_mod_16,2792,2048,0,0,744,0,0.7335243553008596,1230400,20246
flickr_deepres8_w128_s7,4194304,decoded_tile_slice_bitmap,LRU,consumer_anchor_decode_done,eviction_or_layer_pair_done,1,1,record_id_mod_16,2792,2792,0,0,0,0,1.0,0,0
ogbn_arxiv_deepres8_w128_s7,16384,decoded_tile_slice_bitmap,LRU,consumer_anchor_decode_done,eviction_or_layer_pair_done,1,1,record_id_mod_16,5228,29,0,0,5199,0,0.005547054322876817,10940864,88323
ogbn_arxiv_deepres8_w128_s7,262144,decoded_tile_slice_bitmap,LRU,consumer_anchor_decode_done,eviction_or_layer_pair_done,1,1,record_id_mod_16,5228,498,0,0,4730,0,0.09525631216526396,9952320,80353
ogbn_arxiv_deepres8_w128_s7,1048576,decoded_tile_slice_bitmap,LRU,consumer_anchor_decode_done,eviction_or_layer_pair_done,1,1,record_id_mod_16,5228,2006,0,0,3222,0,0.38370313695485847,6775296,54734
ogbn_arxiv_deepres8_w128_s7,4194304,decoded_tile_slice_bitmap,LRU,consumer_anchor_decode_done,eviction_or_layer_pair_done,1,1,record_id_mod_16,5228,5228,0,0,0,0,1.0,0,0
ogbn_arxiv_deepres8_w128_s17,16384,decoded_tile_slice_bitmap,LRU,consumer_anchor_decode_done,eviction_or_layer_pair_done,1,1,record_id_mod_16,4882,24,0,0,4858,0,0.004916018025399427,10223936,82500
ogbn_arxiv_deepres8_w128_s17,262144,decoded_tile_slice_bitmap,LRU,consumer_anchor_decode_done,eviction_or_layer_pair_done,1,1,record_id_mod_16,4882,485,0,0,4397,0,0.09934453092994674,9255168,74673
ogbn_arxiv_deepres8_w128_s17,1048576,decoded_tile_slice_bitmap,LRU,consumer_anchor_decode_done,eviction_or_layer_pair_done,1,1,record_id_mod_16,4882,1956,0,0,2926,0,0.4006554690700533,6155904,49684
ogbn_arxiv_deepres8_w128_s17,4194304,decoded_tile_slice_bitmap,LRU,consumer_anchor_decode_done,eviction_or_layer_pair_done,1,1,record_id_mod_16,4882,4882,0,0,0,0,1.0,0,0
ogbn_arxiv_deepres8_w128_s27,16384,decoded_tile_slice_bitmap,LRU,consumer_anchor_decode_done,eviction_or_layer_pair_done,1,1,record_id_mod_16,4854,24,0,0,4830,0,0.004944375772558714,10150016,82014
ogbn_arxiv_deepres8_w128_s27,262144,decoded_tile_slice_bitmap,LRU,consumer_anchor_decode_done,eviction_or_layer_pair_done,1,1,record_id_mod_16,4854,486,0,0,4368,0,0.10012360939431397,9182976,74176
ogbn_arxiv_deepres8_w128_s27,1048576,decoded_tile_slice_bitmap,LRU,consumer_anchor_decode_done,eviction_or_layer_pair_done,1,1,record_id_mod_16,4854,1956,0,0,2898,0,0.40296662546353523,6090688,49209
ogbn_arxiv_deepres8_w128_s27,4194304,decoded_tile_slice_bitmap,LRU,consumer_anchor_decode_done,eviction_or_layer_pair_done,1,1,record_id_mod_16,4854,4854,0,0,0,0,1.0,0,0
reddit_deepres8_w128_s7_native,16384,decoded_tile_slice_bitmap,LRU,consumer_anchor_decode_done,eviction_or_layer_pair_done,1,1,record_id_mod_16,7215,32,0,0,7183,0,0.004435204435204435,14541440,133796
reddit_deepres8_w128_s7_native,262144,decoded_tile_slice_bitmap,LRU,consumer_anchor_decode_done,eviction_or_layer_pair_done,1,1,record_id_mod_16,7215,490,0,0,6725,0,0.06791406791406791,13596992,125183
reddit_deepres8_w128_s7_native,1048576,decoded_tile_slice_bitmap,LRU,consumer_anchor_decode_done,eviction_or_layer_pair_done,1,1,record_id_mod_16,7215,1987,0,0,5228,0,0.2753984753984754,10544960,97185
reddit_deepres8_w128_s7_native,4194304,decoded_tile_slice_bitmap,LRU,consumer_anchor_decode_done,eviction_or_layer_pair_done,1,1,record_id_mod_16,7215,7215,0,0,0,0,1.0,0,0
reddit_deepres8_w128_s17_native,16384,decoded_tile_slice_bitmap,LRU,consumer_anchor_decode_done,eviction_or_layer_pair_done,1,1,record_id_mod_16,7284,32,0,0,7252,0,0.004393190554640308,15192448,129777
reddit_deepres8_w128_s17_native,262144,decoded_tile_slice_bitmap,LRU,consumer_anchor_decode_done,eviction_or_layer_pair_done,1,1,record_id_mod_16,7284,512,0,0,6772,0,0.07029104887424492,14181568,121157
reddit_deepres8_w128_s17_native,1048576,decoded_tile_slice_bitmap,LRU,consumer_anchor_decode_done,eviction_or_layer_pair_done,1,1,record_id_mod_16,7284,2048,0,0,5236,0,0.2811641954969797,10950080,93600
reddit_deepres8_w128_s17_native,4194304,decoded_tile_slice_bitmap,LRU,consumer_anchor_decode_done,eviction_or_layer_pair_done,1,1,record_id_mod_16,7284,7284,0,0,0,0,1.0,0,0
reddit_deepres8_w128_s27_native,16384,decoded_tile_slice_bitmap,LRU,consumer_anchor_decode_done,eviction_or_layer_pair_done,1,1,record_id_mod_16,7284,32,0,0,7252,0,0.004393190554640308,15164032,129655
reddit_deepres8_w128_s27_native,262144,decoded_tile_slice_bitmap,LRU,consumer_anchor_decode_done,eviction_or_layer_pair_done,1,1,record_id_mod_16,7284,512,0,0,6772,0,0.07029104887424492,14152320,121030
reddit_deepres8_w128_s27_native,1048576,decoded_tile_slice_bitmap,LRU,consumer_anchor_decode_done,eviction_or_layer_pair_done,1,1,record_id_mod_16,7284,2048,0,0,5236,0,0.2811641954969797,10918848,93458
reddit_deepres8_w128_s27_native,4194304,decoded_tile_slice_bitmap,LRU,consumer_anchor_decode_done,eviction_or_layer_pair_done,1,1,record_id_mod_16,7284,7284,0,0,0,0,1.0,0,0
yelp_deepres8_w128_s7_balanced_fallback,16384,decoded_tile_slice_bitmap,LRU,consumer_anchor_decode_done,eviction_or_layer_pair_done,1,1,record_id_mod_16,22404,32,0,0,22372,0,0.0014283163720764148,46932864,401313
yelp_deepres8_w128_s7_balanced_fallback,262144,decoded_tile_slice_bitmap,LRU,consumer_anchor_decode_done,eviction_or_layer_pair_done,1,1,record_id_mod_16,22404,512,0,0,21892,0,0.022853061953222637,45968832,392900
yelp_deepres8_w128_s7_balanced_fallback,1048576,decoded_tile_slice_bitmap,LRU,consumer_anchor_decode_done,eviction_or_layer_pair_done,1,1,record_id_mod_16,22404,2048,0,0,20356,0,0.09141224781289055,42837888,365804
yelp_deepres8_w128_s7_balanced_fallback,4194304,decoded_tile_slice_bitmap,LRU,consumer_anchor_decode_done,eviction_or_layer_pair_done,1,1,record_id_mod_16,22404,8192,0,0,14212,0,0.3656489912515622,30004352,255780
ogbn_arxiv_deepres16_w128_s7,16384,decoded_tile_slice_bitmap,LRU,consumer_anchor_decode_done,eviction_or_layer_pair_done,1,1,record_id_mod_16,10517,57,0,0,10460,0,0.00541979651992013,21760768,196380
ogbn_arxiv_deepres16_w128_s7,262144,decoded_tile_slice_bitmap,LRU,consumer_anchor_decode_done,eviction_or_layer_pair_done,1,1,record_id_mod_16,10517,1003,0,0,9514,0,0.09536940192069981,19809024,178723
ogbn_arxiv_deepres16_w128_s7,1048576,decoded_tile_slice_bitmap,LRU,consumer_anchor_decode_done,eviction_or_layer_pair_done,1,1,record_id_mod_16,10517,4041,0,0,6476,0,0.3842350480174955,13469120,121549
ogbn_arxiv_deepres16_w128_s7,4194304,decoded_tile_slice_bitmap,LRU,consumer_anchor_decode_done,eviction_or_layer_pair_done,1,1,record_id_mod_16,10517,10517,0,0,0,0,1.0,0,0
chameleon_gcnii16,16384,decoded_tile_slice_bitmap,LRU,consumer_anchor_decode_done,eviction_or_layer_pair_done,1,1,record_id_mod_16,144,128,0,0,16,0,0.8888888888888888,15680,269
chameleon_gcnii16,262144,decoded_tile_slice_bitmap,LRU,consumer_anchor_decode_done,eviction_or_layer_pair_done,1,1,record_id_mod_16,144,144,0,0,0,0,1.0,0,0
chameleon_gcnii16,1048576,decoded_tile_slice_bitmap,LRU,consumer_anchor_decode_done,eviction_or_layer_pair_done,1,1,record_id_mod_16,144,144,0,0,0,0,1.0,0,0
chameleon_gcnii16,4194304,decoded_tile_slice_bitmap,LRU,consumer_anchor_decode_done,eviction_or_layer_pair_done,1,1,record_id_mod_16,144,144,0,0,0,0,1.0,0,0
