run_id,variant,queue_config,total_cycles,memory_cycles,decode_cycles,aggregation_cycles,combination_cycles,encode_cycles,writeback_cycles,fill_cycles,drain_cycles,barrier_cycles,producer_stall_cycles,decoder_stall_cycles,memory_stall_cycles,queue_wait_cycles,recurrence_cycles,recurrence_relative_error,independent_check_pass,schedule_model,speedup_vs_selected_baseline
chameleon_gcnii16,BEICSR_OPT,iq4_dq4_aq4_cq4_wq4_m8,413986,560538,36432,541939,253728,0,282708,600,413386,413986,0,0,3513642,3544369,413986,0.0,True,CAUSAL_UNIFIED_8CH_RW_SCALESIM_LAYER_BARRIER,1.0
chameleon_gcnii16,XORFLOW_ONLINE,iq4_dq4_aq4_cq4_wq4_m8,416618,565090,5615,541939,253728,27056,284098,632,415986,416618,105557,0,3319939,3371979,416618,0.0,True,CAUSAL_UNIFIED_8CH_RW_SCALESIM_LAYER_BARRIER,0.9936824621115746
flickr_deepres8_w128_s17,BEICSR_OPT,iq4_dq4_aq4_cq4_wq4_m8,46271863,51228852,1428000,15733555,19816752,0,9892361,5830,46266033,46271863,0,0,28202721341,28202721341,46271863,0.0,True,CAUSAL_UNIFIED_8CH_RW_SCALESIM_LAYER_BARRIER,1.0
flickr_deepres8_w128_s17,XORFLOW_ONLINE,iq4_dq4_aq4_cq4_wq4_m8,46455417,51492906,322149,15733555,19816752,828428,10223977,5814,46449603,46455417,86431668,0,27954361931,27955047778,46455417,0.0,True,CAUSAL_UNIFIED_8CH_RW_SCALESIM_LAYER_BARRIER,0.9960488138552281
flickr_deepres8_w128_s27,BEICSR_OPT,iq4_dq4_aq4_cq4_wq4_m8,46256780,51228824,1428000,16365318,19816752,0,9892325,5883,46250897,46256780,0,0,28187791459,28187791459,46256780,0.0,True,CAUSAL_UNIFIED_8CH_RW_SCALESIM_LAYER_BARRIER,1.0
flickr_deepres8_w128_s27,XORFLOW_ONLINE,iq4_dq4_aq4_cq4_wq4_m8,47454167,52600583,337711,16365318,19816752,869804,10427488,5988,47448179,47454167,93258551,0,28544448345,28545175642,47454167,0.0,True,CAUSAL_UNIFIED_8CH_RW_SCALESIM_LAYER_BARRIER,0.9747675056649925
flickr_deepres8_w128_s7,BEICSR_OPT,iq4_dq4_aq4_cq4_wq4_m8,46213044,51228797,1428000,14736481,19816752,0,9892372,5751,46207293,46213044,0,0,28157200221,28157200221,46213044,0.0,True,CAUSAL_UNIFIED_8CH_RW_SCALESIM_LAYER_BARRIER,1.0
flickr_deepres8_w128_s7,XORFLOW_ONLINE,iq4_dq4_aq4_cq4_wq4_m8,43803355,48637110,331499,14736481,19816752,848940,9761327,5521,43797834,43803355,89092760,0,26288394407,26289103080,43803355,0.0,True,CAUSAL_UNIFIED_8CH_RW_SCALESIM_LAYER_BARRIER,1.0550115168118972
ogbn_arxiv_deepres16_w128_s7,BEICSR_OPT,iq4_dq4_aq4_cq4_wq4_m8,235409946,255868972,5418976,69044452,75167312,0,37527257,2387,235407559,235409946,0,0,276962483083,276962587963,235409946,0.0,True,CAUSAL_UNIFIED_8CH_RW_SCALESIM_LAYER_BARRIER,1.0
ogbn_arxiv_deepres16_w128_s7,XORFLOW_ONLINE,iq4_dq4_aq4_cq4_wq4_m8,192896707,210122466,1510230,69044452,75167312,4625792,32784581,2499,192894208,192896707,781040743,0,222845438040,222849776619,192896707,0.0,True,CAUSAL_UNIFIED_8CH_RW_SCALESIM_LAYER_BARRIER,1.2203938038195747
ogbn_arxiv_deepres8_w128_s17,BEICSR_OPT,iq4_dq4_aq4_cq4_wq4_m8,117773363,127988228,2709488,36421014,37583656,0,18768240,2376,117770987,117773363,0,0,138569696682,138569753498,117773363,0.0,True,CAUSAL_UNIFIED_8CH_RW_SCALESIM_LAYER_BARRIER,1.0
ogbn_arxiv_deepres8_w128_s17,XORFLOW_ONLINE,iq4_dq4_aq4_cq4_wq4_m8,107576129,117071996,792925,36421014,37583656,2651656,17923608,2505,107573624,107576129,359870164,0,124448963363,124451664023,107576129,0.0,True,CAUSAL_UNIFIED_8CH_RW_SCALESIM_LAYER_BARRIER,1.094790862013635
ogbn_arxiv_deepres8_w128_s27,BEICSR_OPT,iq4_dq4_aq4_cq4_wq4_m8,117893069,128001033,2709488,35592526,37583656,0,18769236,2351,117890718,117893069,0,0,138752457902,138752509558,117893069,0.0,True,CAUSAL_UNIFIED_8CH_RW_SCALESIM_LAYER_BARRIER,1.0
ogbn_arxiv_deepres8_w128_s27,XORFLOW_ONLINE,iq4_dq4_aq4_cq4_wq4_m8,105498473,114731374,795643,35592526,37583656,2674360,17634546,2478,105495995,105498473,355722394,0,121977945037,121980665091,105498473,0.0,True,CAUSAL_UNIFIED_8CH_RW_SCALESIM_LAYER_BARRIER,1.1174860227597796
ogbn_arxiv_deepres8_w128_s7,BEICSR_OPT,iq4_dq4_aq4_cq4_wq4_m8,118054997,127999992,2709488,36098474,37583656,0,18769262,2379,118052618,118054997,0,0,138970688552,138970733842,118054997,0.0,True,CAUSAL_UNIFIED_8CH_RW_SCALESIM_LAYER_BARRIER,1.0
ogbn_arxiv_deepres8_w128_s7,XORFLOW_ONLINE,iq4_dq4_aq4_cq4_wq4_m8,107599087,116860857,802278,36098474,37583656,2593800,17880780,2506,107596581,107599087,394282513,0,124629443309,124632075910,107599087,0.0,True,CAUSAL_UNIFIED_8CH_RW_SCALESIM_LAYER_BARRIER,1.0971747092984163
reddit_deepres8_w128_s17_native,BEICSR_OPT,iq4_dq4_aq4_cq4_wq4_m8,6073413354,6099887946,3727440,1809318297,51715224,0,25820332,2856,6073410498,6073413354,0,0,10312397902660,10312397902660,6073413354,0.0,True,CAUSAL_UNIFIED_8CH_RW_SCALESIM_LAYER_BARRIER,1.0
reddit_deepres8_w128_s17_native,XORFLOW_ONLINE,iq4_dq4_aq4_cq4_wq4_m8,5467747091,5493349292,1020829,1809318297,51715224,3096212,24576461,2958,5467744133,5467747091,737899409,0,9283170698248,9283173437953,5467747091,0.0,True,CAUSAL_UNIFIED_8CH_RW_SCALESIM_LAYER_BARRIER,1.1107707165163028
reddit_deepres8_w128_s27_native,BEICSR_OPT,iq4_dq4_aq4_cq4_wq4_m8,6073613917,6100083804,3727440,1851765917,51715224,0,25821449,2931,6073610986,6073613917,0,0,10314442535756,10314442535756,6073613917,0.0,True,CAUSAL_UNIFIED_8CH_RW_SCALESIM_LAYER_BARRIER,1.0
reddit_deepres8_w128_s27_native,XORFLOW_ONLINE,iq4_dq4_aq4_cq4_wq4_m8,5615099894,5641292996,1016307,1851765917,51715224,3077316,25173200,3036,5615096858,5615099894,735240361,0,9534861009251,9534863785347,5615099894,0.0,True,CAUSAL_UNIFIED_8CH_RW_SCALESIM_LAYER_BARRIER,1.0816573225153028
reddit_deepres8_w128_s7_native,BEICSR_OPT,iq4_dq4_aq4_cq4_wq4_m8,5949006307,5974825163,3727440,1626484635,51715224,0,25163528,2756,5949003551,5949006307,0,0,10084480742011,10084480742011,5949006307,0.0,True,CAUSAL_UNIFIED_8CH_RW_SCALESIM_LAYER_BARRIER,1.0
reddit_deepres8_w128_s7_native,XORFLOW_ONLINE,iq4_dq4_aq4_cq4_wq4_m8,4650397803,4673390744,1065304,1626484635,51715224,3354852,21970791,2840,4650394963,4650397803,709012509,0,7884240853889,7884244174329,4650397803,0.0,True,CAUSAL_UNIFIED_8CH_RW_SCALESIM_LAYER_BARRIER,1.2792467567317058
yelp_deepres8_w128_s7_balanced_fallback,BEICSR_OPT,iq4_dq4_aq4_cq4_wq4_m8,740915129,804456975,11469552,225469976,159102840,0,79450854,3686,740911443,740915129,0,0,3820239055152,3820239055152,740915129,0.0,True,CAUSAL_UNIFIED_8CH_RW_SCALESIM_LAYER_BARRIER,1.0
yelp_deepres8_w128_s7_balanced_fallback,XORFLOW_ONLINE,iq4_dq4_aq4_cq4_wq4_m8,708134575,769680200,2878993,225469976,159102840,8179804,77107392,3775,708130800,708134575,6980017814,0,3627441435585,3627448248688,708134575,0.0,True,CAUSAL_UNIFIED_8CH_RW_SCALESIM_LAYER_BARRIER,1.0462914185485153
