dataset,model,seed,metric,fp32,fp8_fp16,paired_delta,checkpoint_fp32,checkpoint_quantized,config_id,record_sha256
CiteSeer,deepres,7,accuracy,0.6360000371932983,0.6370000243186951,0.0009999871253967285,/home/Rishabh@MLL-5090/remote-work/HPCA-2-xorflow/artifacts_hpca_xorflow/workloads/citeseer_deepres8_w128_s7/model.pt,/home/Rishabh@MLL-5090/remote-work/HPCA-2-xorflow/artifacts_hpca_xorflow/workloads/citeseer_deepres8_w128_s7/model.pt,citeseer_deepres8_w128_s7,da264bd0a8bdf3af1365e97c28833e1336d2e2d5929bd4f907835a8c0e85d4ff
Flickr,deepres,17,accuracy,0.4703536033630371,0.4701743423938751,-0.0001792609691619873,/home/Rishabh@MLL-5090/remote-work/HPCA-2-xorflow/artifacts_hpca_xorflow/workloads/flickr_deepres8_w128_s17/model.pt,/home/Rishabh@MLL-5090/remote-work/HPCA-2-xorflow/artifacts_hpca_xorflow/workloads/flickr_deepres8_w128_s17/model.pt,flickr_deepres8_w128_s17,0be084d3e97a1cc645744e35f36ca4546f817be42f4c217ac4b6b223d8fe645a
Flickr,deepres,27,accuracy,0.4725496470928192,0.4727737307548523,0.00022408366203308105,/home/Rishabh@MLL-5090/remote-work/HPCA-2-xorflow/artifacts_hpca_xorflow/workloads/flickr_deepres8_w128_s27/model.pt,/home/Rishabh@MLL-5090/remote-work/HPCA-2-xorflow/artifacts_hpca_xorflow/workloads/flickr_deepres8_w128_s27/model.pt,flickr_deepres8_w128_s27,31a12cc909de561f526a4e14931d4092cfe2999c1d34696dd07e68ed1263ee2c
Flickr,,7,accuracy,0.472460001707077,0.47228074073791504,-0.0001792609691619873,/home/Rishabh@MLL-5090/remote-work/HPCA-2-xorflow/artifacts_hpca_xorflow/workloads/flickr_deepres8_w128_s7/model.pt,/home/Rishabh@MLL-5090/remote-work/HPCA-2-xorflow/artifacts_hpca_xorflow/workloads/flickr_deepres8_w128_s7/model.pt,flickr_deepres8_w128_s7,e236908d7d54f50d94ef5ed4a3718f2832b3c413e3059ec77f84b96bebd04674
Flickr,gin,7,accuracy,0.42343029379844666,0.06068211421370506,-0.3627481795847416,/home/Rishabh@MLL-5090/remote-work/HPCA-2-xorflow/artifacts_hpca_xorflow/workloads/flickr_gin8_w128_s7_overnight/model.pt,/home/Rishabh@MLL-5090/remote-work/HPCA-2-xorflow/artifacts_hpca_xorflow/workloads/flickr_gin8_w128_s7_overnight/model.pt,flickr_gin8_w128_s7_overnight,99c2800aa1302d6ffb7efb051229077b5a082ddd06fa341db9a677da14255360
Flickr,gin,7,accuracy,0.06068211421370506,0.06068211421370506,0.0,/home/Rishabh@MLL-5090/remote-work/HPCA-2-xorflow/artifacts_hpca_xorflow/workloads/flickr_gin8_w128_s7_smoke_v2/model.pt,/home/Rishabh@MLL-5090/remote-work/HPCA-2-xorflow/artifacts_hpca_xorflow/workloads/flickr_gin8_w128_s7_smoke_v2/model.pt,flickr_gin8_w128_s7_smoke_v2,74b55058970092dd5d1c44815d3c7cc8136e1a491a8ce8b34095d078fdf0fbf0
Flickr,graphsage,7,accuracy,0.42343029379844666,0.42343029379844666,0.0,/home/Rishabh@MLL-5090/remote-work/HPCA-2-xorflow/artifacts_hpca_xorflow/workloads/flickr_graphsage8_w128_s7_overnight/model.pt,/home/Rishabh@MLL-5090/remote-work/HPCA-2-xorflow/artifacts_hpca_xorflow/workloads/flickr_graphsage8_w128_s7_overnight/model.pt,flickr_graphsage8_w128_s7_overnight,5814297f19c5c3d22030f727070ad7fb1705a2031443401388c99dfae3b23792
Flickr,graphsage,7,accuracy,0.2547394037246704,0.2547394037246704,0.0,/home/Rishabh@MLL-5090/remote-work/HPCA-2-xorflow/artifacts_hpca_xorflow/workloads/flickr_graphsage8_w128_s7_smoke_v2/model.pt,/home/Rishabh@MLL-5090/remote-work/HPCA-2-xorflow/artifacts_hpca_xorflow/workloads/flickr_graphsage8_w128_s7_smoke_v2/model.pt,flickr_graphsage8_w128_s7_smoke_v2,cf3ff5d7becd372b754af2cca7725a3a5cf02b10445b761debe3144f15316386
ogbn-arxiv,deepres,7,accuracy,0.6823652982711792,0.682138979434967,-0.0002263188362121582,/home/Rishabh@MLL-5090/remote-work/HPCA-2-xorflow/artifacts_hpca_xorflow/workloads/ogbn_arxiv_deepres16_w128_s7/model.pt,/home/Rishabh@MLL-5090/remote-work/HPCA-2-xorflow/artifacts_hpca_xorflow/workloads/ogbn_arxiv_deepres16_w128_s7/model.pt,ogbn_arxiv_deepres16_w128_s7,a8cecbf7d6d2b24c43775a0ab19feedf511470a63847c1109682d185869b8d24
ogbn-arxiv,deepres,7,accuracy,0.684607982635498,0.6847314238548279,0.00012344121932983398,/home/Rishabh@MLL-5090/remote-work/HPCA-2-xorflow/artifacts_hpca_xorflow/workloads/ogbn_arxiv_deepres4_w128_s7/model.pt,/home/Rishabh@MLL-5090/remote-work/HPCA-2-xorflow/artifacts_hpca_xorflow/workloads/ogbn_arxiv_deepres4_w128_s7/model.pt,ogbn_arxiv_deepres4_w128_s7,faa412f39c5de7a85d82e08dd47810a186573b559d3ccadec7c4b6968d81ab1d
ogbn_arxiv,,17,accuracy,0.682756245136261,0.6827768087387085,2.0563602447509766e-05,/home/Rishabh@MLL-5090/remote-work/HPCA-2-xorflow/artifacts_hpca_xorflow/workloads/ogbn_arxiv_deepres8_w128_s17/model.pt,/home/Rishabh@MLL-5090/remote-work/HPCA-2-xorflow/artifacts_hpca_xorflow/workloads/ogbn_arxiv_deepres8_w128_s17/model.pt,ogbn_arxiv_deepres8_w128_s17,e02625575937d98aa6316706998a0bef1e72602563b484f5c82fc03db497657c
ogbn_arxiv,,27,accuracy,0.6871181130409241,0.6865831613540649,-0.0005349516868591309,/home/Rishabh@MLL-5090/remote-work/HPCA-2-xorflow/artifacts_hpca_xorflow/workloads/ogbn_arxiv_deepres8_w128_s27/model.pt,/home/Rishabh@MLL-5090/remote-work/HPCA-2-xorflow/artifacts_hpca_xorflow/workloads/ogbn_arxiv_deepres8_w128_s27/model.pt,ogbn_arxiv_deepres8_w128_s27,d3561c0db091c7a5cea844aad3542d413dda0af8e3afbda86ddf74d02dfa9f3a
ogbn-arxiv,deepres,7,accuracy,0.6867271661758423,0.6870357990264893,0.00030863285064697266,/home/Rishabh@MLL-5090/remote-work/HPCA-2-xorflow/artifacts_hpca_xorflow/workloads/ogbn_arxiv_deepres8_w128_s7/model.pt,/home/Rishabh@MLL-5090/remote-work/HPCA-2-xorflow/artifacts_hpca_xorflow/workloads/ogbn_arxiv_deepres8_w128_s7/model.pt,ogbn_arxiv_deepres8_w128_s7,21ded6859038946ae4ed7d25f003303f5355155fb00b925acfccc5db75d9f48e
ogbn-arxiv,deepres,7,accuracy,0.6920971870422363,0.691912055015564,-0.00018513202667236328,/home/Rishabh@MLL-5090/remote-work/HPCA-2-xorflow/artifacts_hpca_xorflow/workloads/ogbn_arxiv_deepres8_w256_s7/model.pt,/home/Rishabh@MLL-5090/remote-work/HPCA-2-xorflow/artifacts_hpca_xorflow/workloads/ogbn_arxiv_deepres8_w256_s7/model.pt,ogbn_arxiv_deepres8_w256_s7,ac255353de75943d5ab5070a96e8a3617c0a60ab3052425c3ae2addbe529cbf5
ogbn-arxiv,deepres,7,accuracy,0.6795465350151062,0.679669976234436,0.00012344121932983398,/home/Rishabh@MLL-5090/remote-work/HPCA-2-xorflow/artifacts_hpca_xorflow/workloads/ogbn_arxiv_deepres8_w64_s7/model.pt,/home/Rishabh@MLL-5090/remote-work/HPCA-2-xorflow/artifacts_hpca_xorflow/workloads/ogbn_arxiv_deepres8_w64_s7/model.pt,ogbn_arxiv_deepres8_w64_s7,1c6794947ac0b565e0793f7e6244c619cced822c46a6b27bd2006bafbbe1f47c
ogbn-arxiv,gin,7,accuracy,0.387712687253952,0.3869102895259857,-0.0008023977279663086,/home/Rishabh@MLL-5090/remote-work/HPCA-2-xorflow/artifacts_hpca_xorflow/workloads/ogbn_arxiv_gin8_residual_w128_s7/model.pt,/home/Rishabh@MLL-5090/remote-work/HPCA-2-xorflow/artifacts_hpca_xorflow/workloads/ogbn_arxiv_gin8_residual_w128_s7/model.pt,ogbn_arxiv_gin8_residual_w128_s7,5ffcff492f4d2133788314652a2397635d01a8c494dc665e121d12575a660d2c
ogbn-arxiv,gin,7,accuracy,0.05861778184771538,0.001625414122827351,-0.05699236772488803,/home/Rishabh@MLL-5090/remote-work/HPCA-2-xorflow/artifacts_hpca_xorflow/workloads/ogbn_arxiv_gin8_w128_s7/model.pt,/home/Rishabh@MLL-5090/remote-work/HPCA-2-xorflow/artifacts_hpca_xorflow/workloads/ogbn_arxiv_gin8_w128_s7/model.pt,ogbn_arxiv_gin8_w128_s7,e1f7b25c89cbf1a445fb63fd3ac85eadc4f251454497c1473f5dd8797f9c98d5
ogbn-arxiv,graphsage,7,accuracy,0.565561830997467,0.5658498406410217,0.0002880096435546875,/home/Rishabh@MLL-5090/remote-work/HPCA-2-xorflow/artifacts_hpca_xorflow/workloads/ogbn_arxiv_graphsage8_residual_w128_s7/model.pt,/home/Rishabh@MLL-5090/remote-work/HPCA-2-xorflow/artifacts_hpca_xorflow/workloads/ogbn_arxiv_graphsage8_residual_w128_s7/model.pt,ogbn_arxiv_graphsage8_residual_w128_s7,3fc64cce5c99a9f84f346972ff7bd5970c6aed817491b6a06af54cb72b7f5a79
ogbn-arxiv,graphsage,7,accuracy,0.4150155484676361,0.4152830243110657,0.00026747584342956543,/home/Rishabh@MLL-5090/remote-work/HPCA-2-xorflow/artifacts_hpca_xorflow/workloads/ogbn_arxiv_graphsage8_w128_s7/model.pt,/home/Rishabh@MLL-5090/remote-work/HPCA-2-xorflow/artifacts_hpca_xorflow/workloads/ogbn_arxiv_graphsage8_w128_s7/model.pt,ogbn_arxiv_graphsage8_w128_s7,b106d9df7cdbb03db3378066528320e2f8f39926fad518b31417532a8666292a
PubMed,gin,7,accuracy,0.484000027179718,0.484000027179718,0.0,/home/Rishabh@MLL-5090/remote-work/HPCA-2-xorflow/artifacts_hpca_xorflow/workloads/pubmed_gin8_w128_s7_overnight/model.pt,/home/Rishabh@MLL-5090/remote-work/HPCA-2-xorflow/artifacts_hpca_xorflow/workloads/pubmed_gin8_w128_s7_overnight/model.pt,pubmed_gin8_w128_s7_overnight,533cbd01f67a9f37261aed5b2e2698b663d6515c0389ef756a0fb8831894a5d2
PubMed,graphsage,7,accuracy,0.40700000524520874,0.40700000524520874,0.0,/home/Rishabh@MLL-5090/remote-work/HPCA-2-xorflow/artifacts_hpca_xorflow/workloads/pubmed_graphsage8_w128_s7_overnight/model.pt,/home/Rishabh@MLL-5090/remote-work/HPCA-2-xorflow/artifacts_hpca_xorflow/workloads/pubmed_graphsage8_w128_s7_overnight/model.pt,pubmed_graphsage8_w128_s7_overnight,0fc5c582242600d6fcd3d1b7d0cac1d493f6f8ade3fa96c753c21cab3bdbb5e4
Reddit,,7,accuracy,0.14832234382629395,0.14798125624656677,-0.00034108757972717285,/home/rishabh/HPCA2/mosaic_delta_phase1/artifacts_hpca_xorflow/workloads/reddit_csr_checkpoint_smoke/model.pt,/home/rishabh/HPCA2/mosaic_delta_phase1/artifacts_hpca_xorflow/workloads/reddit_csr_checkpoint_smoke/model.pt,reddit_csr_checkpoint_smoke,d44958625c804c265f38980707a1cc75cb38c7c4d3917abffa63ea201df1ffa3
Reddit,,7,accuracy,0.24436745047569275,0.2444572001695633,8.974969387054443e-05,/home/rishabh/HPCA2/mosaic_delta_phase1/artifacts_hpca_xorflow/workloads/reddit_csr_native_smoke/model.pt,/home/rishabh/HPCA2/mosaic_delta_phase1/artifacts_hpca_xorflow/workloads/reddit_csr_native_smoke/model.pt,reddit_csr_native_smoke,50f5001400bafba1c7b82c64ba70b78a975f14d6ab80fa7c9ca1e112b5a3286e
Reddit,,7,accuracy,0.14832234382629395,0.14832234382629395,0.0,/home/rishabh/HPCA2/mosaic_delta_phase1/artifacts_hpca_xorflow/workloads/reddit_csr_smoke/model.pt,/home/rishabh/HPCA2/mosaic_delta_phase1/artifacts_hpca_xorflow/workloads/reddit_csr_smoke/model.pt,reddit_csr_smoke,0f1e51f10cd95b138122cc8ad80b5caea858f00143b091e63d2dc0a3c41a4fae
Reddit,deepres,17,accuracy,0.9471662044525146,0.9469687342643738,-0.00019747018814086914,/home/Rishabh@MLL-5090/remote-work/HPCA-2-xorflow/artifacts_hpca_xorflow/workloads/reddit_deepres8_w128_s17_native/model.pt,/home/Rishabh@MLL-5090/remote-work/HPCA-2-xorflow/artifacts_hpca_xorflow/workloads/reddit_deepres8_w128_s17_native/model.pt,reddit_deepres8_w128_s17_native,22555679baee2e510568da829e4c36e830da9a764f4fb4bed2401dfdff8e0bb8
Reddit,deepres,27,accuracy,0.9471482634544373,0.9470943808555603,-5.3882598876953125e-05,/home/Rishabh@MLL-5090/remote-work/HPCA-2-xorflow/artifacts_hpca_xorflow/workloads/reddit_deepres8_w128_s27_native/model.pt,/home/Rishabh@MLL-5090/remote-work/HPCA-2-xorflow/artifacts_hpca_xorflow/workloads/reddit_deepres8_w128_s27_native/model.pt,reddit_deepres8_w128_s27_native,a8695fe4cd3076bde2037aa55dd886d2157ecc6f458d4d17d789f5f822bd4b8c
Reddit,,7,accuracy,0.14832234382629395,0.14832234382629395,0.0,/home/rishabh/HPCA2/mosaic_delta_phase1/artifacts_hpca_xorflow/workloads/reddit_deepres8_w128_s7/model.pt,/home/rishabh/HPCA2/mosaic_delta_phase1/artifacts_hpca_xorflow/workloads/reddit_deepres8_w128_s7/model.pt,reddit_deepres8_w128_s7,2448727811a11138f5d50371f2a94122a50fb7198252935658bd7b11e51e28f5
Reddit,,7,accuracy,0.9535572528839111,0.9533597826957703,-0.00019747018814086914,/home/rishabh/HPCA2/mosaic_delta_phase1/artifacts_hpca_xorflow/workloads/reddit_deepres8_w128_s7_native/model.pt,/home/rishabh/HPCA2/mosaic_delta_phase1/artifacts_hpca_xorflow/workloads/reddit_deepres8_w128_s7_native/model.pt,reddit_deepres8_w128_s7_native,ca871f23682dc459cc7ecac1b459f0cdab91eb0dd5006360060b55912b820b9e
Reddit,,7,accuracy,0.14832234382629395,0.14832234382629395,0.0,/home/rishabh/HPCA2/mosaic_delta_phase1/artifacts_hpca_xorflow/workloads/reddit_fallback_batch128_smoke/model.pt,/home/rishabh/HPCA2/mosaic_delta_phase1/artifacts_hpca_xorflow/workloads/reddit_fallback_batch128_smoke/model.pt,reddit_fallback_batch128_smoke,c89d9dc1692b2b65c0add0b80bd7a5e9d89e7ead0dbac19fe269317538aa1a24
Yelp,,7,micro_f1,0.2588138506876228,0.258791171685545,-2.267900207780782e-05,/home/Rishabh@MLL-5090/remote-work/HPCA-2-xorflow/artifacts_hpca_xorflow/workloads/yelp_deepres8_w128_s7/model.pt,/home/Rishabh@MLL-5090/remote-work/HPCA-2-xorflow/artifacts_hpca_xorflow/workloads/yelp_deepres8_w128_s7/model.pt,yelp_deepres8_w128_s7,167c01093aefb32936cc19887165b5a958767f2fa4a1009d36705ecc11259f31
Yelp,,7,micro_f1,0.43394719611737165,0.4339522576704278,5.06155305612932e-06,/home/Rishabh@MLL-5090/remote-work/HPCA-2-xorflow/artifacts_hpca_xorflow/workloads/yelp_deepres8_w128_s7_balanced_fallback/model.pt,/home/Rishabh@MLL-5090/remote-work/HPCA-2-xorflow/artifacts_hpca_xorflow/workloads/yelp_deepres8_w128_s7_balanced_fallback/model.pt,yelp_deepres8_w128_s7_balanced_fallback,da70f347281aaadf7919d5cb32e6ee7d2a885c12d7836382a513764127322edf
