config_id,support_reduction,exact_edge_traffic_reduction,event_speedup,anchor_read_bytes,format_fractions_json
chameleon_gcnii16,0.44950331125827814,-0.00544755461806945,0.9803866070567046,15680,"{""A2"": 0.3819444444444444, ""BEICSR"": 0.11805555555555555, ""DELTA"": 0.5}"
citeseer_deepres8_w128_s7,0.11566511085180864,0.12113064961488151,1.004283689268969,71616,"{""A2"": 0.4182692307692308, ""BEICSR"": 0.3317307692307692, ""DELTA"": 0.25}"
cora_deepres28_w128,0.34983650112405473,0.2205451392200809,1.0295966481761734,320128,"{""A2"": 0.38636363636363635, ""BEICSR"": 0.17532467532467533, ""DELTA"": 0.4383116883116883}"
flickr_deepres8_w128_s17,0.5814265536723164,0.0022342700170093766,1.002202780475239,4520000,"{""A2"": 0.5, ""DELTA"": 0.5}"
flickr_deepres8_w128_s27,0.5533300738809213,-0.019294863718658517,0.9814008154175027,4849216,"{""A2"": 0.5, ""DELTA"": 0.5}"
flickr_deepres8_w128_s7,0.5674978270317254,0.05877265539007681,1.061279446148722,4679296,"{""A2"": 0.5, ""DELTA"": 0.5}"
flickr_gin8_w128_s7_overnight,0.813102998696219,-0.0056549397038285765,0.9975489694214739,406144,"{""A0"": 0.375, ""A2"": 0.125, ""BEICSR"": 0.125, ""DELTA"": 0.375}"
flickr_graphsage8_w128_s7_overnight,0.38767926988265966,-0.008654870705415707,0.9995481790191413,0,"{""A2"": 0.5, ""BEICSR"": 0.5}"
ogbn_arxiv_deepres16_w128_s7,0.3161705758394796,0.1868920715792992,1.227412627166031,21760768,"{""A2"": 0.07709750566893424, ""BEICSR"": 0.426067649281935, ""DELTA"": 0.4968348450491308}"
ogbn_arxiv_deepres4_w128_s7,0.07417884465619129,0.05904775034791643,1.0617603215923002,3780608,"{""A2"": 0.008314436885865457, ""BEICSR"": 0.6515495086923658, ""DELTA"": 0.3401360544217687}"
ogbn_arxiv_deepres8_w128_s17,0.19492990975308078,0.09694283265389836,1.1059736193287075,10223936,"{""A2"": 0.023242630385487528, ""BEICSR"": 0.5154950869236583, ""DELTA"": 0.4612622826908541}"
ogbn_arxiv_deepres8_w128_s27,0.1868042512254341,0.11541899267527744,1.1286431812627657,10150016,"{""A2"": 0.0276832955404384, ""BEICSR"": 0.5136999244142101, ""DELTA"": 0.45861678004535145}"
ogbn_arxiv_deepres8_w128_s7,0.21563630949654133,0.09880171307192731,1.1080081976118161,10940864,"{""A2"": 0.024943310657596373, ""BEICSR"": 0.48110355253212395, ""DELTA"": 0.4939531368102797}"
ogbn_arxiv_deepres8_w256_s7,0.22005846580237298,0.15077114393773738,1.0010306905193094,20687360,"{""A2"": 0.030376039304610733, ""BEICSR"": 0.503354119425548, ""DELTA"": 0.4662698412698413}"
ogbn_arxiv_deepres8_w64_s7,0.17092596709648733,-0.012790403354318913,0.987675922072052,5196160,"{""A2"": 0.02390400604686319, ""BEICSR"": 0.5176681783824642, ""DELTA"": 0.4584278155706727}"
ogbn_arxiv_gin8_residual_w128_s7,0.23412375738696234,0.14016189300516457,1.1598203680277022,126400,"{""A2"": 0.4984882842025699, ""BEICSR"": 0.4864890400604686, ""DELTA"": 0.015022675736961451}"
ogbn_arxiv_gin8_w128_s7,0.6775791378441522,-0.007951822748156534,0.9973382019896609,857984,"{""A0"": 0.27749433106575966, ""A2"": 0.22250566893424037, ""BEICSR"": 0.1974678760393046, ""DELTA"": 0.3025321239606954}"
ogbn_arxiv_graphsage8_residual_w128_s7,0.1178764487608227,0.2052662293280152,1.253995102613632,0,"{""A2"": 0.48289871504157217, ""BEICSR"": 0.5171012849584278}"
ogbn_arxiv_graphsage8_w128_s7,0.30678226212836135,0.06599012360622436,1.0686633391036708,0,"{""A2"": 0.5, ""BEICSR"": 0.5}"
pubmed_gcnii16,0.4847031309660176,0.054110163697339564,1.0538778337295718,842240,"{""A2"": 0.4866935483870968, ""BEICSR"": 0.04395161290322581, ""DELTA"": 0.4693548387096774}"
pubmed_gin8_w128_s7_overnight,0.33098937844217147,-0.029298107031431986,0.9979182693708033,0,"{""A2"": 0.5, ""BEICSR"": 0.5}"
pubmed_graphsage8_w128_s7_overnight,0.4377458693941778,-0.007445868944472522,0.9985735561076422,0,"{""A2"": 0.5, ""BEICSR"": 0.5}"
reddit_deepres8_w128_s17_native,0.3384773234324532,0.09964920098608254,1.110563666596186,15192448,"{""A2"": 0.04015650741350906, ""BEICSR"": 0.45984349258649093, ""DELTA"": 0.5}"
reddit_deepres8_w128_s27_native,0.3433930771536079,0.07541919661147489,1.0815255744073295,15164032,"{""A2"": 0.04255903349807798, ""BEICSR"": 0.457440966501922, ""DELTA"": 0.5}"
reddit_deepres8_w128_s7_native,0.2711926842262995,0.2180623850069876,1.2771169208160413,14541440,"{""A2"": 0.11593904448105437, ""BEICSR"": 0.38879736408566723, ""DELTA"": 0.4952635914332784}"
yelp_deepres8_w128_s7_balanced_fallback,0.45237660433305193,0.047962282270331946,1.0498940794627574,46932864,"{""A2"": 0.05536957686127477, ""BEICSR"": 0.44463042313872525, ""DELTA"": 0.5}"
