config_id,component,source_variant,slice_width,anchor_policy,total_physical_bytes,cycles,support_bytes,value_bytes,topology_bytes,descriptor_bytes,padding_bytes,deployable,same_physical_accounting
chameleon_gcnii16,optimized_BEICSR,BEICSR_OPT,64,FINITE_RETENTION,10103616,39468,0,1126924,2456256,145728,0,True,True
chameleon_gcnii16,independent_A0,EVENT_ONLY,64,FINITE_RETENTION,10103616,39468,0,1126924,2456256,145728,0,True,True
chameleon_gcnii16,independent_A2,A2_ONLY,64,FINITE_RETENTION,10364160,41219,187840,1126924,2456256,145728,7141,True,True
chameleon_gcnii16,fixed_anchor_XOR_without_A2,XOR_NO_A2,64,FINITE_RETENTION,9996480,39202,39040,1126924,2456256,145728,4317,True,True
chameleon_gcnii16,forced_delta,FORCED_XORFLOW,64,FINITE_RETENTION,10199232,40509,170944,1126924,2456256,145728,8818,True,True
chameleon_gcnii16,complete_XORFLOW_serial,FULL_ONLINE_SERIAL,64,FINITE_RETENTION,10142976,40145,134016,1126924,2456256,145728,7856,True,True
chameleon_gcnii16,complete_XORFLOW_event,FULL_ONLINE_EVENT,64,FINITE_RETENTION,10142976,40145,134016,1126924,2456256,145728,7856,True,True
chameleon_gcnii16,generic_XOR_RLE,GENERIC_XOR_RLE,64,FINITE_RETENTION,10184448,40361,147840,1126924,2456256,145728,7852,True,True
chameleon_gcnii16,pair_oracle_non_deployable,PAIR_ORACLE_UPPER_BOUND,64,FINITE_RETENTION,10199232,40509,170944,1126924,2456256,145728,8818,False,True
citeseer_deepres8_w128_s7,optimized_BEICSR,BEICSR_OPT,128,FINITE_RETENTION,10569216,41286,0,1607746,397824,106464,0,True,True
citeseer_deepres8_w128_s7,independent_A0,EVENT_ONLY,128,FINITE_RETENTION,10569216,41286,0,1607746,397824,106464,0,True,True
citeseer_deepres8_w128_s7,independent_A2,A2_ONLY,128,FINITE_RETENTION,9302592,37555,311296,1607746,397824,106464,4996,True,True
citeseer_deepres8_w128_s7,fixed_anchor_XOR_without_A2,XOR_NO_A2,128,FINITE_RETENTION,9761664,38452,81728,1607746,397824,106464,1787,True,True
citeseer_deepres8_w128_s7,forced_delta,FORCED_XORFLOW,128,FINITE_RETENTION,8803200,35908,388928,1607746,397824,106464,8155,True,True
citeseer_deepres8_w128_s7,complete_XORFLOW_serial,FULL_ONLINE_SERIAL,128,FINITE_RETENTION,9217344,36953,242432,1607746,397824,106464,4543,True,True
citeseer_deepres8_w128_s7,complete_XORFLOW_event,FULL_ONLINE_EVENT,128,FINITE_RETENTION,9217344,36953,242432,1607746,397824,106464,4543,True,True
citeseer_deepres8_w128_s7,generic_XOR_RLE,GENERIC_XOR_RLE,128,FINITE_RETENTION,10024896,39788,160704,1607746,397824,106464,2756,True,True
citeseer_deepres8_w128_s7,pair_oracle_non_deployable,PAIR_ORACLE_UPPER_BOUND,128,FINITE_RETENTION,8868480,36113,376128,1607746,397824,106464,7877,False,True
cora_deepres28_w128,optimized_BEICSR,BEICSR_OPT,128,FINITE_RETENTION,30361712,118601,0,4310541,1485680,303296,0,True,True
cora_deepres28_w128,independent_A0,EVENT_ONLY,128,FINITE_RETENTION,30361712,118601,0,4310541,1485680,303296,0,True,True
cora_deepres28_w128,independent_A2,A2_ONLY,128,FINITE_RETENTION,24312176,98206,828352,4310541,1485680,303296,16195,True,True
cora_deepres28_w128,fixed_anchor_XOR_without_A2,XOR_NO_A2,128,FINITE_RETENTION,26311856,103535,192896,4310541,1485680,303296,8454,True,True
cora_deepres28_w128,forced_delta,FORCED_XORFLOW,128,FINITE_RETENTION,22760816,92109,818880,4310541,1485680,303296,20642,True,True
cora_deepres28_w128,complete_XORFLOW_serial,FULL_ONLINE_SERIAL,128,FINITE_RETENTION,23345456,93505,591488,4310541,1485680,303296,16054,True,True
cora_deepres28_w128,complete_XORFLOW_event,FULL_ONLINE_EVENT,128,FINITE_RETENTION,23345456,93505,591488,4310541,1485680,303296,16054,True,True
cora_deepres28_w128,generic_XOR_RLE,GENERIC_XOR_RLE,128,FINITE_RETENTION,23790512,95539,667200,4310541,1485680,303296,15384,True,True
cora_deepres28_w128,pair_oracle_non_deployable,PAIR_ORACLE_UPPER_BOUND,128,FINITE_RETENTION,23047280,92734,692416,4310541,1485680,303296,18024,False,True
flickr_deepres8_w128_s17,optimized_BEICSR,BEICSR_OPT,128,FINITE_RETENTION,963894240,3765212,0,50052235,31648224,2856000,0,True,True
flickr_deepres8_w128_s17,independent_A0,EVENT_ONLY,128,FINITE_RETENTION,963894240,3765212,0,50052235,31648224,2856000,0,True,True
flickr_deepres8_w128_s17,independent_A2,A2_ONLY,128,FINITE_RETENTION,969929120,3824597,9167424,50052235,31648224,2856000,178036,True,True
flickr_deepres8_w128_s17,fixed_anchor_XOR_without_A2,XOR_NO_A2,128,FINITE_RETENTION,954443040,3729713,363200,50052235,31648224,2856000,78990,True,True
flickr_deepres8_w128_s17,forced_delta,FORCED_XORFLOW,128,FINITE_RETENTION,957220640,3758407,4931264,50052235,31648224,2856000,167212,True,True
flickr_deepres8_w128_s17,complete_XORFLOW_serial,FULL_ONLINE_SERIAL,128,FINITE_RETENTION,957220640,3758407,4931264,50052235,31648224,2856000,167212,True,True
flickr_deepres8_w128_s17,complete_XORFLOW_event,FULL_ONLINE_EVENT,128,FINITE_RETENTION,957220640,3758407,4931264,50052235,31648224,2856000,167212,True,True
flickr_deepres8_w128_s17,generic_XOR_RLE,GENERIC_XOR_RLE,128,FINITE_RETENTION,957815072,3761503,5129408,50052235,31648224,2856000,175405,True,True
flickr_deepres8_w128_s17,pair_oracle_non_deployable,PAIR_ORACLE_UPPER_BOUND,128,FINITE_RETENTION,957220640,3758407,4931264,50052235,31648224,2856000,167212,False,True
flickr_deepres8_w128_s27,optimized_BEICSR,BEICSR_OPT,128,FINITE_RETENTION,963894240,3765212,0,52046461,31648224,2856000,0,True,True
flickr_deepres8_w128_s27,independent_A0,EVENT_ONLY,128,FINITE_RETENTION,963894240,3765212,0,52046461,31648224,2856000,0,True,True
flickr_deepres8_w128_s27,independent_A2,A2_ONLY,128,FINITE_RETENTION,991322464,3910722,9822016,52046461,31648224,2856000,174187,True,True
flickr_deepres8_w128_s27,fixed_anchor_XOR_without_A2,XOR_NO_A2,128,FINITE_RETENTION,963952160,3766853,361856,52046461,31648224,2856000,81752,True,True
flickr_deepres8_w128_s27,forced_delta,FORCED_XORFLOW,128,FINITE_RETENTION,977643232,3839475,5262272,52046461,31648224,2856000,169623,True,True
flickr_deepres8_w128_s27,complete_XORFLOW_serial,FULL_ONLINE_SERIAL,128,FINITE_RETENTION,977643232,3839475,5262272,52046461,31648224,2856000,169623,True,True
flickr_deepres8_w128_s27,complete_XORFLOW_event,FULL_ONLINE_EVENT,128,FINITE_RETENTION,977643232,3839475,5262272,52046461,31648224,2856000,169623,True,True
flickr_deepres8_w128_s27,generic_XOR_RLE,GENERIC_XOR_RLE,128,FINITE_RETENTION,978206560,3842410,5450048,52046461,31648224,2856000,173495,True,True
flickr_deepres8_w128_s27,pair_oracle_non_deployable,PAIR_ORACLE_UPPER_BOUND,128,FINITE_RETENTION,977643232,3839475,5262272,52046461,31648224,2856000,169623,False,True
flickr_deepres8_w128_s7,optimized_BEICSR,BEICSR_OPT,128,FINITE_RETENTION,963894240,3765212,0,46791738,31648224,2856000,0,True,True
flickr_deepres8_w128_s7,independent_A0,EVENT_ONLY,128,FINITE_RETENTION,963894240,3765212,0,46791738,31648224,2856000,0,True,True
flickr_deepres8_w128_s7,independent_A2,A2_ONLY,128,FINITE_RETENTION,915809888,3614514,9505472,46791738,31648224,2856000,174943,True,True
flickr_deepres8_w128_s7,fixed_anchor_XOR_without_A2,XOR_NO_A2,128,FINITE_RETENTION,926525344,3620670,365952,46791738,31648224,2856000,78850,True,True
flickr_deepres8_w128_s7,forced_delta,FORCED_XORFLOW,128,FINITE_RETENTION,902564320,3545546,5095360,46791738,31648224,2856000,166079,True,True
flickr_deepres8_w128_s7,complete_XORFLOW_serial,FULL_ONLINE_SERIAL,128,FINITE_RETENTION,902564320,3545546,5095360,46791738,31648224,2856000,166079,True,True
flickr_deepres8_w128_s7,complete_XORFLOW_event,FULL_ONLINE_EVENT,128,FINITE_RETENTION,902564320,3545546,5095360,46791738,31648224,2856000,166079,True,True
flickr_deepres8_w128_s7,generic_XOR_RLE,GENERIC_XOR_RLE,128,FINITE_RETENTION,903174496,3548725,5298752,46791738,31648224,2856000,176085,True,True
flickr_deepres8_w128_s7,pair_oracle_non_deployable,PAIR_ORACLE_UPPER_BOUND,128,FINITE_RETENTION,902564320,3545546,5095360,46791738,31648224,2856000,166079,False,True
flickr_gin8_w128_s7_overnight,optimized_BEICSR,BEICSR_OPT,128,FINITE_RETENTION,458677216,1791708,0,2538771,31648224,2856000,0,True,True
flickr_gin8_w128_s7_overnight,independent_A0,EVENT_ONLY,128,FINITE_RETENTION,463214560,1815340,1512448,2538771,31648224,2856000,144549,True,True
flickr_gin8_w128_s7_overnight,independent_A2,A2_ONLY,128,FINITE_RETENTION,462722464,1812778,1348416,2538771,31648224,2856000,165823,True,True
flickr_gin8_w128_s7_overnight,fixed_anchor_XOR_without_A2,XOR_NO_A2,128,FINITE_RETENTION,460326688,1800300,549824,2538771,31648224,2856000,180161,True,True
flickr_gin8_w128_s7_overnight,forced_delta,FORCED_XORFLOW,128,FINITE_RETENTION,465282784,1826112,2201856,2538771,31648224,2856000,241402,True,True
flickr_gin8_w128_s7_overnight,complete_XORFLOW_serial,FULL_ONLINE_SERIAL,128,FINITE_RETENTION,460864864,1803103,729216,2538771,31648224,2856000,200251,True,True
flickr_gin8_w128_s7_overnight,complete_XORFLOW_event,FULL_ONLINE_EVENT,128,FINITE_RETENTION,460864864,1803103,729216,2538771,31648224,2856000,200251,True,True
flickr_gin8_w128_s7_overnight,generic_XOR_RLE,GENERIC_XOR_RLE,128,FINITE_RETENTION,460886752,1803216,736512,2538771,31648224,2856000,197471,True,True
flickr_gin8_w128_s7_overnight,pair_oracle_non_deployable,PAIR_ORACLE_UPPER_BOUND,128,FINITE_RETENTION,465282784,1826112,2201856,2538771,31648224,2856000,241402,False,True
flickr_graphsage8_w128_s7_overnight,optimized_BEICSR,BEICSR_OPT,128,FINITE_RETENTION,458677216,1791708,0,23230917,31648224,2856000,0,True,True
flickr_graphsage8_w128_s7_overnight,independent_A0,EVENT_ONLY,128,FINITE_RETENTION,458677216,1791708,0,23230917,31648224,2856000,0,True,True
flickr_graphsage8_w128_s7_overnight,independent_A2,A2_ONLY,128,FINITE_RETENTION,465656416,1828059,2326400,23230917,31648224,2856000,179360,True,True
flickr_graphsage8_w128_s7_overnight,fixed_anchor_XOR_without_A2,XOR_NO_A2,128,FINITE_RETENTION,458677216,1791708,0,23230917,31648224,2856000,0,True,True
flickr_graphsage8_w128_s7_overnight,forced_delta,FORCED_XORFLOW,128,FINITE_RETENTION,480318688,1904424,7213824,23230917,31648224,2856000,247439,True,True
flickr_graphsage8_w128_s7_overnight,complete_XORFLOW_serial,FULL_ONLINE_SERIAL,128,FINITE_RETENTION,462647008,1812384,1323264,23230917,31648224,2856000,82835,True,True
flickr_graphsage8_w128_s7_overnight,complete_XORFLOW_event,FULL_ONLINE_EVENT,128,FINITE_RETENTION,462647008,1812384,1323264,23230917,31648224,2856000,82835,True,True
flickr_graphsage8_w128_s7_overnight,generic_XOR_RLE,GENERIC_XOR_RLE,128,FINITE_RETENTION,462647008,1812384,1323264,23230917,31648224,2856000,82835,True,True
flickr_graphsage8_w128_s7_overnight,pair_oracle_non_deployable,PAIR_ORACLE_UPPER_BOUND,128,FINITE_RETENTION,480318688,1904424,7213824,23230917,31648224,2856000,247439,False,True
ogbn_arxiv_deepres16_w128_s7,optimized_BEICSR,BEICSR_OPT,128,FINITE_RETENTION,4827410432,18857072,0,165897284,159036288,10837952,0,True,True
ogbn_arxiv_deepres16_w128_s7,independent_A0,EVENT_ONLY,128,FINITE_RETENTION,4827410432,18857072,0,165897284,159036288,10837952,0,True,True
ogbn_arxiv_deepres16_w128_s7,independent_A2,A2_ONLY,128,FINITE_RETENTION,4360781120,17060612,6735232,165897284,159036288,10837952,104398,True,True
ogbn_arxiv_deepres16_w128_s7,fixed_anchor_XOR_without_A2,XOR_NO_A2,128,FINITE_RETENTION,4118113920,16119256,8415488,165897284,159036288,10837952,331120,True,True
ogbn_arxiv_deepres16_w128_s7,forced_delta,FORCED_XORFLOW,128,FINITE_RETENTION,3509669952,13832938,31561856,165897284,159036288,10837952,664409,True,True
ogbn_arxiv_deepres16_w128_s7,complete_XORFLOW_serial,FULL_ONLINE_SERIAL,128,FINITE_RETENTION,3903444928,15292845,11523264,165897284,159036288,10837952,378305,True,True
ogbn_arxiv_deepres16_w128_s7,complete_XORFLOW_event,FULL_ONLINE_EVENT,128,FINITE_RETENTION,3903444928,15292845,11523264,165897284,159036288,10837952,378305,True,True
ogbn_arxiv_deepres16_w128_s7,generic_XOR_RLE,GENERIC_XOR_RLE,128,FINITE_RETENTION,3945799360,15463954,12972608,165897284,159036288,10837952,316464,True,True
ogbn_arxiv_deepres16_w128_s7,pair_oracle_non_deployable,PAIR_ORACLE_UPPER_BOUND,128,FINITE_RETENTION,3514357696,13847443,30587456,165897284,159036288,10837952,649053,False,True
ogbn_arxiv_deepres4_w128_s7,optimized_BEICSR,BEICSR_OPT,128,FINITE_RETENTION,1207439328,4716560,0,42595683,39759072,2709488,0,True,True
ogbn_arxiv_deepres4_w128_s7,independent_A0,EVENT_ONLY,128,FINITE_RETENTION,1207439328,4716560,0,42595683,39759072,2709488,0,True,True
ogbn_arxiv_deepres4_w128_s7,independent_A2,A2_ONLY,128,FINITE_RETENTION,1198021088,4680765,254528,42595683,39759072,2709488,3411,True,True
ogbn_arxiv_deepres4_w128_s7,fixed_anchor_XOR_without_A2,XOR_NO_A2,128,FINITE_RETENTION,1134807520,4444473,2977408,42595683,39759072,2709488,55571,True,True
ogbn_arxiv_deepres4_w128_s7,forced_delta,FORCED_XORFLOW,128,FINITE_RETENTION,1040234400,4105099,10670656,42595683,39759072,2709488,185336,True,True
ogbn_arxiv_deepres4_w128_s7,complete_XORFLOW_serial,FULL_ONLINE_SERIAL,128,FINITE_RETENTION,1132362144,4435265,3065408,42595683,39759072,2709488,56692,True,True
ogbn_arxiv_deepres4_w128_s7,complete_XORFLOW_event,FULL_ONLINE_EVENT,128,FINITE_RETENTION,1132362144,4435265,3065408,42595683,39759072,2709488,56692,True,True
ogbn_arxiv_deepres4_w128_s7,generic_XOR_RLE,GENERIC_XOR_RLE,128,FINITE_RETENTION,1204454048,4705748,217216,42595683,39759072,2709488,3289,True,True
ogbn_arxiv_deepres4_w128_s7,pair_oracle_non_deployable,PAIR_ORACLE_UPPER_BOUND,128,FINITE_RETENTION,1092851616,4293063,6172288,42595683,39759072,2709488,98627,False,True
ogbn_arxiv_deepres8_w128_s17,optimized_BEICSR,BEICSR_OPT,128,FINITE_RETENTION,2414727872,9432531,0,87152854,79518144,5418976,0,True,True
ogbn_arxiv_deepres8_w128_s17,independent_A0,EVENT_ONLY,128,FINITE_RETENTION,2414727872,9432531,0,87152854,79518144,5418976,0,True,True
ogbn_arxiv_deepres8_w128_s17,independent_A2,A2_ONLY,128,FINITE_RETENTION,2332178624,9114963,1251840,87152854,79518144,5418976,18251,True,True
ogbn_arxiv_deepres8_w128_s17,fixed_anchor_XOR_without_A2,XOR_NO_A2,128,FINITE_RETENTION,2199654784,8615801,5990080,87152854,79518144,5418976,154316,True,True
ogbn_arxiv_deepres8_w128_s17,forced_delta,FORCED_XORFLOW,128,FINITE_RETENTION,2046840576,8068083,18588608,87152854,79518144,5418976,342029,True,True
ogbn_arxiv_deepres8_w128_s17,complete_XORFLOW_serial,FULL_ONLINE_SERIAL,128,FINITE_RETENTION,2170413376,8503463,6472832,87152854,79518144,5418976,160847,True,True
ogbn_arxiv_deepres8_w128_s17,complete_XORFLOW_event,FULL_ONLINE_EVENT,128,FINITE_RETENTION,2170413376,8503463,6472832,87152854,79518144,5418976,160847,True,True
ogbn_arxiv_deepres8_w128_s17,generic_XOR_RLE,GENERIC_XOR_RLE,128,FINITE_RETENTION,2219548544,8691128,5379904,87152854,79518144,5418976,93364,True,True
ogbn_arxiv_deepres8_w128_s17,pair_oracle_non_deployable,PAIR_ORACLE_UPPER_BOUND,128,FINITE_RETENTION,2046405440,8055506,15803776,87152854,79518144,5418976,291505,False,True
ogbn_arxiv_deepres8_w128_s27,optimized_BEICSR,BEICSR_OPT,128,FINITE_RETENTION,2414975296,9433498,0,85366300,79518144,5418976,0,True,True
ogbn_arxiv_deepres8_w128_s27,independent_A0,EVENT_ONLY,128,FINITE_RETENTION,2414975296,9433498,0,85366300,79518144,5418976,0,True,True
ogbn_arxiv_deepres8_w128_s27,independent_A2,A2_ONLY,128,FINITE_RETENTION,2310459200,9031010,1479104,85366300,79518144,5418976,22703,True,True
ogbn_arxiv_deepres8_w128_s27,fixed_anchor_XOR_without_A2,XOR_NO_A2,128,FINITE_RETENTION,2166275264,8485947,6127040,85366300,79518144,5418976,152381,True,True
ogbn_arxiv_deepres8_w128_s27,forced_delta,FORCED_XORFLOW,128,FINITE_RETENTION,1974049792,7784421,18761792,85366300,79518144,5418976,342172,True,True
ogbn_arxiv_deepres8_w128_s27,complete_XORFLOW_serial,FULL_ONLINE_SERIAL,128,FINITE_RETENTION,2126091264,8331195,6694592,85366300,79518144,5418976,161398,True,True
ogbn_arxiv_deepres8_w128_s27,complete_XORFLOW_event,FULL_ONLINE_EVENT,128,FINITE_RETENTION,2126091264,8331195,6694592,85366300,79518144,5418976,161398,True,True
ogbn_arxiv_deepres8_w128_s27,generic_XOR_RLE,GENERIC_XOR_RLE,128,FINITE_RETENTION,2213285568,8664527,4833088,85366300,79518144,5418976,84146,True,True
ogbn_arxiv_deepres8_w128_s27,pair_oracle_non_deployable,PAIR_ORACLE_UPPER_BOUND,128,FINITE_RETENTION,1985114176,7816432,15892032,85366300,79518144,5418976,289675,False,True
ogbn_arxiv_deepres8_w128_s7,optimized_BEICSR,BEICSR_OPT,128,FINITE_RETENTION,2414951488,9433405,0,86703207,79518144,5418976,0,True,True
ogbn_arxiv_deepres8_w128_s7,independent_A0,EVENT_ONLY,128,FINITE_RETENTION,2414951488,9433405,0,86703207,79518144,5418976,0,True,True
ogbn_arxiv_deepres8_w128_s7,independent_A2,A2_ONLY,128,FINITE_RETENTION,2354124928,9200911,1307968,86703207,79518144,5418976,19716,True,True
ogbn_arxiv_deepres8_w128_s7,fixed_anchor_XOR_without_A2,XOR_NO_A2,128,FINITE_RETENTION,2189181440,8575947,6260928,86703207,79518144,5418976,166463,True,True
ogbn_arxiv_deepres8_w128_s7,forced_delta,FORCED_XORFLOW,128,FINITE_RETENTION,2020014912,7961506,18130240,86703207,79518144,5418976,333079,True,True
ogbn_arxiv_deepres8_w128_s7,complete_XORFLOW_serial,FULL_ONLINE_SERIAL,128,FINITE_RETENTION,2165409280,8485110,6778688,86703207,79518144,5418976,173603,True,True
ogbn_arxiv_deepres8_w128_s7,complete_XORFLOW_event,FULL_ONLINE_EVENT,128,FINITE_RETENTION,2165409280,8485110,6778688,86703207,79518144,5418976,173603,True,True
ogbn_arxiv_deepres8_w128_s7,generic_XOR_RLE,GENERIC_XOR_RLE,128,FINITE_RETENTION,2228385920,8726274,5540032,86703207,79518144,5418976,102198,True,True
ogbn_arxiv_deepres8_w128_s7,pair_oracle_non_deployable,PAIR_ORACLE_UPPER_BOUND,128,FINITE_RETENTION,2024510144,7975208,17143040,86703207,79518144,5418976,317473,False,True
ogbn_arxiv_deepres8_w256_s7,optimized_BEICSR,BEICSR_OPT,256,FINITE_RETENTION,3678449984,14368946,0,165115860,79518144,5418976,0,True,True
ogbn_arxiv_deepres8_w256_s7,independent_A0,EVENT_ONLY,256,FINITE_RETENTION,3678449984,14368946,0,165115860,79518144,5418976,0,True,True
ogbn_arxiv_deepres8_w256_s7,independent_A2,A2_ONLY,256,FINITE_RETENTION,3570661056,13958490,2712320,165115860,79518144,5418976,20257,True,True
ogbn_arxiv_deepres8_w256_s7,fixed_anchor_XOR_without_A2,XOR_NO_A2,256,FINITE_RETENTION,3282081728,12863479,10968640,165115860,79518144,5418976,155283,True,True
ogbn_arxiv_deepres8_w256_s7,forced_delta,FORCED_XORFLOW,256,FINITE_RETENTION,2965360192,11720265,35027392,165115860,79518144,5418976,262896,True,True
ogbn_arxiv_deepres8_w256_s7,complete_XORFLOW_serial,FULL_ONLINE_SERIAL,256,FINITE_RETENTION,3243120896,12715159,11959680,165115860,79518144,5418976,162591,True,True
ogbn_arxiv_deepres8_w256_s7,complete_XORFLOW_event,FULL_ONLINE_EVENT,256,FINITE_RETENTION,3243120896,12715159,11959680,165115860,79518144,5418976,162591,True,True
ogbn_arxiv_deepres8_w256_s7,generic_XOR_RLE,GENERIC_XOR_RLE,256,FINITE_RETENTION,3357545408,13154700,10057728,165115860,79518144,5418976,100134,True,True
ogbn_arxiv_deepres8_w256_s7,pair_oracle_non_deployable,PAIR_ORACLE_UPPER_BOUND,256,FINITE_RETENTION,2979155520,11757097,30660992,165115860,79518144,5418976,229978,False,True
ogbn_arxiv_deepres8_w64_s7,optimized_BEICSR,BEICSR_OPT,64,FINITE_RETENTION,1247305152,4872286,0,42534361,79518144,5418976,0,True,True
ogbn_arxiv_deepres8_w64_s7,independent_A0,EVENT_ONLY,64,FINITE_RETENTION,1247305152,4872286,0,42534361,79518144,5418976,0,True,True
ogbn_arxiv_deepres8_w64_s7,independent_A2,A2_ONLY,64,FINITE_RETENTION,1249248576,4882409,647808,42534361,79518144,5418976,19029,True,True
ogbn_arxiv_deepres8_w64_s7,fixed_anchor_XOR_without_A2,XOR_NO_A2,64,FINITE_RETENTION,1257331008,4924505,3341952,42534361,79518144,5418976,153736,True,True
ogbn_arxiv_deepres8_w64_s7,forced_delta,FORCED_XORFLOW,64,FINITE_RETENTION,1277526144,5029688,10073664,42534361,79518144,5418976,391852,True,True
ogbn_arxiv_deepres8_w64_s7,complete_XORFLOW_serial,FULL_ONLINE_SERIAL,64,FINITE_RETENTION,1258062528,4928314,3585792,42534361,79518144,5418976,160990,True,True
ogbn_arxiv_deepres8_w64_s7,complete_XORFLOW_event,FULL_ONLINE_EVENT,64,FINITE_RETENTION,1258062528,4928314,3585792,42534361,79518144,5418976,160990,True,True
ogbn_arxiv_deepres8_w64_s7,generic_XOR_RLE,GENERIC_XOR_RLE,64,FINITE_RETENTION,1253401728,4904040,2032192,42534361,79518144,5418976,60930,True,True
ogbn_arxiv_deepres8_w64_s7,pair_oracle_non_deployable,PAIR_ORACLE_UPPER_BOUND,64,FINITE_RETENTION,1271594496,4998793,8096448,42534361,79518144,5418976,313751,False,True
ogbn_arxiv_gin8_residual_w128_s7,optimized_BEICSR,BEICSR_OPT,128,FINITE_RETENTION,1731869760,6765117,0,52793721,79518144,5418976,0,True,True
ogbn_arxiv_gin8_residual_w128_s7,independent_A0,EVENT_ONLY,128,FINITE_RETENTION,1730933248,6766449,1277632,52793721,79518144,5418976,18617,True,True
ogbn_arxiv_gin8_residual_w128_s7,independent_A2,A2_ONLY,128,FINITE_RETENTION,1236435904,4877469,12195968,52793721,79518144,5418976,333145,True,True
ogbn_arxiv_gin8_residual_w128_s7,fixed_anchor_XOR_without_A2,XOR_NO_A2,128,FINITE_RETENTION,1732934208,6771837,655680,52793721,79518144,5418976,9018,True,True
ogbn_arxiv_gin8_residual_w128_s7,forced_delta,FORCED_XORFLOW,128,FINITE_RETENTION,1250112576,4950128,17119808,52793721,79518144,5418976,474008,True,True
ogbn_arxiv_gin8_residual_w128_s7,complete_XORFLOW_serial,FULL_ONLINE_SERIAL,128,FINITE_RETENTION,1489001216,5840806,6245120,52793721,79518144,5418976,170652,True,True
ogbn_arxiv_gin8_residual_w128_s7,complete_XORFLOW_event,FULL_ONLINE_EVENT,128,FINITE_RETENTION,1489001216,5840806,6245120,52793721,79518144,5418976,170652,True,True
ogbn_arxiv_gin8_residual_w128_s7,generic_XOR_RLE,GENERIC_XOR_RLE,128,FINITE_RETENTION,1488116672,5836166,5941696,52793721,79518144,5418976,166043,True,True
ogbn_arxiv_gin8_residual_w128_s7,pair_oracle_non_deployable,PAIR_ORACLE_UPPER_BOUND,128,FINITE_RETENTION,1251373760,4954772,17047808,52793721,79518144,5418976,472312,False,True
ogbn_arxiv_gin8_w128_s7,optimized_BEICSR,BEICSR_OPT,128,FINITE_RETENTION,1161651648,4537702,0,9747218,79518144,5418976,0,True,True
ogbn_arxiv_gin8_w128_s7,independent_A0,EVENT_ONLY,128,FINITE_RETENTION,1177492224,4620205,5280192,9747218,79518144,5418976,266005,True,True
ogbn_arxiv_gin8_w128_s7,independent_A2,A2_ONLY,128,FINITE_RETENTION,1172894016,4596257,3747456,9747218,79518144,5418976,324215,True,True
ogbn_arxiv_gin8_w128_s7,fixed_anchor_XOR_without_A2,XOR_NO_A2,128,FINITE_RETENTION,1170797952,4585340,3048768,9747218,79518144,5418976,285160,True,True
ogbn_arxiv_gin8_w128_s7,forced_delta,FORCED_XORFLOW,128,FINITE_RETENTION,1183272768,4650313,7207040,9747218,79518144,5418976,450568,True,True
ogbn_arxiv_gin8_w128_s7,complete_XORFLOW_serial,FULL_ONLINE_SERIAL,128,FINITE_RETENTION,1170030912,4581345,2793088,9747218,79518144,5418976,327349,True,True
ogbn_arxiv_gin8_w128_s7,complete_XORFLOW_event,FULL_ONLINE_EVENT,128,FINITE_RETENTION,1170030912,4581345,2793088,9747218,79518144,5418976,327349,True,True
ogbn_arxiv_gin8_w128_s7,generic_XOR_RLE,GENERIC_XOR_RLE,128,FINITE_RETENTION,1169050176,4576237,2466176,9747218,79518144,5418976,315659,True,True
ogbn_arxiv_gin8_w128_s7,pair_oracle_non_deployable,PAIR_ORACLE_UPPER_BOUND,128,FINITE_RETENTION,1183272768,4650313,7207040,9747218,79518144,5418976,450568,False,True
ogbn_arxiv_graphsage8_residual_w128_s7,optimized_BEICSR,BEICSR_OPT,128,FINITE_RETENTION,2120237632,8282179,0,67259631,79518144,5418976,0,True,True
ogbn_arxiv_graphsage8_residual_w128_s7,independent_A0,EVENT_ONLY,128,FINITE_RETENTION,2120237632,8282179,0,67259631,79518144,5418976,0,True,True
ogbn_arxiv_graphsage8_residual_w128_s7,independent_A2,A2_ONLY,128,FINITE_RETENTION,1290762496,5104184,15908544,67259631,79518144,5418976,313314,True,True
ogbn_arxiv_graphsage8_residual_w128_s7,fixed_anchor_XOR_without_A2,XOR_NO_A2,128,FINITE_RETENTION,2120237632,8282179,0,67259631,79518144,5418976,0,True,True
ogbn_arxiv_graphsage8_residual_w128_s7,forced_delta,FORCED_XORFLOW,128,FINITE_RETENTION,1268025792,5030266,19722112,67259631,79518144,5418976,477686,True,True
ogbn_arxiv_graphsage8_residual_w128_s7,complete_XORFLOW_serial,FULL_ONLINE_SERIAL,128,FINITE_RETENTION,1685024448,6614000,8159296,67259631,79518144,5418976,158638,True,True
ogbn_arxiv_graphsage8_residual_w128_s7,complete_XORFLOW_event,FULL_ONLINE_EVENT,128,FINITE_RETENTION,1685024448,6614000,8159296,67259631,79518144,5418976,158638,True,True
ogbn_arxiv_graphsage8_residual_w128_s7,generic_XOR_RLE,GENERIC_XOR_RLE,128,FINITE_RETENTION,1685024448,6614000,8159296,67259631,79518144,5418976,158638,True,True
ogbn_arxiv_graphsage8_residual_w128_s7,pair_oracle_non_deployable,PAIR_ORACLE_UPPER_BOUND,128,FINITE_RETENTION,1286505920,5099337,18924224,67259631,79518144,5418976,459458,False,True
ogbn_arxiv_graphsage8_w128_s7,optimized_BEICSR,BEICSR_OPT,128,FINITE_RETENTION,1514321152,5915317,0,47849436,79518144,5418976,0,True,True
ogbn_arxiv_graphsage8_w128_s7,independent_A0,EVENT_ONLY,128,FINITE_RETENTION,1518161088,5947028,4277952,47849436,79518144,5418976,75386,True,True
ogbn_arxiv_graphsage8_w128_s7,independent_A2,A2_ONLY,128,FINITE_RETENTION,1310097984,5153844,9285888,47849436,79518144,5418976,332851,True,True
ogbn_arxiv_graphsage8_w128_s7,fixed_anchor_XOR_without_A2,XOR_NO_A2,128,FINITE_RETENTION,1521459008,5952499,2380480,47849436,79518144,5418976,37872,True,True
ogbn_arxiv_graphsage8_w128_s7,forced_delta,FORCED_XORFLOW,128,FINITE_RETENTION,1328711552,5250809,15495424,47849436,79518144,5418976,479086,True,True
ogbn_arxiv_graphsage8_w128_s7,complete_XORFLOW_serial,FULL_ONLINE_SERIAL,128,FINITE_RETENTION,1414390912,5541836,4318976,47849436,79518144,5418976,167046,True,True
ogbn_arxiv_graphsage8_w128_s7,complete_XORFLOW_event,FULL_ONLINE_EVENT,128,FINITE_RETENTION,1414390912,5541836,4318976,47849436,79518144,5418976,167046,True,True
ogbn_arxiv_graphsage8_w128_s7,generic_XOR_RLE,GENERIC_XOR_RLE,128,FINITE_RETENTION,1414390912,5541836,4318976,47849436,79518144,5418976,167046,True,True
ogbn_arxiv_graphsage8_w128_s7,pair_oracle_non_deployable,PAIR_ORACLE_UPPER_BOUND,128,FINITE_RETENTION,1328711552,5250809,15495424,47849436,79518144,5418976,479086,False,True
pubmed_gcnii16,optimized_BEICSR,BEICSR_OPT,64,FINITE_RETENTION,110455552,431467,0,13151436,6935424,1261888,0,True,True
pubmed_gcnii16,independent_A0,EVENT_ONLY,64,FINITE_RETENTION,110455552,431467,0,13151436,6935424,1261888,0,True,True
pubmed_gcnii16,independent_A2,A2_ONLY,64,FINITE_RETENTION,105203584,418322,1886592,13151436,6935424,1261888,73913,True,True
pubmed_gcnii16,fixed_anchor_XOR_without_A2,XOR_NO_A2,64,FINITE_RETENTION,106520448,417328,315328,13151436,6935424,1261888,37136,True,True
pubmed_gcnii16,forced_delta,FORCED_XORFLOW,64,FINITE_RETENTION,103394432,409286,1382592,13151436,6935424,1261888,79822,True,True
pubmed_gcnii16,complete_XORFLOW_serial,FULL_ONLINE_SERIAL,64,FINITE_RETENTION,103636544,409770,1264384,13151436,6935424,1261888,74204,True,True
pubmed_gcnii16,complete_XORFLOW_event,FULL_ONLINE_EVENT,64,FINITE_RETENTION,103636544,409770,1264384,13151436,6935424,1261888,74204,True,True
pubmed_gcnii16,generic_XOR_RLE,GENERIC_XOR_RLE,64,FINITE_RETENTION,104272448,412643,1363968,13151436,6935424,1261888,70869,True,True
pubmed_gcnii16,pair_oracle_non_deployable,PAIR_ORACLE_UPPER_BOUND,64,FINITE_RETENTION,103394432,409286,1382592,13151436,6935424,1261888,79822,False,True
pubmed_gin8_w128_s7_overnight,optimized_BEICSR,BEICSR_OPT,128,FINITE_RETENTION,45047552,175967,0,4812634,3467712,630944,0,True,True
pubmed_gin8_w128_s7_overnight,independent_A0,EVENT_ONLY,128,FINITE_RETENTION,45738368,179566,230272,4812634,3467712,630944,4792,True,True
pubmed_gin8_w128_s7_overnight,independent_A2,A2_ONLY,128,FINITE_RETENTION,41826944,167221,981504,4812634,3467712,630944,40033,True,True
pubmed_gin8_w128_s7_overnight,fixed_anchor_XOR_without_A2,XOR_NO_A2,128,FINITE_RETENTION,45707648,179406,220032,4812634,3467712,630944,4692,True,True
pubmed_gin8_w128_s7_overnight,forced_delta,FORCED_XORFLOW,128,FINITE_RETENTION,44106752,179095,1741440,4812634,3467712,630944,56142,True,True
pubmed_gin8_w128_s7_overnight,complete_XORFLOW_serial,FULL_ONLINE_SERIAL,128,FINITE_RETENTION,46367360,182842,439936,4812634,3467712,630944,19622,True,True
pubmed_gin8_w128_s7_overnight,complete_XORFLOW_event,FULL_ONLINE_EVENT,128,FINITE_RETENTION,46367360,182842,439936,4812634,3467712,630944,19622,True,True
pubmed_gin8_w128_s7_overnight,generic_XOR_RLE,GENERIC_XOR_RLE,128,FINITE_RETENTION,46367360,182842,439936,4812634,3467712,630944,19622,True,True
pubmed_gin8_w128_s7_overnight,pair_oracle_non_deployable,PAIR_ORACLE_UPPER_BOUND,128,FINITE_RETENTION,44106752,179095,1741440,4812634,3467712,630944,56142,False,True
pubmed_graphsage8_w128_s7_overnight,optimized_BEICSR,BEICSR_OPT,128,FINITE_RETENTION,65290432,255041,0,7492424,3467712,630944,0,True,True
pubmed_graphsage8_w128_s7_overnight,independent_A0,EVENT_ONLY,128,FINITE_RETENTION,65290432,255041,0,7492424,3467712,630944,0,True,True
pubmed_graphsage8_w128_s7_overnight,independent_A2,A2_ONLY,128,FINITE_RETENTION,59658688,234308,324032,7492424,3467712,630944,36511,True,True
pubmed_graphsage8_w128_s7_overnight,fixed_anchor_XOR_without_A2,XOR_NO_A2,128,FINITE_RETENTION,65290432,255041,0,7492424,3467712,630944,0,True,True
pubmed_graphsage8_w128_s7_overnight,forced_delta,FORCED_XORFLOW,128,FINITE_RETENTION,63077248,252113,1463552,7492424,3467712,630944,54791,True,True
pubmed_graphsage8_w128_s7_overnight,complete_XORFLOW_serial,FULL_ONLINE_SERIAL,128,FINITE_RETENTION,65776576,257573,162048,7492424,3467712,630944,18271,True,True
pubmed_graphsage8_w128_s7_overnight,complete_XORFLOW_event,FULL_ONLINE_EVENT,128,FINITE_RETENTION,65776576,257573,162048,7492424,3467712,630944,18271,True,True
pubmed_graphsage8_w128_s7_overnight,generic_XOR_RLE,GENERIC_XOR_RLE,128,FINITE_RETENTION,65776576,257573,162048,7492424,3467712,630944,18271,True,True
pubmed_graphsage8_w128_s7_overnight,pair_oracle_non_deployable,PAIR_ORACLE_UPPER_BOUND,128,FINITE_RETENTION,63077248,252113,1463552,7492424,3467712,630944,54791,False,True
reddit_deepres8_w128_s17_native,optimized_BEICSR,BEICSR_OPT,128,FINITE_RETENTION,116042013760,453289117,0,120820670,3675163456,7454880,0,True,True
reddit_deepres8_w128_s17_native,independent_A0,EVENT_ONLY,128,FINITE_RETENTION,116042013760,453289117,0,120820670,3675163456,7454880,0,True,True
reddit_deepres8_w128_s17_native,independent_A2,A2_ONLY,128,FINITE_RETENTION,112916184576,441088561,2486848,120820670,3675163456,7454880,38666,True,True
reddit_deepres8_w128_s17_native,fixed_anchor_XOR_without_A2,XOR_NO_A2,128,FINITE_RETENTION,105731217664,413032456,5090880,120820670,3675163456,7454880,230784,True,True
reddit_deepres8_w128_s17_native,forced_delta,FORCED_XORFLOW,128,FINITE_RETENTION,96764312448,378068208,21148480,120820670,3675163456,7454880,453633,True,True
reddit_deepres8_w128_s17_native,complete_XORFLOW_serial,FULL_ONLINE_SERIAL,128,FINITE_RETENTION,104463327360,408084102,6202624,120820670,3675163456,7454880,248427,True,True
reddit_deepres8_w128_s17_native,complete_XORFLOW_event,FULL_ONLINE_EVENT,128,FINITE_RETENTION,104463327360,408084102,6202624,120820670,3675163456,7454880,248427,True,True
reddit_deepres8_w128_s17_native,generic_XOR_RLE,GENERIC_XOR_RLE,128,FINITE_RETENTION,104740191936,409179147,9669440,120820670,3675163456,7454880,235316,True,True
reddit_deepres8_w128_s17_native,pair_oracle_non_deployable,PAIR_ORACLE_UPPER_BOUND,128,FINITE_RETENTION,96768788544,378085676,21144320,120820670,3675163456,7454880,453578,False,True
reddit_deepres8_w128_s27_native,optimized_BEICSR,BEICSR_OPT,128,FINITE_RETENTION,116045735744,453303656,0,124160649,3675163456,7454880,0,True,True
reddit_deepres8_w128_s27_native,independent_A0,EVENT_ONLY,128,FINITE_RETENTION,116045735744,453303656,0,124160649,3675163456,7454880,0,True,True
reddit_deepres8_w128_s27_native,independent_A2,A2_ONLY,128,FINITE_RETENTION,113615242880,443819933,2659712,124160649,3675163456,7454880,43174,True,True
reddit_deepres8_w128_s27_native,fixed_anchor_XOR_without_A2,XOR_NO_A2,128,FINITE_RETENTION,108209866048,422714197,4968128,124160649,3675163456,7454880,228797,True,True
reddit_deepres8_w128_s27_native,forced_delta,FORCED_XORFLOW,128,FINITE_RETENTION,101961904192,398370712,20997696,124160649,3675163456,7454880,452031,True,True
reddit_deepres8_w128_s27_native,complete_XORFLOW_serial,FULL_ONLINE_SERIAL,128,FINITE_RETENTION,107278495552,419080552,6125376,124160649,3675163456,7454880,247399,True,True
reddit_deepres8_w128_s27_native,complete_XORFLOW_event,FULL_ONLINE_EVENT,128,FINITE_RETENTION,107278495552,419080552,6125376,124160649,3675163456,7454880,247399,True,True
reddit_deepres8_w128_s27_native,generic_XOR_RLE,GENERIC_XOR_RLE,128,FINITE_RETENTION,107435534464,419707661,9626624,124160649,3675163456,7454880,241436,True,True
reddit_deepres8_w128_s27_native,pair_oracle_non_deployable,PAIR_ORACLE_UPPER_BOUND,128,FINITE_RETENTION,101961904192,398370712,20997696,124160649,3675163456,7454880,452031,False,True
reddit_deepres8_w128_s7_native,optimized_BEICSR,BEICSR_OPT,128,FINITE_RETENTION,113662280192,443993282,0,108633959,3675163456,7454880,0,True,True
reddit_deepres8_w128_s7_native,independent_A0,EVENT_ONLY,128,FINITE_RETENTION,113662280192,443993282,0,108633959,3675163456,7454880,0,True,True
reddit_deepres8_w128_s7_native,independent_A2,A2_ONLY,128,FINITE_RETENTION,100049969984,390847028,6868992,108633959,3675163456,7454880,122104,True,True
reddit_deepres8_w128_s7_native,fixed_anchor_XOR_without_A2,XOR_NO_A2,128,FINITE_RETENTION,94505215808,369190377,7520384,108633959,3675163456,7454880,227171,True,True
reddit_deepres8_w128_s7_native,forced_delta,FORCED_XORFLOW,128,FINITE_RETENTION,77105148096,301282007,23045504,108633959,3675163456,7454880,456102,True,True
reddit_deepres8_w128_s7_native,complete_XORFLOW_serial,FULL_ONLINE_SERIAL,128,FINITE_RETENTION,88862270848,347159097,10457664,108633959,3675163456,7454880,278880,True,True
reddit_deepres8_w128_s7_native,complete_XORFLOW_event,FULL_ONLINE_EVENT,128,FINITE_RETENTION,88862270848,347159097,10457664,108633959,3675163456,7454880,278880,True,True
reddit_deepres8_w128_s7_native,generic_XOR_RLE,GENERIC_XOR_RLE,128,FINITE_RETENTION,96941868160,378720504,10580608,108633959,3675163456,7454880,204992,True,True
reddit_deepres8_w128_s7_native,pair_oracle_non_deployable,PAIR_ORACLE_UPPER_BOUND,128,FINITE_RETENTION,78147954304,305353091,22436864,108633959,3675163456,7454880,445536,False,True
yelp_deepres8_w128_s7_balanced_fallback,optimized_BEICSR,BEICSR_OPT,128,FINITE_RETENTION,15219939616,59452890,0,372702913,469493344,22939104,0,True,True
yelp_deepres8_w128_s7_balanced_fallback,independent_A0,EVENT_ONLY,128,FINITE_RETENTION,15219939616,59452890,0,372702913,469493344,22939104,0,True,True
yelp_deepres8_w128_s7_balanced_fallback,independent_A2,A2_ONLY,128,FINITE_RETENTION,14929588000,58356622,9707008,372702913,469493344,22939104,140646,True,True
yelp_deepres8_w128_s7_balanced_fallback,fixed_anchor_XOR_without_A2,XOR_NO_A2,128,FINITE_RETENTION,14576855456,56959687,4824320,372702913,469493344,22939104,661115,True,True
yelp_deepres8_w128_s7_balanced_fallback,forced_delta,FORCED_XORFLOW,128,FINITE_RETENTION,14144444960,55462148,53864576,372702913,469493344,22939104,1390627,True,True
yelp_deepres8_w128_s7_balanced_fallback,complete_XORFLOW_serial,FULL_ONLINE_SERIAL,128,FINITE_RETENTION,14443023712,56456133,9746176,372702913,469493344,22939104,732406,True,True
yelp_deepres8_w128_s7_balanced_fallback,complete_XORFLOW_event,FULL_ONLINE_EVENT,128,FINITE_RETENTION,14443023712,56456133,9746176,372702913,469493344,22939104,732406,True,True
yelp_deepres8_w128_s7_balanced_fallback,generic_XOR_RLE,GENERIC_XOR_RLE,128,FINITE_RETENTION,14454935584,56518175,13716800,372702913,469493344,22939104,775526,True,True
yelp_deepres8_w128_s7_balanced_fallback,pair_oracle_non_deployable,PAIR_ORACLE_UPPER_BOUND,128,FINITE_RETENTION,14144444960,55462148,53864576,372702913,469493344,22939104,1390627,False,True
