Layer name, IFMAP Height Intraline Factor, IFMAP Width Intraline Factor, Filter Height Intraline Factor, Filter Width Intraline Factor, Channel Intraline Factor, Num Filter Intraline Factor, IFMAP Height Intraline Order, IFMAP Width Intraline Order, Channel Intraline Order, IFMAP Height Interline Order, IFMAP Width Interline Order, Channel Interline Order, Num Filter Intraline Order, Channel Intraline Order, Filter Height Intraline Order, Filter Width Intraline Order, Num Filter Interline Order, Channel Interline Order, Filter Height Interline Order, Filter Width Interline Order, 
panel_0, 2, 2, 1, 1, 16, 4,     0, 1, 2,     4, 5, 3,     3, 2, 1, 0,     4, 5, 6, 7,
panel_1, 2, 2, 1, 1, 16, 4,     0, 1, 2,     4, 5, 3,     3, 2, 1, 0,     4, 5, 6, 7,
panel_2, 2, 2, 1, 1, 16, 4,     0, 1, 2,     4, 5, 3,     3, 2, 1, 0,     4, 5, 6, 7,
panel_3, 2, 2, 1, 1, 16, 4,     0, 1, 2,     4, 5, 3,     3, 2, 1, 0,     4, 5, 6, 7,
panel_4, 2, 2, 1, 1, 16, 4,     0, 1, 2,     4, 5, 3,     3, 2, 1, 0,     4, 5, 6, 7,
panel_5, 2, 2, 1, 1, 16, 4,     0, 1, 2,     4, 5, 3,     3, 2, 1, 0,     4, 5, 6, 7,
panel_6, 2, 2, 1, 1, 16, 4,     0, 1, 2,     4, 5, 3,     3, 2, 1, 0,     4, 5, 6, 7,
panel_7, 2, 2, 1, 1, 16, 4,     0, 1, 2,     4, 5, 3,     3, 2, 1, 0,     4, 5, 6, 7,
panel_8, 2, 2, 1, 1, 16, 4,     0, 1, 2,     4, 5, 3,     3, 2, 1, 0,     4, 5, 6, 7,
panel_9, 2, 2, 1, 1, 16, 4,     0, 1, 2,     4, 5, 3,     3, 2, 1, 0,     4, 5, 6, 7,
panel_10, 2, 2, 1, 1, 16, 4,     0, 1, 2,     4, 5, 3,     3, 2, 1, 0,     4, 5, 6, 7,
panel_11, 2, 2, 1, 1, 16, 4,     0, 1, 2,     4, 5, 3,     3, 2, 1, 0,     4, 5, 6, 7,
panel_12, 2, 2, 1, 1, 16, 4,     0, 1, 2,     4, 5, 3,     3, 2, 1, 0,     4, 5, 6, 7,
panel_13, 2, 2, 1, 1, 16, 4,     0, 1, 2,     4, 5, 3,     3, 2, 1, 0,     4, 5, 6, 7,
panel_14, 2, 2, 1, 1, 16, 4,     0, 1, 2,     4, 5, 3,     3, 2, 1, 0,     4, 5, 6, 7,
panel_15, 2, 2, 1, 1, 16, 4,     0, 1, 2,     4, 5, 3,     3, 2, 1, 0,     4, 5, 6, 7,
panel_16, 2, 2, 1, 1, 16, 4,     0, 1, 2,     4, 5, 3,     3, 2, 1, 0,     4, 5, 6, 7,
panel_17, 2, 2, 1, 1, 16, 4,     0, 1, 2,     4, 5, 3,     3, 2, 1, 0,     4, 5, 6, 7,
panel_18, 2, 2, 1, 1, 16, 4,     0, 1, 2,     4, 5, 3,     3, 2, 1, 0,     4, 5, 6, 7,
panel_19, 2, 2, 1, 1, 16, 4,     0, 1, 2,     4, 5, 3,     3, 2, 1, 0,     4, 5, 6, 7,
panel_20, 2, 2, 1, 1, 16, 4,     0, 1, 2,     4, 5, 3,     3, 2, 1, 0,     4, 5, 6, 7,
panel_21, 2, 2, 1, 1, 16, 4,     0, 1, 2,     4, 5, 3,     3, 2, 1, 0,     4, 5, 6, 7,
panel_22, 2, 2, 1, 1, 16, 4,     0, 1, 2,     4, 5, 3,     3, 2, 1, 0,     4, 5, 6, 7,
panel_23, 2, 2, 1, 1, 16, 4,     0, 1, 2,     4, 5, 3,     3, 2, 1, 0,     4, 5, 6, 7,
panel_24, 2, 2, 1, 1, 16, 4,     0, 1, 2,     4, 5, 3,     3, 2, 1, 0,     4, 5, 6, 7,
panel_25, 2, 2, 1, 1, 16, 4,     0, 1, 2,     4, 5, 3,     3, 2, 1, 0,     4, 5, 6, 7,
panel_26, 2, 2, 1, 1, 16, 4,     0, 1, 2,     4, 5, 3,     3, 2, 1, 0,     4, 5, 6, 7,
panel_27, 2, 2, 1, 1, 16, 4,     0, 1, 2,     4, 5, 3,     3, 2, 1, 0,     4, 5, 6, 7,
panel_28, 2, 2, 1, 1, 16, 4,     0, 1, 2,     4, 5, 3,     3, 2, 1, 0,     4, 5, 6, 7,
panel_29, 2, 2, 1, 1, 16, 4,     0, 1, 2,     4, 5, 3,     3, 2, 1, 0,     4, 5, 6, 7,
panel_30, 2, 2, 1, 1, 16, 4,     0, 1, 2,     4, 5, 3,     3, 2, 1, 0,     4, 5, 6, 7,
panel_31, 2, 2, 1, 1, 16, 4,     0, 1, 2,     4, 5, 3,     3, 2, 1, 0,     4, 5, 6, 7,
panel_32, 2, 2, 1, 1, 16, 4,     0, 1, 2,     4, 5, 3,     3, 2, 1, 0,     4, 5, 6, 7,
panel_33, 2, 2, 1, 1, 16, 4,     0, 1, 2,     4, 5, 3,     3, 2, 1, 0,     4, 5, 6, 7,
panel_34, 2, 2, 1, 1, 16, 4,     0, 1, 2,     4, 5, 3,     3, 2, 1, 0,     4, 5, 6, 7,
panel_35, 2, 2, 1, 1, 16, 4,     0, 1, 2,     4, 5, 3,     3, 2, 1, 0,     4, 5, 6, 7,
panel_36, 2, 2, 1, 1, 16, 4,     0, 1, 2,     4, 5, 3,     3, 2, 1, 0,     4, 5, 6, 7,
panel_37, 2, 2, 1, 1, 16, 4,     0, 1, 2,     4, 5, 3,     3, 2, 1, 0,     4, 5, 6, 7,
panel_38, 2, 2, 1, 1, 16, 4,     0, 1, 2,     4, 5, 3,     3, 2, 1, 0,     4, 5, 6, 7,
panel_39, 2, 2, 1, 1, 16, 4,     0, 1, 2,     4, 5, 3,     3, 2, 1, 0,     4, 5, 6, 7,
panel_40, 2, 2, 1, 1, 16, 4,     0, 1, 2,     4, 5, 3,     3, 2, 1, 0,     4, 5, 6, 7,
panel_41, 2, 2, 1, 1, 16, 4,     0, 1, 2,     4, 5, 3,     3, 2, 1, 0,     4, 5, 6, 7,
panel_42, 2, 2, 1, 1, 16, 4,     0, 1, 2,     4, 5, 3,     3, 2, 1, 0,     4, 5, 6, 7,
panel_43, 2, 2, 1, 1, 16, 4,     0, 1, 2,     4, 5, 3,     3, 2, 1, 0,     4, 5, 6, 7,
panel_44, 2, 2, 1, 1, 16, 4,     0, 1, 2,     4, 5, 3,     3, 2, 1, 0,     4, 5, 6, 7,
panel_45, 2, 2, 1, 1, 16, 4,     0, 1, 2,     4, 5, 3,     3, 2, 1, 0,     4, 5, 6, 7,
panel_46, 2, 2, 1, 1, 16, 4,     0, 1, 2,     4, 5, 3,     3, 2, 1, 0,     4, 5, 6, 7,
panel_47, 2, 2, 1, 1, 16, 4,     0, 1, 2,     4, 5, 3,     3, 2, 1, 0,     4, 5, 6, 7,
panel_48, 2, 2, 1, 1, 16, 4,     0, 1, 2,     4, 5, 3,     3, 2, 1, 0,     4, 5, 6, 7,
panel_49, 2, 2, 1, 1, 16, 4,     0, 1, 2,     4, 5, 3,     3, 2, 1, 0,     4, 5, 6, 7,
panel_50, 2, 2, 1, 1, 16, 4,     0, 1, 2,     4, 5, 3,     3, 2, 1, 0,     4, 5, 6, 7,
panel_51, 2, 2, 1, 1, 16, 4,     0, 1, 2,     4, 5, 3,     3, 2, 1, 0,     4, 5, 6, 7,
panel_52, 2, 2, 1, 1, 16, 4,     0, 1, 2,     4, 5, 3,     3, 2, 1, 0,     4, 5, 6, 7,
panel_53, 2, 2, 1, 1, 16, 4,     0, 1, 2,     4, 5, 3,     3, 2, 1, 0,     4, 5, 6, 7,
panel_54, 2, 2, 1, 1, 16, 4,     0, 1, 2,     4, 5, 3,     3, 2, 1, 0,     4, 5, 6, 7,
panel_55, 2, 2, 1, 1, 16, 4,     0, 1, 2,     4, 5, 3,     3, 2, 1, 0,     4, 5, 6, 7,
panel_56, 2, 2, 1, 1, 16, 4,     0, 1, 2,     4, 5, 3,     3, 2, 1, 0,     4, 5, 6, 7,
panel_57, 2, 2, 1, 1, 16, 4,     0, 1, 2,     4, 5, 3,     3, 2, 1, 0,     4, 5, 6, 7,
panel_58, 2, 2, 1, 1, 16, 4,     0, 1, 2,     4, 5, 3,     3, 2, 1, 0,     4, 5, 6, 7,
panel_59, 2, 2, 1, 1, 16, 4,     0, 1, 2,     4, 5, 3,     3, 2, 1, 0,     4, 5, 6, 7,
panel_60, 2, 2, 1, 1, 16, 4,     0, 1, 2,     4, 5, 3,     3, 2, 1, 0,     4, 5, 6, 7,
panel_61, 2, 2, 1, 1, 16, 4,     0, 1, 2,     4, 5, 3,     3, 2, 1, 0,     4, 5, 6, 7,
panel_62, 2, 2, 1, 1, 16, 4,     0, 1, 2,     4, 5, 3,     3, 2, 1, 0,     4, 5, 6, 7,
panel_63, 2, 2, 1, 1, 16, 4,     0, 1, 2,     4, 5, 3,     3, 2, 1, 0,     4, 5, 6, 7,
panel_64, 2, 2, 1, 1, 16, 4,     0, 1, 2,     4, 5, 3,     3, 2, 1, 0,     4, 5, 6, 7,
panel_65, 2, 2, 1, 1, 16, 4,     0, 1, 2,     4, 5, 3,     3, 2, 1, 0,     4, 5, 6, 7,
panel_66, 2, 2, 1, 1, 16, 4,     0, 1, 2,     4, 5, 3,     3, 2, 1, 0,     4, 5, 6, 7,
panel_67, 2, 2, 1, 1, 16, 4,     0, 1, 2,     4, 5, 3,     3, 2, 1, 0,     4, 5, 6, 7,
panel_68, 2, 2, 1, 1, 16, 4,     0, 1, 2,     4, 5, 3,     3, 2, 1, 0,     4, 5, 6, 7,
panel_69, 2, 2, 1, 1, 16, 4,     0, 1, 2,     4, 5, 3,     3, 2, 1, 0,     4, 5, 6, 7,
panel_70, 2, 2, 1, 1, 16, 4,     0, 1, 2,     4, 5, 3,     3, 2, 1, 0,     4, 5, 6, 7,
panel_71, 2, 2, 1, 1, 16, 4,     0, 1, 2,     4, 5, 3,     3, 2, 1, 0,     4, 5, 6, 7,
panel_72, 2, 2, 1, 1, 16, 4,     0, 1, 2,     4, 5, 3,     3, 2, 1, 0,     4, 5, 6, 7,
panel_73, 2, 2, 1, 1, 16, 4,     0, 1, 2,     4, 5, 3,     3, 2, 1, 0,     4, 5, 6, 7,
panel_74, 2, 2, 1, 1, 16, 4,     0, 1, 2,     4, 5, 3,     3, 2, 1, 0,     4, 5, 6, 7,
panel_75, 2, 2, 1, 1, 16, 4,     0, 1, 2,     4, 5, 3,     3, 2, 1, 0,     4, 5, 6, 7,
panel_76, 2, 2, 1, 1, 16, 4,     0, 1, 2,     4, 5, 3,     3, 2, 1, 0,     4, 5, 6, 7,
panel_77, 2, 2, 1, 1, 16, 4,     0, 1, 2,     4, 5, 3,     3, 2, 1, 0,     4, 5, 6, 7,
panel_78, 2, 2, 1, 1, 16, 4,     0, 1, 2,     4, 5, 3,     3, 2, 1, 0,     4, 5, 6, 7,
panel_79, 2, 2, 1, 1, 16, 4,     0, 1, 2,     4, 5, 3,     3, 2, 1, 0,     4, 5, 6, 7,
panel_80, 2, 2, 1, 1, 16, 4,     0, 1, 2,     4, 5, 3,     3, 2, 1, 0,     4, 5, 6, 7,
panel_81, 2, 2, 1, 1, 16, 4,     0, 1, 2,     4, 5, 3,     3, 2, 1, 0,     4, 5, 6, 7,
panel_82, 2, 2, 1, 1, 16, 4,     0, 1, 2,     4, 5, 3,     3, 2, 1, 0,     4, 5, 6, 7,
panel_83, 2, 2, 1, 1, 16, 4,     0, 1, 2,     4, 5, 3,     3, 2, 1, 0,     4, 5, 6, 7,
panel_84, 2, 2, 1, 1, 16, 4,     0, 1, 2,     4, 5, 3,     3, 2, 1, 0,     4, 5, 6, 7,
panel_85, 2, 2, 1, 1, 16, 4,     0, 1, 2,     4, 5, 3,     3, 2, 1, 0,     4, 5, 6, 7,
panel_86, 2, 2, 1, 1, 16, 4,     0, 1, 2,     4, 5, 3,     3, 2, 1, 0,     4, 5, 6, 7,
panel_87, 2, 2, 1, 1, 16, 4,     0, 1, 2,     4, 5, 3,     3, 2, 1, 0,     4, 5, 6, 7,
panel_88, 2, 2, 1, 1, 16, 4,     0, 1, 2,     4, 5, 3,     3, 2, 1, 0,     4, 5, 6, 7,
panel_89, 2, 2, 1, 1, 16, 4,     0, 1, 2,     4, 5, 3,     3, 2, 1, 0,     4, 5, 6, 7,
panel_90, 2, 2, 1, 1, 16, 4,     0, 1, 2,     4, 5, 3,     3, 2, 1, 0,     4, 5, 6, 7,
panel_91, 2, 2, 1, 1, 16, 4,     0, 1, 2,     4, 5, 3,     3, 2, 1, 0,     4, 5, 6, 7,
panel_92, 2, 2, 1, 1, 16, 4,     0, 1, 2,     4, 5, 3,     3, 2, 1, 0,     4, 5, 6, 7,
panel_93, 2, 2, 1, 1, 16, 4,     0, 1, 2,     4, 5, 3,     3, 2, 1, 0,     4, 5, 6, 7,
panel_94, 2, 2, 1, 1, 16, 4,     0, 1, 2,     4, 5, 3,     3, 2, 1, 0,     4, 5, 6, 7,
panel_95, 2, 2, 1, 1, 16, 4,     0, 1, 2,     4, 5, 3,     3, 2, 1, 0,     4, 5, 6, 7,
panel_96, 2, 2, 1, 1, 16, 4,     0, 1, 2,     4, 5, 3,     3, 2, 1, 0,     4, 5, 6, 7,
panel_97, 2, 2, 1, 1, 16, 4,     0, 1, 2,     4, 5, 3,     3, 2, 1, 0,     4, 5, 6, 7,
panel_98, 2, 2, 1, 1, 16, 4,     0, 1, 2,     4, 5, 3,     3, 2, 1, 0,     4, 5, 6, 7,
panel_99, 2, 2, 1, 1, 16, 4,     0, 1, 2,     4, 5, 3,     3, 2, 1, 0,     4, 5, 6, 7,
panel_100, 2, 2, 1, 1, 16, 4,     0, 1, 2,     4, 5, 3,     3, 2, 1, 0,     4, 5, 6, 7,
panel_101, 2, 2, 1, 1, 16, 4,     0, 1, 2,     4, 5, 3,     3, 2, 1, 0,     4, 5, 6, 7,
panel_102, 2, 2, 1, 1, 16, 4,     0, 1, 2,     4, 5, 3,     3, 2, 1, 0,     4, 5, 6, 7,
panel_103, 2, 2, 1, 1, 16, 4,     0, 1, 2,     4, 5, 3,     3, 2, 1, 0,     4, 5, 6, 7,
panel_104, 2, 2, 1, 1, 16, 4,     0, 1, 2,     4, 5, 3,     3, 2, 1, 0,     4, 5, 6, 7,
panel_105, 2, 2, 1, 1, 16, 4,     0, 1, 2,     4, 5, 3,     3, 2, 1, 0,     4, 5, 6, 7,
panel_106, 2, 2, 1, 1, 16, 4,     0, 1, 2,     4, 5, 3,     3, 2, 1, 0,     4, 5, 6, 7,
panel_107, 2, 2, 1, 1, 16, 4,     0, 1, 2,     4, 5, 3,     3, 2, 1, 0,     4, 5, 6, 7,
panel_108, 2, 2, 1, 1, 16, 4,     0, 1, 2,     4, 5, 3,     3, 2, 1, 0,     4, 5, 6, 7,
panel_109, 2, 2, 1, 1, 16, 4,     0, 1, 2,     4, 5, 3,     3, 2, 1, 0,     4, 5, 6, 7,
panel_110, 2, 2, 1, 1, 16, 4,     0, 1, 2,     4, 5, 3,     3, 2, 1, 0,     4, 5, 6, 7,
panel_111, 2, 2, 1, 1, 16, 4,     0, 1, 2,     4, 5, 3,     3, 2, 1, 0,     4, 5, 6, 7,
panel_112, 2, 2, 1, 1, 16, 4,     0, 1, 2,     4, 5, 3,     3, 2, 1, 0,     4, 5, 6, 7,
panel_113, 2, 2, 1, 1, 16, 4,     0, 1, 2,     4, 5, 3,     3, 2, 1, 0,     4, 5, 6, 7,
panel_114, 2, 2, 1, 1, 16, 4,     0, 1, 2,     4, 5, 3,     3, 2, 1, 0,     4, 5, 6, 7,
panel_115, 2, 2, 1, 1, 16, 4,     0, 1, 2,     4, 5, 3,     3, 2, 1, 0,     4, 5, 6, 7,
panel_116, 2, 2, 1, 1, 16, 4,     0, 1, 2,     4, 5, 3,     3, 2, 1, 0,     4, 5, 6, 7,
panel_117, 2, 2, 1, 1, 16, 4,     0, 1, 2,     4, 5, 3,     3, 2, 1, 0,     4, 5, 6, 7,
panel_118, 2, 2, 1, 1, 16, 4,     0, 1, 2,     4, 5, 3,     3, 2, 1, 0,     4, 5, 6, 7,
panel_119, 2, 2, 1, 1, 16, 4,     0, 1, 2,     4, 5, 3,     3, 2, 1, 0,     4, 5, 6, 7,
panel_120, 2, 2, 1, 1, 16, 4,     0, 1, 2,     4, 5, 3,     3, 2, 1, 0,     4, 5, 6, 7,
panel_121, 2, 2, 1, 1, 16, 4,     0, 1, 2,     4, 5, 3,     3, 2, 1, 0,     4, 5, 6, 7,
panel_122, 2, 2, 1, 1, 16, 4,     0, 1, 2,     4, 5, 3,     3, 2, 1, 0,     4, 5, 6, 7,
panel_123, 2, 2, 1, 1, 16, 4,     0, 1, 2,     4, 5, 3,     3, 2, 1, 0,     4, 5, 6, 7,
panel_124, 2, 2, 1, 1, 16, 4,     0, 1, 2,     4, 5, 3,     3, 2, 1, 0,     4, 5, 6, 7,
panel_125, 2, 2, 1, 1, 16, 4,     0, 1, 2,     4, 5, 3,     3, 2, 1, 0,     4, 5, 6, 7,
panel_126, 2, 2, 1, 1, 16, 4,     0, 1, 2,     4, 5, 3,     3, 2, 1, 0,     4, 5, 6, 7,
panel_127, 2, 2, 1, 1, 16, 4,     0, 1, 2,     4, 5, 3,     3, 2, 1, 0,     4, 5, 6, 7,
panel_128, 2, 2, 1, 1, 16, 4,     0, 1, 2,     4, 5, 3,     3, 2, 1, 0,     4, 5, 6, 7,
panel_129, 2, 2, 1, 1, 16, 4,     0, 1, 2,     4, 5, 3,     3, 2, 1, 0,     4, 5, 6, 7,
panel_130, 2, 2, 1, 1, 16, 4,     0, 1, 2,     4, 5, 3,     3, 2, 1, 0,     4, 5, 6, 7,
panel_131, 2, 2, 1, 1, 16, 4,     0, 1, 2,     4, 5, 3,     3, 2, 1, 0,     4, 5, 6, 7,
panel_132, 2, 2, 1, 1, 16, 4,     0, 1, 2,     4, 5, 3,     3, 2, 1, 0,     4, 5, 6, 7,
panel_133, 2, 2, 1, 1, 16, 4,     0, 1, 2,     4, 5, 3,     3, 2, 1, 0,     4, 5, 6, 7,
panel_134, 2, 2, 1, 1, 16, 4,     0, 1, 2,     4, 5, 3,     3, 2, 1, 0,     4, 5, 6, 7,
panel_135, 2, 2, 1, 1, 16, 4,     0, 1, 2,     4, 5, 3,     3, 2, 1, 0,     4, 5, 6, 7,
panel_136, 2, 2, 1, 1, 16, 4,     0, 1, 2,     4, 5, 3,     3, 2, 1, 0,     4, 5, 6, 7,
panel_137, 2, 2, 1, 1, 16, 4,     0, 1, 2,     4, 5, 3,     3, 2, 1, 0,     4, 5, 6, 7,
panel_138, 2, 2, 1, 1, 16, 4,     0, 1, 2,     4, 5, 3,     3, 2, 1, 0,     4, 5, 6, 7,
panel_139, 2, 2, 1, 1, 16, 4,     0, 1, 2,     4, 5, 3,     3, 2, 1, 0,     4, 5, 6, 7,
panel_140, 2, 2, 1, 1, 16, 4,     0, 1, 2,     4, 5, 3,     3, 2, 1, 0,     4, 5, 6, 7,
panel_141, 2, 2, 1, 1, 16, 4,     0, 1, 2,     4, 5, 3,     3, 2, 1, 0,     4, 5, 6, 7,
panel_142, 2, 2, 1, 1, 16, 4,     0, 1, 2,     4, 5, 3,     3, 2, 1, 0,     4, 5, 6, 7,
panel_143, 2, 2, 1, 1, 16, 4,     0, 1, 2,     4, 5, 3,     3, 2, 1, 0,     4, 5, 6, 7,
panel_144, 2, 2, 1, 1, 16, 4,     0, 1, 2,     4, 5, 3,     3, 2, 1, 0,     4, 5, 6, 7,
panel_145, 2, 2, 1, 1, 16, 4,     0, 1, 2,     4, 5, 3,     3, 2, 1, 0,     4, 5, 6, 7,
panel_146, 2, 2, 1, 1, 16, 4,     0, 1, 2,     4, 5, 3,     3, 2, 1, 0,     4, 5, 6, 7,
panel_147, 2, 2, 1, 1, 16, 4,     0, 1, 2,     4, 5, 3,     3, 2, 1, 0,     4, 5, 6, 7,
panel_148, 2, 2, 1, 1, 16, 4,     0, 1, 2,     4, 5, 3,     3, 2, 1, 0,     4, 5, 6, 7,
panel_149, 2, 2, 1, 1, 16, 4,     0, 1, 2,     4, 5, 3,     3, 2, 1, 0,     4, 5, 6, 7,
panel_150, 2, 2, 1, 1, 16, 4,     0, 1, 2,     4, 5, 3,     3, 2, 1, 0,     4, 5, 6, 7,
panel_151, 2, 2, 1, 1, 16, 4,     0, 1, 2,     4, 5, 3,     3, 2, 1, 0,     4, 5, 6, 7,
panel_152, 2, 2, 1, 1, 16, 4,     0, 1, 2,     4, 5, 3,     3, 2, 1, 0,     4, 5, 6, 7,
panel_153, 2, 2, 1, 1, 16, 4,     0, 1, 2,     4, 5, 3,     3, 2, 1, 0,     4, 5, 6, 7,
panel_154, 2, 2, 1, 1, 16, 4,     0, 1, 2,     4, 5, 3,     3, 2, 1, 0,     4, 5, 6, 7,
panel_155, 2, 2, 1, 1, 16, 4,     0, 1, 2,     4, 5, 3,     3, 2, 1, 0,     4, 5, 6, 7,
panel_156, 2, 2, 1, 1, 16, 4,     0, 1, 2,     4, 5, 3,     3, 2, 1, 0,     4, 5, 6, 7,
panel_157, 2, 2, 1, 1, 16, 4,     0, 1, 2,     4, 5, 3,     3, 2, 1, 0,     4, 5, 6, 7,
panel_158, 2, 2, 1, 1, 16, 4,     0, 1, 2,     4, 5, 3,     3, 2, 1, 0,     4, 5, 6, 7,
panel_159, 2, 2, 1, 1, 16, 4,     0, 1, 2,     4, 5, 3,     3, 2, 1, 0,     4, 5, 6, 7,
panel_160, 2, 2, 1, 1, 16, 4,     0, 1, 2,     4, 5, 3,     3, 2, 1, 0,     4, 5, 6, 7,
panel_161, 2, 2, 1, 1, 16, 4,     0, 1, 2,     4, 5, 3,     3, 2, 1, 0,     4, 5, 6, 7,
panel_162, 2, 2, 1, 1, 16, 4,     0, 1, 2,     4, 5, 3,     3, 2, 1, 0,     4, 5, 6, 7,
panel_163, 2, 2, 1, 1, 16, 4,     0, 1, 2,     4, 5, 3,     3, 2, 1, 0,     4, 5, 6, 7,
panel_164, 2, 2, 1, 1, 16, 4,     0, 1, 2,     4, 5, 3,     3, 2, 1, 0,     4, 5, 6, 7,
panel_165, 2, 2, 1, 1, 16, 4,     0, 1, 2,     4, 5, 3,     3, 2, 1, 0,     4, 5, 6, 7,
panel_166, 2, 2, 1, 1, 16, 4,     0, 1, 2,     4, 5, 3,     3, 2, 1, 0,     4, 5, 6, 7,
panel_167, 2, 2, 1, 1, 16, 4,     0, 1, 2,     4, 5, 3,     3, 2, 1, 0,     4, 5, 6, 7,
panel_168, 2, 2, 1, 1, 16, 4,     0, 1, 2,     4, 5, 3,     3, 2, 1, 0,     4, 5, 6, 7,
panel_169, 2, 2, 1, 1, 16, 4,     0, 1, 2,     4, 5, 3,     3, 2, 1, 0,     4, 5, 6, 7,
panel_170, 2, 2, 1, 1, 16, 4,     0, 1, 2,     4, 5, 3,     3, 2, 1, 0,     4, 5, 6, 7,
panel_171, 2, 2, 1, 1, 16, 4,     0, 1, 2,     4, 5, 3,     3, 2, 1, 0,     4, 5, 6, 7,
panel_172, 2, 2, 1, 1, 16, 4,     0, 1, 2,     4, 5, 3,     3, 2, 1, 0,     4, 5, 6, 7,
panel_173, 2, 2, 1, 1, 16, 4,     0, 1, 2,     4, 5, 3,     3, 2, 1, 0,     4, 5, 6, 7,
panel_174, 2, 2, 1, 1, 16, 4,     0, 1, 2,     4, 5, 3,     3, 2, 1, 0,     4, 5, 6, 7,
panel_175, 2, 2, 1, 1, 16, 4,     0, 1, 2,     4, 5, 3,     3, 2, 1, 0,     4, 5, 6, 7,
panel_176, 2, 2, 1, 1, 16, 4,     0, 1, 2,     4, 5, 3,     3, 2, 1, 0,     4, 5, 6, 7,
panel_177, 2, 2, 1, 1, 16, 4,     0, 1, 2,     4, 5, 3,     3, 2, 1, 0,     4, 5, 6, 7,
panel_178, 2, 2, 1, 1, 16, 4,     0, 1, 2,     4, 5, 3,     3, 2, 1, 0,     4, 5, 6, 7,
panel_179, 2, 2, 1, 1, 16, 4,     0, 1, 2,     4, 5, 3,     3, 2, 1, 0,     4, 5, 6, 7,
panel_180, 2, 2, 1, 1, 16, 4,     0, 1, 2,     4, 5, 3,     3, 2, 1, 0,     4, 5, 6, 7,
panel_181, 2, 2, 1, 1, 16, 4,     0, 1, 2,     4, 5, 3,     3, 2, 1, 0,     4, 5, 6, 7,
panel_182, 2, 2, 1, 1, 16, 4,     0, 1, 2,     4, 5, 3,     3, 2, 1, 0,     4, 5, 6, 7,
panel_183, 2, 2, 1, 1, 16, 4,     0, 1, 2,     4, 5, 3,     3, 2, 1, 0,     4, 5, 6, 7,
panel_184, 2, 2, 1, 1, 16, 4,     0, 1, 2,     4, 5, 3,     3, 2, 1, 0,     4, 5, 6, 7,
panel_185, 2, 2, 1, 1, 16, 4,     0, 1, 2,     4, 5, 3,     3, 2, 1, 0,     4, 5, 6, 7,
panel_186, 2, 2, 1, 1, 16, 4,     0, 1, 2,     4, 5, 3,     3, 2, 1, 0,     4, 5, 6, 7,
panel_187, 2, 2, 1, 1, 16, 4,     0, 1, 2,     4, 5, 3,     3, 2, 1, 0,     4, 5, 6, 7,
panel_188, 2, 2, 1, 1, 16, 4,     0, 1, 2,     4, 5, 3,     3, 2, 1, 0,     4, 5, 6, 7,
panel_189, 2, 2, 1, 1, 16, 4,     0, 1, 2,     4, 5, 3,     3, 2, 1, 0,     4, 5, 6, 7,
panel_190, 2, 2, 1, 1, 16, 4,     0, 1, 2,     4, 5, 3,     3, 2, 1, 0,     4, 5, 6, 7,
panel_191, 2, 2, 1, 1, 16, 4,     0, 1, 2,     4, 5, 3,     3, 2, 1, 0,     4, 5, 6, 7,
panel_192, 2, 2, 1, 1, 16, 4,     0, 1, 2,     4, 5, 3,     3, 2, 1, 0,     4, 5, 6, 7,
panel_193, 2, 2, 1, 1, 16, 4,     0, 1, 2,     4, 5, 3,     3, 2, 1, 0,     4, 5, 6, 7,
panel_194, 2, 2, 1, 1, 16, 4,     0, 1, 2,     4, 5, 3,     3, 2, 1, 0,     4, 5, 6, 7,
panel_195, 2, 2, 1, 1, 16, 4,     0, 1, 2,     4, 5, 3,     3, 2, 1, 0,     4, 5, 6, 7,
panel_196, 2, 2, 1, 1, 16, 4,     0, 1, 2,     4, 5, 3,     3, 2, 1, 0,     4, 5, 6, 7,
panel_197, 2, 2, 1, 1, 16, 4,     0, 1, 2,     4, 5, 3,     3, 2, 1, 0,     4, 5, 6, 7,
panel_198, 2, 2, 1, 1, 16, 4,     0, 1, 2,     4, 5, 3,     3, 2, 1, 0,     4, 5, 6, 7,
panel_199, 2, 2, 1, 1, 16, 4,     0, 1, 2,     4, 5, 3,     3, 2, 1, 0,     4, 5, 6, 7,
panel_200, 2, 2, 1, 1, 16, 4,     0, 1, 2,     4, 5, 3,     3, 2, 1, 0,     4, 5, 6, 7,
panel_201, 2, 2, 1, 1, 16, 4,     0, 1, 2,     4, 5, 3,     3, 2, 1, 0,     4, 5, 6, 7,
panel_202, 2, 2, 1, 1, 16, 4,     0, 1, 2,     4, 5, 3,     3, 2, 1, 0,     4, 5, 6, 7,
panel_203, 2, 2, 1, 1, 16, 4,     0, 1, 2,     4, 5, 3,     3, 2, 1, 0,     4, 5, 6, 7,
panel_204, 2, 2, 1, 1, 16, 4,     0, 1, 2,     4, 5, 3,     3, 2, 1, 0,     4, 5, 6, 7,
panel_205, 2, 2, 1, 1, 16, 4,     0, 1, 2,     4, 5, 3,     3, 2, 1, 0,     4, 5, 6, 7,
panel_206, 2, 2, 1, 1, 16, 4,     0, 1, 2,     4, 5, 3,     3, 2, 1, 0,     4, 5, 6, 7,
panel_207, 2, 2, 1, 1, 16, 4,     0, 1, 2,     4, 5, 3,     3, 2, 1, 0,     4, 5, 6, 7,
panel_208, 2, 2, 1, 1, 16, 4,     0, 1, 2,     4, 5, 3,     3, 2, 1, 0,     4, 5, 6, 7,
panel_209, 2, 2, 1, 1, 16, 4,     0, 1, 2,     4, 5, 3,     3, 2, 1, 0,     4, 5, 6, 7,
panel_210, 2, 2, 1, 1, 16, 4,     0, 1, 2,     4, 5, 3,     3, 2, 1, 0,     4, 5, 6, 7,
panel_211, 2, 2, 1, 1, 16, 4,     0, 1, 2,     4, 5, 3,     3, 2, 1, 0,     4, 5, 6, 7,
panel_212, 2, 2, 1, 1, 16, 4,     0, 1, 2,     4, 5, 3,     3, 2, 1, 0,     4, 5, 6, 7,
panel_213, 2, 2, 1, 1, 16, 4,     0, 1, 2,     4, 5, 3,     3, 2, 1, 0,     4, 5, 6, 7,
panel_214, 2, 2, 1, 1, 16, 4,     0, 1, 2,     4, 5, 3,     3, 2, 1, 0,     4, 5, 6, 7,
panel_215, 2, 2, 1, 1, 16, 4,     0, 1, 2,     4, 5, 3,     3, 2, 1, 0,     4, 5, 6, 7,
panel_216, 2, 2, 1, 1, 16, 4,     0, 1, 2,     4, 5, 3,     3, 2, 1, 0,     4, 5, 6, 7,
panel_217, 2, 2, 1, 1, 16, 4,     0, 1, 2,     4, 5, 3,     3, 2, 1, 0,     4, 5, 6, 7,
panel_218, 2, 2, 1, 1, 16, 4,     0, 1, 2,     4, 5, 3,     3, 2, 1, 0,     4, 5, 6, 7,
panel_219, 2, 2, 1, 1, 16, 4,     0, 1, 2,     4, 5, 3,     3, 2, 1, 0,     4, 5, 6, 7,
panel_220, 2, 2, 1, 1, 16, 4,     0, 1, 2,     4, 5, 3,     3, 2, 1, 0,     4, 5, 6, 7,
panel_221, 2, 2, 1, 1, 16, 4,     0, 1, 2,     4, 5, 3,     3, 2, 1, 0,     4, 5, 6, 7,
panel_222, 2, 2, 1, 1, 16, 4,     0, 1, 2,     4, 5, 3,     3, 2, 1, 0,     4, 5, 6, 7,
panel_223, 2, 2, 1, 1, 16, 4,     0, 1, 2,     4, 5, 3,     3, 2, 1, 0,     4, 5, 6, 7,
panel_224, 2, 2, 1, 1, 16, 4,     0, 1, 2,     4, 5, 3,     3, 2, 1, 0,     4, 5, 6, 7,
panel_225, 2, 2, 1, 1, 16, 4,     0, 1, 2,     4, 5, 3,     3, 2, 1, 0,     4, 5, 6, 7,
panel_226, 2, 2, 1, 1, 16, 4,     0, 1, 2,     4, 5, 3,     3, 2, 1, 0,     4, 5, 6, 7,
panel_227, 2, 2, 1, 1, 16, 4,     0, 1, 2,     4, 5, 3,     3, 2, 1, 0,     4, 5, 6, 7,
panel_228, 2, 2, 1, 1, 16, 4,     0, 1, 2,     4, 5, 3,     3, 2, 1, 0,     4, 5, 6, 7,
panel_229, 2, 2, 1, 1, 16, 4,     0, 1, 2,     4, 5, 3,     3, 2, 1, 0,     4, 5, 6, 7,
panel_230, 2, 2, 1, 1, 16, 4,     0, 1, 2,     4, 5, 3,     3, 2, 1, 0,     4, 5, 6, 7,
panel_231, 2, 2, 1, 1, 16, 4,     0, 1, 2,     4, 5, 3,     3, 2, 1, 0,     4, 5, 6, 7,
panel_232, 2, 2, 1, 1, 16, 4,     0, 1, 2,     4, 5, 3,     3, 2, 1, 0,     4, 5, 6, 7,
panel_233, 2, 2, 1, 1, 16, 4,     0, 1, 2,     4, 5, 3,     3, 2, 1, 0,     4, 5, 6, 7,
panel_234, 2, 2, 1, 1, 16, 4,     0, 1, 2,     4, 5, 3,     3, 2, 1, 0,     4, 5, 6, 7,
panel_235, 2, 2, 1, 1, 16, 4,     0, 1, 2,     4, 5, 3,     3, 2, 1, 0,     4, 5, 6, 7,
panel_236, 2, 2, 1, 1, 16, 4,     0, 1, 2,     4, 5, 3,     3, 2, 1, 0,     4, 5, 6, 7,
panel_237, 2, 2, 1, 1, 16, 4,     0, 1, 2,     4, 5, 3,     3, 2, 1, 0,     4, 5, 6, 7,
panel_238, 2, 2, 1, 1, 16, 4,     0, 1, 2,     4, 5, 3,     3, 2, 1, 0,     4, 5, 6, 7,
panel_239, 2, 2, 1, 1, 16, 4,     0, 1, 2,     4, 5, 3,     3, 2, 1, 0,     4, 5, 6, 7,
panel_240, 2, 2, 1, 1, 16, 4,     0, 1, 2,     4, 5, 3,     3, 2, 1, 0,     4, 5, 6, 7,
panel_241, 2, 2, 1, 1, 16, 4,     0, 1, 2,     4, 5, 3,     3, 2, 1, 0,     4, 5, 6, 7,
panel_242, 2, 2, 1, 1, 16, 4,     0, 1, 2,     4, 5, 3,     3, 2, 1, 0,     4, 5, 6, 7,
panel_243, 2, 2, 1, 1, 16, 4,     0, 1, 2,     4, 5, 3,     3, 2, 1, 0,     4, 5, 6, 7,
panel_244, 2, 2, 1, 1, 16, 4,     0, 1, 2,     4, 5, 3,     3, 2, 1, 0,     4, 5, 6, 7,
panel_245, 2, 2, 1, 1, 16, 4,     0, 1, 2,     4, 5, 3,     3, 2, 1, 0,     4, 5, 6, 7,
panel_246, 2, 2, 1, 1, 16, 4,     0, 1, 2,     4, 5, 3,     3, 2, 1, 0,     4, 5, 6, 7,
panel_247, 2, 2, 1, 1, 16, 4,     0, 1, 2,     4, 5, 3,     3, 2, 1, 0,     4, 5, 6, 7,
panel_248, 2, 2, 1, 1, 16, 4,     0, 1, 2,     4, 5, 3,     3, 2, 1, 0,     4, 5, 6, 7,
panel_249, 2, 2, 1, 1, 16, 4,     0, 1, 2,     4, 5, 3,     3, 2, 1, 0,     4, 5, 6, 7,
panel_250, 2, 2, 1, 1, 16, 4,     0, 1, 2,     4, 5, 3,     3, 2, 1, 0,     4, 5, 6, 7,
panel_251, 2, 2, 1, 1, 16, 4,     0, 1, 2,     4, 5, 3,     3, 2, 1, 0,     4, 5, 6, 7,
panel_252, 2, 2, 1, 1, 16, 4,     0, 1, 2,     4, 5, 3,     3, 2, 1, 0,     4, 5, 6, 7,
panel_253, 2, 2, 1, 1, 16, 4,     0, 1, 2,     4, 5, 3,     3, 2, 1, 0,     4, 5, 6, 7,
panel_254, 2, 2, 1, 1, 16, 4,     0, 1, 2,     4, 5, 3,     3, 2, 1, 0,     4, 5, 6, 7,
panel_255, 2, 2, 1, 1, 16, 4,     0, 1, 2,     4, 5, 3,     3, 2, 1, 0,     4, 5, 6, 7,
panel_256, 2, 2, 1, 1, 16, 4,     0, 1, 2,     4, 5, 3,     3, 2, 1, 0,     4, 5, 6, 7,
panel_257, 2, 2, 1, 1, 16, 4,     0, 1, 2,     4, 5, 3,     3, 2, 1, 0,     4, 5, 6, 7,
panel_258, 2, 2, 1, 1, 16, 4,     0, 1, 2,     4, 5, 3,     3, 2, 1, 0,     4, 5, 6, 7,
panel_259, 2, 2, 1, 1, 16, 4,     0, 1, 2,     4, 5, 3,     3, 2, 1, 0,     4, 5, 6, 7,
panel_260, 2, 2, 1, 1, 16, 4,     0, 1, 2,     4, 5, 3,     3, 2, 1, 0,     4, 5, 6, 7,
panel_261, 2, 2, 1, 1, 16, 4,     0, 1, 2,     4, 5, 3,     3, 2, 1, 0,     4, 5, 6, 7,
panel_262, 2, 2, 1, 1, 16, 4,     0, 1, 2,     4, 5, 3,     3, 2, 1, 0,     4, 5, 6, 7,
panel_263, 2, 2, 1, 1, 16, 4,     0, 1, 2,     4, 5, 3,     3, 2, 1, 0,     4, 5, 6, 7,
panel_264, 2, 2, 1, 1, 16, 4,     0, 1, 2,     4, 5, 3,     3, 2, 1, 0,     4, 5, 6, 7,
panel_265, 2, 2, 1, 1, 16, 4,     0, 1, 2,     4, 5, 3,     3, 2, 1, 0,     4, 5, 6, 7,
panel_266, 2, 2, 1, 1, 16, 4,     0, 1, 2,     4, 5, 3,     3, 2, 1, 0,     4, 5, 6, 7,
panel_267, 2, 2, 1, 1, 16, 4,     0, 1, 2,     4, 5, 3,     3, 2, 1, 0,     4, 5, 6, 7,
panel_268, 2, 2, 1, 1, 16, 4,     0, 1, 2,     4, 5, 3,     3, 2, 1, 0,     4, 5, 6, 7,
panel_269, 2, 2, 1, 1, 16, 4,     0, 1, 2,     4, 5, 3,     3, 2, 1, 0,     4, 5, 6, 7,
panel_270, 2, 2, 1, 1, 16, 4,     0, 1, 2,     4, 5, 3,     3, 2, 1, 0,     4, 5, 6, 7,
panel_271, 2, 2, 1, 1, 16, 4,     0, 1, 2,     4, 5, 3,     3, 2, 1, 0,     4, 5, 6, 7,
panel_272, 2, 2, 1, 1, 16, 4,     0, 1, 2,     4, 5, 3,     3, 2, 1, 0,     4, 5, 6, 7,
panel_273, 2, 2, 1, 1, 16, 4,     0, 1, 2,     4, 5, 3,     3, 2, 1, 0,     4, 5, 6, 7,
panel_274, 2, 2, 1, 1, 16, 4,     0, 1, 2,     4, 5, 3,     3, 2, 1, 0,     4, 5, 6, 7,
panel_275, 2, 2, 1, 1, 16, 4,     0, 1, 2,     4, 5, 3,     3, 2, 1, 0,     4, 5, 6, 7,
panel_276, 2, 2, 1, 1, 16, 4,     0, 1, 2,     4, 5, 3,     3, 2, 1, 0,     4, 5, 6, 7,
panel_277, 2, 2, 1, 1, 16, 4,     0, 1, 2,     4, 5, 3,     3, 2, 1, 0,     4, 5, 6, 7,
panel_278, 2, 2, 1, 1, 16, 4,     0, 1, 2,     4, 5, 3,     3, 2, 1, 0,     4, 5, 6, 7,
panel_279, 2, 2, 1, 1, 16, 4,     0, 1, 2,     4, 5, 3,     3, 2, 1, 0,     4, 5, 6, 7,
panel_280, 2, 2, 1, 1, 16, 4,     0, 1, 2,     4, 5, 3,     3, 2, 1, 0,     4, 5, 6, 7,
panel_281, 2, 2, 1, 1, 16, 4,     0, 1, 2,     4, 5, 3,     3, 2, 1, 0,     4, 5, 6, 7,
panel_282, 2, 2, 1, 1, 16, 4,     0, 1, 2,     4, 5, 3,     3, 2, 1, 0,     4, 5, 6, 7,
panel_283, 2, 2, 1, 1, 16, 4,     0, 1, 2,     4, 5, 3,     3, 2, 1, 0,     4, 5, 6, 7,
panel_284, 2, 2, 1, 1, 16, 4,     0, 1, 2,     4, 5, 3,     3, 2, 1, 0,     4, 5, 6, 7,
panel_285, 2, 2, 1, 1, 16, 4,     0, 1, 2,     4, 5, 3,     3, 2, 1, 0,     4, 5, 6, 7,
panel_286, 2, 2, 1, 1, 16, 4,     0, 1, 2,     4, 5, 3,     3, 2, 1, 0,     4, 5, 6, 7,
panel_287, 2, 2, 1, 1, 16, 4,     0, 1, 2,     4, 5, 3,     3, 2, 1, 0,     4, 5, 6, 7,
panel_288, 2, 2, 1, 1, 16, 4,     0, 1, 2,     4, 5, 3,     3, 2, 1, 0,     4, 5, 6, 7,
panel_289, 2, 2, 1, 1, 16, 4,     0, 1, 2,     4, 5, 3,     3, 2, 1, 0,     4, 5, 6, 7,
panel_290, 2, 2, 1, 1, 16, 4,     0, 1, 2,     4, 5, 3,     3, 2, 1, 0,     4, 5, 6, 7,
panel_291, 2, 2, 1, 1, 16, 4,     0, 1, 2,     4, 5, 3,     3, 2, 1, 0,     4, 5, 6, 7,
panel_292, 2, 2, 1, 1, 16, 4,     0, 1, 2,     4, 5, 3,     3, 2, 1, 0,     4, 5, 6, 7,
panel_293, 2, 2, 1, 1, 16, 4,     0, 1, 2,     4, 5, 3,     3, 2, 1, 0,     4, 5, 6, 7,
panel_294, 2, 2, 1, 1, 16, 4,     0, 1, 2,     4, 5, 3,     3, 2, 1, 0,     4, 5, 6, 7,
panel_295, 2, 2, 1, 1, 16, 4,     0, 1, 2,     4, 5, 3,     3, 2, 1, 0,     4, 5, 6, 7,
panel_296, 2, 2, 1, 1, 16, 4,     0, 1, 2,     4, 5, 3,     3, 2, 1, 0,     4, 5, 6, 7,
panel_297, 2, 2, 1, 1, 16, 4,     0, 1, 2,     4, 5, 3,     3, 2, 1, 0,     4, 5, 6, 7,
panel_298, 2, 2, 1, 1, 16, 4,     0, 1, 2,     4, 5, 3,     3, 2, 1, 0,     4, 5, 6, 7,
panel_299, 2, 2, 1, 1, 16, 4,     0, 1, 2,     4, 5, 3,     3, 2, 1, 0,     4, 5, 6, 7,
panel_300, 2, 2, 1, 1, 16, 4,     0, 1, 2,     4, 5, 3,     3, 2, 1, 0,     4, 5, 6, 7,
panel_301, 2, 2, 1, 1, 16, 4,     0, 1, 2,     4, 5, 3,     3, 2, 1, 0,     4, 5, 6, 7,
panel_302, 2, 2, 1, 1, 16, 4,     0, 1, 2,     4, 5, 3,     3, 2, 1, 0,     4, 5, 6, 7,
panel_303, 2, 2, 1, 1, 16, 4,     0, 1, 2,     4, 5, 3,     3, 2, 1, 0,     4, 5, 6, 7,
panel_304, 2, 2, 1, 1, 16, 4,     0, 1, 2,     4, 5, 3,     3, 2, 1, 0,     4, 5, 6, 7,
panel_305, 2, 2, 1, 1, 16, 4,     0, 1, 2,     4, 5, 3,     3, 2, 1, 0,     4, 5, 6, 7,
panel_306, 2, 2, 1, 1, 16, 4,     0, 1, 2,     4, 5, 3,     3, 2, 1, 0,     4, 5, 6, 7,
panel_307, 2, 2, 1, 1, 16, 4,     0, 1, 2,     4, 5, 3,     3, 2, 1, 0,     4, 5, 6, 7,
panel_308, 2, 2, 1, 1, 16, 4,     0, 1, 2,     4, 5, 3,     3, 2, 1, 0,     4, 5, 6, 7,
panel_309, 2, 2, 1, 1, 16, 4,     0, 1, 2,     4, 5, 3,     3, 2, 1, 0,     4, 5, 6, 7,
panel_310, 2, 2, 1, 1, 16, 4,     0, 1, 2,     4, 5, 3,     3, 2, 1, 0,     4, 5, 6, 7,
panel_311, 2, 2, 1, 1, 16, 4,     0, 1, 2,     4, 5, 3,     3, 2, 1, 0,     4, 5, 6, 7,
panel_312, 2, 2, 1, 1, 16, 4,     0, 1, 2,     4, 5, 3,     3, 2, 1, 0,     4, 5, 6, 7,
panel_313, 2, 2, 1, 1, 16, 4,     0, 1, 2,     4, 5, 3,     3, 2, 1, 0,     4, 5, 6, 7,
panel_314, 2, 2, 1, 1, 16, 4,     0, 1, 2,     4, 5, 3,     3, 2, 1, 0,     4, 5, 6, 7,
panel_315, 2, 2, 1, 1, 16, 4,     0, 1, 2,     4, 5, 3,     3, 2, 1, 0,     4, 5, 6, 7,
panel_316, 2, 2, 1, 1, 16, 4,     0, 1, 2,     4, 5, 3,     3, 2, 1, 0,     4, 5, 6, 7,
panel_317, 2, 2, 1, 1, 16, 4,     0, 1, 2,     4, 5, 3,     3, 2, 1, 0,     4, 5, 6, 7,
panel_318, 2, 2, 1, 1, 16, 4,     0, 1, 2,     4, 5, 3,     3, 2, 1, 0,     4, 5, 6, 7,
panel_319, 2, 2, 1, 1, 16, 4,     0, 1, 2,     4, 5, 3,     3, 2, 1, 0,     4, 5, 6, 7,
panel_320, 2, 2, 1, 1, 16, 4,     0, 1, 2,     4, 5, 3,     3, 2, 1, 0,     4, 5, 6, 7,
panel_321, 2, 2, 1, 1, 16, 4,     0, 1, 2,     4, 5, 3,     3, 2, 1, 0,     4, 5, 6, 7,
panel_322, 2, 2, 1, 1, 16, 4,     0, 1, 2,     4, 5, 3,     3, 2, 1, 0,     4, 5, 6, 7,
panel_323, 2, 2, 1, 1, 16, 4,     0, 1, 2,     4, 5, 3,     3, 2, 1, 0,     4, 5, 6, 7,
panel_324, 2, 2, 1, 1, 16, 4,     0, 1, 2,     4, 5, 3,     3, 2, 1, 0,     4, 5, 6, 7,
panel_325, 2, 2, 1, 1, 16, 4,     0, 1, 2,     4, 5, 3,     3, 2, 1, 0,     4, 5, 6, 7,
panel_326, 2, 2, 1, 1, 16, 4,     0, 1, 2,     4, 5, 3,     3, 2, 1, 0,     4, 5, 6, 7,
panel_327, 2, 2, 1, 1, 16, 4,     0, 1, 2,     4, 5, 3,     3, 2, 1, 0,     4, 5, 6, 7,
panel_328, 2, 2, 1, 1, 16, 4,     0, 1, 2,     4, 5, 3,     3, 2, 1, 0,     4, 5, 6, 7,
panel_329, 2, 2, 1, 1, 16, 4,     0, 1, 2,     4, 5, 3,     3, 2, 1, 0,     4, 5, 6, 7,
panel_330, 2, 2, 1, 1, 16, 4,     0, 1, 2,     4, 5, 3,     3, 2, 1, 0,     4, 5, 6, 7,
panel_331, 2, 2, 1, 1, 16, 4,     0, 1, 2,     4, 5, 3,     3, 2, 1, 0,     4, 5, 6, 7,
panel_332, 2, 2, 1, 1, 16, 4,     0, 1, 2,     4, 5, 3,     3, 2, 1, 0,     4, 5, 6, 7,
panel_333, 2, 2, 1, 1, 16, 4,     0, 1, 2,     4, 5, 3,     3, 2, 1, 0,     4, 5, 6, 7,
panel_334, 2, 2, 1, 1, 16, 4,     0, 1, 2,     4, 5, 3,     3, 2, 1, 0,     4, 5, 6, 7,
panel_335, 2, 2, 1, 1, 16, 4,     0, 1, 2,     4, 5, 3,     3, 2, 1, 0,     4, 5, 6, 7,
panel_336, 2, 2, 1, 1, 16, 4,     0, 1, 2,     4, 5, 3,     3, 2, 1, 0,     4, 5, 6, 7,
panel_337, 2, 2, 1, 1, 16, 4,     0, 1, 2,     4, 5, 3,     3, 2, 1, 0,     4, 5, 6, 7,
panel_338, 2, 2, 1, 1, 16, 4,     0, 1, 2,     4, 5, 3,     3, 2, 1, 0,     4, 5, 6, 7,
panel_339, 2, 2, 1, 1, 16, 4,     0, 1, 2,     4, 5, 3,     3, 2, 1, 0,     4, 5, 6, 7,
panel_340, 2, 2, 1, 1, 16, 4,     0, 1, 2,     4, 5, 3,     3, 2, 1, 0,     4, 5, 6, 7,
panel_341, 2, 2, 1, 1, 16, 4,     0, 1, 2,     4, 5, 3,     3, 2, 1, 0,     4, 5, 6, 7,
panel_342, 2, 2, 1, 1, 16, 4,     0, 1, 2,     4, 5, 3,     3, 2, 1, 0,     4, 5, 6, 7,
panel_343, 2, 2, 1, 1, 16, 4,     0, 1, 2,     4, 5, 3,     3, 2, 1, 0,     4, 5, 6, 7,
panel_344, 2, 2, 1, 1, 16, 4,     0, 1, 2,     4, 5, 3,     3, 2, 1, 0,     4, 5, 6, 7,
panel_345, 2, 2, 1, 1, 16, 4,     0, 1, 2,     4, 5, 3,     3, 2, 1, 0,     4, 5, 6, 7,
panel_346, 2, 2, 1, 1, 16, 4,     0, 1, 2,     4, 5, 3,     3, 2, 1, 0,     4, 5, 6, 7,
panel_347, 2, 2, 1, 1, 16, 4,     0, 1, 2,     4, 5, 3,     3, 2, 1, 0,     4, 5, 6, 7,
panel_348, 2, 2, 1, 1, 16, 4,     0, 1, 2,     4, 5, 3,     3, 2, 1, 0,     4, 5, 6, 7,
panel_349, 2, 2, 1, 1, 16, 4,     0, 1, 2,     4, 5, 3,     3, 2, 1, 0,     4, 5, 6, 7,
panel_350, 2, 2, 1, 1, 16, 4,     0, 1, 2,     4, 5, 3,     3, 2, 1, 0,     4, 5, 6, 7,
panel_351, 2, 2, 1, 1, 16, 4,     0, 1, 2,     4, 5, 3,     3, 2, 1, 0,     4, 5, 6, 7,
panel_352, 2, 2, 1, 1, 16, 4,     0, 1, 2,     4, 5, 3,     3, 2, 1, 0,     4, 5, 6, 7,
panel_353, 2, 2, 1, 1, 16, 4,     0, 1, 2,     4, 5, 3,     3, 2, 1, 0,     4, 5, 6, 7,
panel_354, 2, 2, 1, 1, 16, 4,     0, 1, 2,     4, 5, 3,     3, 2, 1, 0,     4, 5, 6, 7,
panel_355, 2, 2, 1, 1, 16, 4,     0, 1, 2,     4, 5, 3,     3, 2, 1, 0,     4, 5, 6, 7,
panel_356, 2, 2, 1, 1, 16, 4,     0, 1, 2,     4, 5, 3,     3, 2, 1, 0,     4, 5, 6, 7,
panel_357, 2, 2, 1, 1, 16, 4,     0, 1, 2,     4, 5, 3,     3, 2, 1, 0,     4, 5, 6, 7,
panel_358, 2, 2, 1, 1, 16, 4,     0, 1, 2,     4, 5, 3,     3, 2, 1, 0,     4, 5, 6, 7,
panel_359, 2, 2, 1, 1, 16, 4,     0, 1, 2,     4, 5, 3,     3, 2, 1, 0,     4, 5, 6, 7,
panel_360, 2, 2, 1, 1, 16, 4,     0, 1, 2,     4, 5, 3,     3, 2, 1, 0,     4, 5, 6, 7,
panel_361, 2, 2, 1, 1, 16, 4,     0, 1, 2,     4, 5, 3,     3, 2, 1, 0,     4, 5, 6, 7,
panel_362, 2, 2, 1, 1, 16, 4,     0, 1, 2,     4, 5, 3,     3, 2, 1, 0,     4, 5, 6, 7,
panel_363, 2, 2, 1, 1, 16, 4,     0, 1, 2,     4, 5, 3,     3, 2, 1, 0,     4, 5, 6, 7,
panel_364, 2, 2, 1, 1, 16, 4,     0, 1, 2,     4, 5, 3,     3, 2, 1, 0,     4, 5, 6, 7,
panel_365, 2, 2, 1, 1, 16, 4,     0, 1, 2,     4, 5, 3,     3, 2, 1, 0,     4, 5, 6, 7,
panel_366, 2, 2, 1, 1, 16, 4,     0, 1, 2,     4, 5, 3,     3, 2, 1, 0,     4, 5, 6, 7,
panel_367, 2, 2, 1, 1, 16, 4,     0, 1, 2,     4, 5, 3,     3, 2, 1, 0,     4, 5, 6, 7,
panel_368, 2, 2, 1, 1, 16, 4,     0, 1, 2,     4, 5, 3,     3, 2, 1, 0,     4, 5, 6, 7,
panel_369, 2, 2, 1, 1, 16, 4,     0, 1, 2,     4, 5, 3,     3, 2, 1, 0,     4, 5, 6, 7,
panel_370, 2, 2, 1, 1, 16, 4,     0, 1, 2,     4, 5, 3,     3, 2, 1, 0,     4, 5, 6, 7,
panel_371, 2, 2, 1, 1, 16, 4,     0, 1, 2,     4, 5, 3,     3, 2, 1, 0,     4, 5, 6, 7,
panel_372, 2, 2, 1, 1, 16, 4,     0, 1, 2,     4, 5, 3,     3, 2, 1, 0,     4, 5, 6, 7,
panel_373, 2, 2, 1, 1, 16, 4,     0, 1, 2,     4, 5, 3,     3, 2, 1, 0,     4, 5, 6, 7,
panel_374, 2, 2, 1, 1, 16, 4,     0, 1, 2,     4, 5, 3,     3, 2, 1, 0,     4, 5, 6, 7,
panel_375, 2, 2, 1, 1, 16, 4,     0, 1, 2,     4, 5, 3,     3, 2, 1, 0,     4, 5, 6, 7,
panel_376, 2, 2, 1, 1, 16, 4,     0, 1, 2,     4, 5, 3,     3, 2, 1, 0,     4, 5, 6, 7,
panel_377, 2, 2, 1, 1, 16, 4,     0, 1, 2,     4, 5, 3,     3, 2, 1, 0,     4, 5, 6, 7,
panel_378, 2, 2, 1, 1, 16, 4,     0, 1, 2,     4, 5, 3,     3, 2, 1, 0,     4, 5, 6, 7,
panel_379, 2, 2, 1, 1, 16, 4,     0, 1, 2,     4, 5, 3,     3, 2, 1, 0,     4, 5, 6, 7,
panel_380, 2, 2, 1, 1, 16, 4,     0, 1, 2,     4, 5, 3,     3, 2, 1, 0,     4, 5, 6, 7,
panel_381, 2, 2, 1, 1, 16, 4,     0, 1, 2,     4, 5, 3,     3, 2, 1, 0,     4, 5, 6, 7,
panel_382, 2, 2, 1, 1, 16, 4,     0, 1, 2,     4, 5, 3,     3, 2, 1, 0,     4, 5, 6, 7,
panel_383, 2, 2, 1, 1, 16, 4,     0, 1, 2,     4, 5, 3,     3, 2, 1, 0,     4, 5, 6, 7,
panel_384, 2, 2, 1, 1, 16, 4,     0, 1, 2,     4, 5, 3,     3, 2, 1, 0,     4, 5, 6, 7,
panel_385, 2, 2, 1, 1, 16, 4,     0, 1, 2,     4, 5, 3,     3, 2, 1, 0,     4, 5, 6, 7,
panel_386, 2, 2, 1, 1, 16, 4,     0, 1, 2,     4, 5, 3,     3, 2, 1, 0,     4, 5, 6, 7,
panel_387, 2, 2, 1, 1, 16, 4,     0, 1, 2,     4, 5, 3,     3, 2, 1, 0,     4, 5, 6, 7,
panel_388, 2, 2, 1, 1, 16, 4,     0, 1, 2,     4, 5, 3,     3, 2, 1, 0,     4, 5, 6, 7,
panel_389, 2, 2, 1, 1, 16, 4,     0, 1, 2,     4, 5, 3,     3, 2, 1, 0,     4, 5, 6, 7,
panel_390, 2, 2, 1, 1, 16, 4,     0, 1, 2,     4, 5, 3,     3, 2, 1, 0,     4, 5, 6, 7,
panel_391, 2, 2, 1, 1, 16, 4,     0, 1, 2,     4, 5, 3,     3, 2, 1, 0,     4, 5, 6, 7,
panel_392, 2, 2, 1, 1, 16, 4,     0, 1, 2,     4, 5, 3,     3, 2, 1, 0,     4, 5, 6, 7,
panel_393, 2, 2, 1, 1, 16, 4,     0, 1, 2,     4, 5, 3,     3, 2, 1, 0,     4, 5, 6, 7,
panel_394, 2, 2, 1, 1, 16, 4,     0, 1, 2,     4, 5, 3,     3, 2, 1, 0,     4, 5, 6, 7,
panel_395, 2, 2, 1, 1, 16, 4,     0, 1, 2,     4, 5, 3,     3, 2, 1, 0,     4, 5, 6, 7,
panel_396, 2, 2, 1, 1, 16, 4,     0, 1, 2,     4, 5, 3,     3, 2, 1, 0,     4, 5, 6, 7,
panel_397, 2, 2, 1, 1, 16, 4,     0, 1, 2,     4, 5, 3,     3, 2, 1, 0,     4, 5, 6, 7,
panel_398, 2, 2, 1, 1, 16, 4,     0, 1, 2,     4, 5, 3,     3, 2, 1, 0,     4, 5, 6, 7,
panel_399, 2, 2, 1, 1, 16, 4,     0, 1, 2,     4, 5, 3,     3, 2, 1, 0,     4, 5, 6, 7,
panel_400, 2, 2, 1, 1, 16, 4,     0, 1, 2,     4, 5, 3,     3, 2, 1, 0,     4, 5, 6, 7,
panel_401, 2, 2, 1, 1, 16, 4,     0, 1, 2,     4, 5, 3,     3, 2, 1, 0,     4, 5, 6, 7,
panel_402, 2, 2, 1, 1, 16, 4,     0, 1, 2,     4, 5, 3,     3, 2, 1, 0,     4, 5, 6, 7,
panel_403, 2, 2, 1, 1, 16, 4,     0, 1, 2,     4, 5, 3,     3, 2, 1, 0,     4, 5, 6, 7,
panel_404, 2, 2, 1, 1, 16, 4,     0, 1, 2,     4, 5, 3,     3, 2, 1, 0,     4, 5, 6, 7,
panel_405, 2, 2, 1, 1, 16, 4,     0, 1, 2,     4, 5, 3,     3, 2, 1, 0,     4, 5, 6, 7,
panel_406, 2, 2, 1, 1, 16, 4,     0, 1, 2,     4, 5, 3,     3, 2, 1, 0,     4, 5, 6, 7,
panel_407, 2, 2, 1, 1, 16, 4,     0, 1, 2,     4, 5, 3,     3, 2, 1, 0,     4, 5, 6, 7,
panel_408, 2, 2, 1, 1, 16, 4,     0, 1, 2,     4, 5, 3,     3, 2, 1, 0,     4, 5, 6, 7,
panel_409, 2, 2, 1, 1, 16, 4,     0, 1, 2,     4, 5, 3,     3, 2, 1, 0,     4, 5, 6, 7,
panel_410, 2, 2, 1, 1, 16, 4,     0, 1, 2,     4, 5, 3,     3, 2, 1, 0,     4, 5, 6, 7,
panel_411, 2, 2, 1, 1, 16, 4,     0, 1, 2,     4, 5, 3,     3, 2, 1, 0,     4, 5, 6, 7,
panel_412, 2, 2, 1, 1, 16, 4,     0, 1, 2,     4, 5, 3,     3, 2, 1, 0,     4, 5, 6, 7,
panel_413, 2, 2, 1, 1, 16, 4,     0, 1, 2,     4, 5, 3,     3, 2, 1, 0,     4, 5, 6, 7,
panel_414, 2, 2, 1, 1, 16, 4,     0, 1, 2,     4, 5, 3,     3, 2, 1, 0,     4, 5, 6, 7,
panel_415, 2, 2, 1, 1, 16, 4,     0, 1, 2,     4, 5, 3,     3, 2, 1, 0,     4, 5, 6, 7,
panel_416, 2, 2, 1, 1, 16, 4,     0, 1, 2,     4, 5, 3,     3, 2, 1, 0,     4, 5, 6, 7,
panel_417, 2, 2, 1, 1, 16, 4,     0, 1, 2,     4, 5, 3,     3, 2, 1, 0,     4, 5, 6, 7,
panel_418, 2, 2, 1, 1, 16, 4,     0, 1, 2,     4, 5, 3,     3, 2, 1, 0,     4, 5, 6, 7,
panel_419, 2, 2, 1, 1, 16, 4,     0, 1, 2,     4, 5, 3,     3, 2, 1, 0,     4, 5, 6, 7,
panel_420, 2, 2, 1, 1, 16, 4,     0, 1, 2,     4, 5, 3,     3, 2, 1, 0,     4, 5, 6, 7,
panel_421, 2, 2, 1, 1, 16, 4,     0, 1, 2,     4, 5, 3,     3, 2, 1, 0,     4, 5, 6, 7,
panel_422, 2, 2, 1, 1, 16, 4,     0, 1, 2,     4, 5, 3,     3, 2, 1, 0,     4, 5, 6, 7,
panel_423, 2, 2, 1, 1, 16, 4,     0, 1, 2,     4, 5, 3,     3, 2, 1, 0,     4, 5, 6, 7,
panel_424, 2, 2, 1, 1, 16, 4,     0, 1, 2,     4, 5, 3,     3, 2, 1, 0,     4, 5, 6, 7,
panel_425, 2, 2, 1, 1, 16, 4,     0, 1, 2,     4, 5, 3,     3, 2, 1, 0,     4, 5, 6, 7,
panel_426, 2, 2, 1, 1, 16, 4,     0, 1, 2,     4, 5, 3,     3, 2, 1, 0,     4, 5, 6, 7,
panel_427, 2, 2, 1, 1, 16, 4,     0, 1, 2,     4, 5, 3,     3, 2, 1, 0,     4, 5, 6, 7,
panel_428, 2, 2, 1, 1, 16, 4,     0, 1, 2,     4, 5, 3,     3, 2, 1, 0,     4, 5, 6, 7,
panel_429, 2, 2, 1, 1, 16, 4,     0, 1, 2,     4, 5, 3,     3, 2, 1, 0,     4, 5, 6, 7,
panel_430, 2, 2, 1, 1, 16, 4,     0, 1, 2,     4, 5, 3,     3, 2, 1, 0,     4, 5, 6, 7,
panel_431, 2, 2, 1, 1, 16, 4,     0, 1, 2,     4, 5, 3,     3, 2, 1, 0,     4, 5, 6, 7,
panel_432, 2, 2, 1, 1, 16, 4,     0, 1, 2,     4, 5, 3,     3, 2, 1, 0,     4, 5, 6, 7,
panel_433, 2, 2, 1, 1, 16, 4,     0, 1, 2,     4, 5, 3,     3, 2, 1, 0,     4, 5, 6, 7,
panel_434, 2, 2, 1, 1, 16, 4,     0, 1, 2,     4, 5, 3,     3, 2, 1, 0,     4, 5, 6, 7,
panel_435, 2, 2, 1, 1, 16, 4,     0, 1, 2,     4, 5, 3,     3, 2, 1, 0,     4, 5, 6, 7,
panel_436, 2, 2, 1, 1, 16, 4,     0, 1, 2,     4, 5, 3,     3, 2, 1, 0,     4, 5, 6, 7,
panel_437, 2, 2, 1, 1, 16, 4,     0, 1, 2,     4, 5, 3,     3, 2, 1, 0,     4, 5, 6, 7,
panel_438, 2, 2, 1, 1, 16, 4,     0, 1, 2,     4, 5, 3,     3, 2, 1, 0,     4, 5, 6, 7,
panel_439, 2, 2, 1, 1, 16, 4,     0, 1, 2,     4, 5, 3,     3, 2, 1, 0,     4, 5, 6, 7,
panel_440, 2, 2, 1, 1, 16, 4,     0, 1, 2,     4, 5, 3,     3, 2, 1, 0,     4, 5, 6, 7,
panel_441, 2, 2, 1, 1, 16, 4,     0, 1, 2,     4, 5, 3,     3, 2, 1, 0,     4, 5, 6, 7,
panel_442, 2, 2, 1, 1, 16, 4,     0, 1, 2,     4, 5, 3,     3, 2, 1, 0,     4, 5, 6, 7,
panel_443, 2, 2, 1, 1, 16, 4,     0, 1, 2,     4, 5, 3,     3, 2, 1, 0,     4, 5, 6, 7,
panel_444, 2, 2, 1, 1, 16, 4,     0, 1, 2,     4, 5, 3,     3, 2, 1, 0,     4, 5, 6, 7,
panel_445, 2, 2, 1, 1, 16, 4,     0, 1, 2,     4, 5, 3,     3, 2, 1, 0,     4, 5, 6, 7,
panel_446, 2, 2, 1, 1, 16, 4,     0, 1, 2,     4, 5, 3,     3, 2, 1, 0,     4, 5, 6, 7,
panel_447, 2, 2, 1, 1, 16, 4,     0, 1, 2,     4, 5, 3,     3, 2, 1, 0,     4, 5, 6, 7,
panel_448, 2, 2, 1, 1, 16, 4,     0, 1, 2,     4, 5, 3,     3, 2, 1, 0,     4, 5, 6, 7,
panel_449, 2, 2, 1, 1, 16, 4,     0, 1, 2,     4, 5, 3,     3, 2, 1, 0,     4, 5, 6, 7,
panel_450, 2, 2, 1, 1, 16, 4,     0, 1, 2,     4, 5, 3,     3, 2, 1, 0,     4, 5, 6, 7,
panel_451, 2, 2, 1, 1, 16, 4,     0, 1, 2,     4, 5, 3,     3, 2, 1, 0,     4, 5, 6, 7,
panel_452, 2, 2, 1, 1, 16, 4,     0, 1, 2,     4, 5, 3,     3, 2, 1, 0,     4, 5, 6, 7,
panel_453, 2, 2, 1, 1, 16, 4,     0, 1, 2,     4, 5, 3,     3, 2, 1, 0,     4, 5, 6, 7,
panel_454, 2, 2, 1, 1, 16, 4,     0, 1, 2,     4, 5, 3,     3, 2, 1, 0,     4, 5, 6, 7,
panel_455, 2, 2, 1, 1, 16, 4,     0, 1, 2,     4, 5, 3,     3, 2, 1, 0,     4, 5, 6, 7,
panel_456, 2, 2, 1, 1, 16, 4,     0, 1, 2,     4, 5, 3,     3, 2, 1, 0,     4, 5, 6, 7,
panel_457, 2, 2, 1, 1, 16, 4,     0, 1, 2,     4, 5, 3,     3, 2, 1, 0,     4, 5, 6, 7,
panel_458, 2, 2, 1, 1, 16, 4,     0, 1, 2,     4, 5, 3,     3, 2, 1, 0,     4, 5, 6, 7,
panel_459, 2, 2, 1, 1, 16, 4,     0, 1, 2,     4, 5, 3,     3, 2, 1, 0,     4, 5, 6, 7,
panel_460, 2, 2, 1, 1, 16, 4,     0, 1, 2,     4, 5, 3,     3, 2, 1, 0,     4, 5, 6, 7,
panel_461, 2, 2, 1, 1, 16, 4,     0, 1, 2,     4, 5, 3,     3, 2, 1, 0,     4, 5, 6, 7,
panel_462, 2, 2, 1, 1, 16, 4,     0, 1, 2,     4, 5, 3,     3, 2, 1, 0,     4, 5, 6, 7,
panel_463, 2, 2, 1, 1, 16, 4,     0, 1, 2,     4, 5, 3,     3, 2, 1, 0,     4, 5, 6, 7,
panel_464, 2, 2, 1, 1, 16, 4,     0, 1, 2,     4, 5, 3,     3, 2, 1, 0,     4, 5, 6, 7,
panel_465, 2, 2, 1, 1, 16, 4,     0, 1, 2,     4, 5, 3,     3, 2, 1, 0,     4, 5, 6, 7,
panel_466, 2, 2, 1, 1, 16, 4,     0, 1, 2,     4, 5, 3,     3, 2, 1, 0,     4, 5, 6, 7,
panel_467, 2, 2, 1, 1, 16, 4,     0, 1, 2,     4, 5, 3,     3, 2, 1, 0,     4, 5, 6, 7,
panel_468, 2, 2, 1, 1, 16, 4,     0, 1, 2,     4, 5, 3,     3, 2, 1, 0,     4, 5, 6, 7,
panel_469, 2, 2, 1, 1, 16, 4,     0, 1, 2,     4, 5, 3,     3, 2, 1, 0,     4, 5, 6, 7,
panel_470, 2, 2, 1, 1, 16, 4,     0, 1, 2,     4, 5, 3,     3, 2, 1, 0,     4, 5, 6, 7,
panel_471, 2, 2, 1, 1, 16, 4,     0, 1, 2,     4, 5, 3,     3, 2, 1, 0,     4, 5, 6, 7,
panel_472, 2, 2, 1, 1, 16, 4,     0, 1, 2,     4, 5, 3,     3, 2, 1, 0,     4, 5, 6, 7,
panel_473, 2, 2, 1, 1, 16, 4,     0, 1, 2,     4, 5, 3,     3, 2, 1, 0,     4, 5, 6, 7,
panel_474, 2, 2, 1, 1, 16, 4,     0, 1, 2,     4, 5, 3,     3, 2, 1, 0,     4, 5, 6, 7,
panel_475, 2, 2, 1, 1, 16, 4,     0, 1, 2,     4, 5, 3,     3, 2, 1, 0,     4, 5, 6, 7,
panel_476, 2, 2, 1, 1, 16, 4,     0, 1, 2,     4, 5, 3,     3, 2, 1, 0,     4, 5, 6, 7,
panel_477, 2, 2, 1, 1, 16, 4,     0, 1, 2,     4, 5, 3,     3, 2, 1, 0,     4, 5, 6, 7,
panel_478, 2, 2, 1, 1, 16, 4,     0, 1, 2,     4, 5, 3,     3, 2, 1, 0,     4, 5, 6, 7,
panel_479, 2, 2, 1, 1, 16, 4,     0, 1, 2,     4, 5, 3,     3, 2, 1, 0,     4, 5, 6, 7,
panel_480, 2, 2, 1, 1, 16, 4,     0, 1, 2,     4, 5, 3,     3, 2, 1, 0,     4, 5, 6, 7,
panel_481, 2, 2, 1, 1, 16, 4,     0, 1, 2,     4, 5, 3,     3, 2, 1, 0,     4, 5, 6, 7,
panel_482, 2, 2, 1, 1, 16, 4,     0, 1, 2,     4, 5, 3,     3, 2, 1, 0,     4, 5, 6, 7,
panel_483, 2, 2, 1, 1, 16, 4,     0, 1, 2,     4, 5, 3,     3, 2, 1, 0,     4, 5, 6, 7,
panel_484, 2, 2, 1, 1, 16, 4,     0, 1, 2,     4, 5, 3,     3, 2, 1, 0,     4, 5, 6, 7,
panel_485, 2, 2, 1, 1, 16, 4,     0, 1, 2,     4, 5, 3,     3, 2, 1, 0,     4, 5, 6, 7,
panel_486, 2, 2, 1, 1, 16, 4,     0, 1, 2,     4, 5, 3,     3, 2, 1, 0,     4, 5, 6, 7,
panel_487, 2, 2, 1, 1, 16, 4,     0, 1, 2,     4, 5, 3,     3, 2, 1, 0,     4, 5, 6, 7,
panel_488, 2, 2, 1, 1, 16, 4,     0, 1, 2,     4, 5, 3,     3, 2, 1, 0,     4, 5, 6, 7,
panel_489, 2, 2, 1, 1, 16, 4,     0, 1, 2,     4, 5, 3,     3, 2, 1, 0,     4, 5, 6, 7,
panel_490, 2, 2, 1, 1, 16, 4,     0, 1, 2,     4, 5, 3,     3, 2, 1, 0,     4, 5, 6, 7,
panel_491, 2, 2, 1, 1, 16, 4,     0, 1, 2,     4, 5, 3,     3, 2, 1, 0,     4, 5, 6, 7,
panel_492, 2, 2, 1, 1, 16, 4,     0, 1, 2,     4, 5, 3,     3, 2, 1, 0,     4, 5, 6, 7,
panel_493, 2, 2, 1, 1, 16, 4,     0, 1, 2,     4, 5, 3,     3, 2, 1, 0,     4, 5, 6, 7,
panel_494, 2, 2, 1, 1, 16, 4,     0, 1, 2,     4, 5, 3,     3, 2, 1, 0,     4, 5, 6, 7,
panel_495, 2, 2, 1, 1, 16, 4,     0, 1, 2,     4, 5, 3,     3, 2, 1, 0,     4, 5, 6, 7,
panel_496, 2, 2, 1, 1, 16, 4,     0, 1, 2,     4, 5, 3,     3, 2, 1, 0,     4, 5, 6, 7,
panel_497, 2, 2, 1, 1, 16, 4,     0, 1, 2,     4, 5, 3,     3, 2, 1, 0,     4, 5, 6, 7,
panel_498, 2, 2, 1, 1, 16, 4,     0, 1, 2,     4, 5, 3,     3, 2, 1, 0,     4, 5, 6, 7,
panel_499, 2, 2, 1, 1, 16, 4,     0, 1, 2,     4, 5, 3,     3, 2, 1, 0,     4, 5, 6, 7,
panel_500, 2, 2, 1, 1, 16, 4,     0, 1, 2,     4, 5, 3,     3, 2, 1, 0,     4, 5, 6, 7,
panel_501, 2, 2, 1, 1, 16, 4,     0, 1, 2,     4, 5, 3,     3, 2, 1, 0,     4, 5, 6, 7,
panel_502, 2, 2, 1, 1, 16, 4,     0, 1, 2,     4, 5, 3,     3, 2, 1, 0,     4, 5, 6, 7,
panel_503, 2, 2, 1, 1, 16, 4,     0, 1, 2,     4, 5, 3,     3, 2, 1, 0,     4, 5, 6, 7,
panel_504, 2, 2, 1, 1, 16, 4,     0, 1, 2,     4, 5, 3,     3, 2, 1, 0,     4, 5, 6, 7,
panel_505, 2, 2, 1, 1, 16, 4,     0, 1, 2,     4, 5, 3,     3, 2, 1, 0,     4, 5, 6, 7,
panel_506, 2, 2, 1, 1, 16, 4,     0, 1, 2,     4, 5, 3,     3, 2, 1, 0,     4, 5, 6, 7,
